UNITID,ADMCON1,ADMCON2,ADMCON3,ADMCON4,ADMCON5,ADMCON6,ADMCON7,ADMCON8,ADMCON9,ADMCON10,ADMCON11,ADMCON12,XAPPLCN,APPLCN,XAPPLCNM,APPLCNM,XAPPLCNW,APPLCNW,XAPPLCNAN,APPLCNAN,XAPPLCNUN,APPLCNUN,XADMSSN,ADMSSN,XADMSSNM,ADMSSNM,XADMSSNW,ADMSSNW,XADMSSNAN,ADMSSNAN,XADMSSNUN,ADMSSNUN,XENRLT,ENRLT,XENRLM,ENRLM,XENRLW,ENRLW,XENRLAN,ENRLAN,XENRLUN,ENRLUN,XENRLFT,ENRLFT,XENRLFTM,ENRLFTM,XENRLFTW,ENRLFTW,XENRLFTAN,ENRLFTAN,XENRLFTUN,ENRLFTUN,XENRLPT,ENRLPT,XENRLPTM,ENRLPTM,XENRLPTW,ENRLPTW,XENRLPTAN,ENRLPTAN,XENRLPTUN,ENRLPTUN,XSATNUM,SATNUM,XSATPCT,SATPCT,XACTNUM,ACTNUM,XACTPCT,ACTPCT,XSATVR25,SATVR25,XSATVR50,SATVR50,XSATVR75,SATVR75,XSATMT25,SATMT25,XSATMT50,SATMT50,XSATMT75,SATMT75,XACTCM25,ACTCM25,XACTCM50,ACTCM50,XACTCM75,ACTCM75,XACTEN25,ACTEN25,XACTEN50,ACTEN50,XACTEN75,ACTEN75,XACTMT25,ACTMT25,XACTMT50,ACTMT50,XACTMT75,ACTMT75   
100654,1,3,1,3,3,3,5,1,3,3,3,3,R,15628,R,5247,R,10381,A,,R,0.0,R,10349.0,R,3409.0,R,6940.0,A,,R,0.0,R,1956.0,R,799.0,R,1157.0,A,,R,0.0,R,1944.0,R,793.0,R,1151.0,A,,R,0.0,R,12.0,R,6.0,R,6.0,A,,R,0.0,R,462.0,R,24.0,R,1312.0,R,67.0,R,420.0,R,480.0,R,540.0,R,390.0,R,460.0,R,520.0,R,14.0,R,17.0,R,19.0,R,13.0,R,15.0,R,20.0,R,14.0,R,16.0,R,17.0
100663,1,3,1,1,3,3,5,3,3,3,3,3,R,10919,R,3973,R,6918,A,,R,28.0,R,9655.0,R,3329.0,R,6301.0,A,,R,25.0,R,2095.0,R,694.0,R,1398.0,A,,R,3.0,R,2057.0,R,679.0,R,1375.0,A,,R,3.0,R,38.0,R,15.0,R,23.0,A,,R,0.0,R,112.0,R,5.0,R,1021.0,R,49.0,R,570.0,R,640.0,R,700.0,R,560.0,R,620.0,R,700.0,R,22.0,R,26.0,R,30.0,R,22.0,R,26.0,R,33.0,R,20.0,R,24.0,R,27.0
100706,1,3,1,3,3,3,5,1,3,3,3,3,R,6074,R,2984,R,3090,S,,S,,R,4510.0,R,2374.0,R,2136.0,S,,S,,R,1176.0,R,771.0,R,405.0,S,,S,,R,1162.0,R,764.0,R,398.0,S,,S,,R,14.0,R,7.0,R,7.0,S,,S,,R,68.0,R,6.0,R,686.0,R,58.0,R,595.0,R,650.0,R,700.0,R,600.0,R,680.0,R,740.0,R,25.0,R,28.0,R,31.0,R,24.0,R,28.0,R,33.0,R,24.0,R,27.0,R,29.0
100724,1,3,1,3,3,3,5,1,3,1,1,5,R,5346,R,1810,R,3490,S,,S,,R,5113.0,R,1707.0,R,3362.0,S,,S,,R,951.0,R,353.0,R,589.0,S,,S,,R,909.0,R,341.0,R,560.0,S,,S,,R,42.0,R,12.0,R,29.0,S,,S,,R,88.0,R,9.0,R,312.0,R,33.0,R,444.0,R,489.0,R,538.0,R,421.0,R,477.0,R,531.0,R,16.0,R,18.0,R,20.0,R,15.0,R,18.0,R,21.0,R,15.0,R,17.0,R,19.0
100751,1,5,1,1,3,3,5,1,3,5,5,3,R,58418,R,23331,R,35087,A,,R,0.0,R,44295.0,R,17444.0,R,26851.0,A,,R,0.0,R,8279.0,R,3520.0,R,4759.0,A,,R,0.0,R,8215.0,R,3483.0,R,4732.0,A,,R,0.0,R,64.0,R,37.0,R,27.0,A,,R,0.0,R,1468.0,R,18.0,R,3756.0,R,45.0,R,590.0,R,640.0,R,700.0,R,580.0,R,640.0,R,700.0,R,24.0,R,27.0,R,31.0,R,23.0,R,27.0,R,33.0,R,22.0,R,26.0,R,29.0
100830,1,5,1,3,3,3,5,1,3,3,3,3,R,2213,R,711,R,1501,S,,S,,R,2050.0,R,662.0,R,1387.0,S,,S,,R,413.0,R,163.0,R,250.0,S,,S,,R,408.0,R,162.0,R,246.0,S,,S,,R,5.0,R,1.0,R,4.0,S,,S,,R,11.0,R,3.0,R,237.0,R,57.0,R,500.0,R,540.0,R,595.0,R,500.0,R,560.0,R,615.0,R,18.0,R,21.0,R,24.0,R,18.0,R,21.0,R,25.0,R,16.0,R,18.0,R,23.0
100858,1,5,1,1,5,3,5,1,3,3,3,3,R,48178,R,19626,R,28552,A,,R,0.0,R,24314.0,R,10290.0,R,14024.0,A,,R,0.0,R,5935.0,R,2849.0,R,3086.0,A,,R,0.0,R,5916.0,R,2840.0,R,3076.0,A,,R,0.0,R,19.0,R,9.0,R,10.0,A,,R,0.0,R,1024.0,R,17.0,R,4211.0,R,71.0,R,630.0,R,660.0,R,690.0,R,610.0,R,650.0,R,690.0,R,25.0,R,28.0,R,31.0,R,25.0,R,28.0,R,33.0,R,24.0,R,26.0,R,29.0
100937,1,5,5,5,5,5,5,5,3,5,5,5,R,3987,R,1840,R,2147,S,,S,,R,2071.0,R,939.0,R,1132.0,S,,S,,R,148.0,R,90.0,R,58.0,S,,S,,R,148.0,R,90.0,R,58.0,S,,S,,A,,A,,A,,S,,S,,R,13.0,R,9.0,R,60.0,R,41.0,R,580.0,R,610.0,R,670.0,R,570.0,R,620.0,R,670.0,R,21.0,R,24.0,R,27.0,R,19.0,R,24.0,R,28.0,R,19.0,R,23.0,R,26.0
101189,1,3,1,3,3,3,5,1,3,3,3,3,R,1786,R,913,R,873,A,,R,0.0,R,1181.0,R,616.0,R,565.0,A,,R,0.0,R,240.0,R,151.0,R,89.0,A,,R,0.0,R,225.0,R,147.0,R,78.0,A,,R,0.0,R,15.0,R,4.0,R,11.0,A,,R,0.0,R,28.0,R,12.0,R,176.0,R,73.0,R,463.0,R,510.0,R,585.0,R,423.0,R,480.0,R,550.0,R,17.0,R,19.0,R,23.0,R,16.0,R,19.0,R,23.0,R,16.0,R,17.0,R,21.0
101365,1,3,1,3,3,3,3,1,1,3,3,3,R,127,R,14,R,113,R,0.0,R,0.0,R,120.0,R,13.0,R,107.0,A,,R,0.0,R,83.0,R,9.0,R,74.0,A,,R,0.0,R,19.0,R,1.0,R,18.0,A,,R,0.0,R,64.0,R,8.0,R,56.0,A,,R,0.0,A,,A,,A,,A,,A,,A,,A,,A,,A,,A,,A,,A,,A,,A,,A,,A,,A,,A,,A,
101435,1,5,1,5,5,5,5,1,3,3,5,5,R,2581,R,1278,R,1303,A,,R,0.0,R,1828.0,R,924.0,R,904.0,A,,R,0.0,R,309.0,R,183.0,R,126.0,A,,R,0.0,R,309.0,R,183.0,R,126.0,A,,R,0.0,R,0.0,R,0.0,R,0.0,A,,R,0.0,R,10.0,R,3.0,R,99.0,R,32.0,R,498.0,R,560.0,R,613.0,R,513.0,R,570.0,R,598.0,R,20.0,R,23.0,R,25.0,R,19.0,R,22.0,R,25.0,R,17.0,R,20.0,R,24.0
101453,5,5,1,5,1,5,1,1,5,5,1,5,R,6,R,3,R,3,A,,R,0.0,R,6.0,R,3.0,R,3.0,A,,R,0.0,R,6.0,R,3.0,R,3.0,A,,R,0.0,R,5.0,R,3.0,R,2.0,A,,R,0.0,R,1.0,R,0.0,R,1.0,A,,R,0.0,R,0.0,R,0.0,R,4.0,R,67.0,A,,A,,A,,A,,A,,A,,S,,S,,S,,S,,S,,S,,S,,S,,S,
101480,1,3,1,3,3,3,5,1,3,3,3,3,R,12008,R,4376,R,7632,A,,R,0.0,R,9152.0,R,3242.0,R,5910.0,A,,R,0.0,R,1815.0,R,756.0,R,1059.0,A,,R,0.0,R,1798.0,R,752.0,R,1046.0,A,,R,0.0,R,17.0,R,4.0,R,13.0,A,,R,0.0,R,109.0,R,6.0,R,824.0,R,45.0,R,490.0,R,540.0,R,620.0,R,480.0,R,550.0,R,640.0,R,17.0,R,20.0,R,24.0,R,16.0,R,21.0,R,25.0,R,16.0,R,18.0,R,23.0
101587,1,3,1,5,3,3,5,5,3,3,3,3,R,2041,R,804,R,1237,A,,R,0.0,R,1778.0,R,643.0,R,1135.0,A,,R,0.0,R,315.0,R,126.0,R,189.0,A,,R,0.0,R,309.0,R,125.0,R,184.0,A,,R,0.0,R,6.0,R,1.0,R,5.0,A,,R,0.0,R,14.0,R,4.0,R,310.0,R,98.0,R,470.0,R,520.0,R,550.0,R,350.0,R,385.0,R,428.0,R,17.0,R,19.0,R,22.0,R,16.0,R,20.0,R,23.0,R,16.0,R,17.0,R,20.0
101648,1,3,5,5,5,3,1,3,3,3,3,3,R,605,R,421,R,184,A,,R,0.0,R,358.0,R,256.0,R,102.0,A,,R,0.0,R,173.0,R,130.0,R,43.0,A,,R,0.0,R,173.0,R,130.0,R,43.0,A,,R,0.0,A,,A,,A,,A,,A,,R,51.0,R,29.0,R,123.0,R,71.0,R,500.0,R,550.0,R,630.0,R,510.0,R,550.0,R,610.0,R,17.0,R,19.0,R,23.0,R,15.0,R,19.0,R,23.0,R,16.0,R,19.0,R,24.0
101693,1,3,5,3,3,3,5,1,3,3,3,3,R,1735,R,574,R,1141,A,,R,20.0,R,1258.0,R,412.0,R,845.0,A,,R,1.0,R,288.0,R,117.0,R,171.0,A,,R,0.0,R,288.0,R,117.0,R,171.0,A,,R,0.0,R,0.0,R,0.0,R,0.0,A,,R,0.0,R,3.0,R,1.0,R,104.0,R,36.0,S,,S,,S,,S,,S,,S,,R,21.0,R,25.0,R,27.0,R,21.0,R,25.0,R,28.0,R,19.0,R,23.0,R,26.0
101709,1,3,1,3,3,3,3,1,3,3,3,3,R,6210,R,1963,R,3787,R,90.0,R,370.0,R,3347.0,R,1066.0,R,2139.0,R,53.0,R,89.0,R,501.0,R,222.0,R,264.0,R,15.0,R,0.0,R,499.0,R,220.0,R,264.0,R,15.0,R,0.0,R,2.0,R,2.0,R,0.0,R,0.0,R,0.0,A,,A,,A,,A,,A,,A,,A,,A,,A,,A,,A,,A,,A,,A,,A,,A,,A,,A,,A,
101879,1,3,1,3,3,3,3,1,3,3,3,3,R,4398,R,1459,R,2939,R,0.0,R,0.0,R,4243.0,R,1411.0,R,2832.0,A,,R,0.0,R,1106.0,R,389.0,R,717.0,A,,R,0.0,R,1083.0,R,381.0,R,702.0,A,,R,0.0,R,23.0,R,8.0,R,15.0,A,,R,0.0,A,,A,,A,,A,,A,,A,,A,,A,,A,,A,,A,,A,,A,,A,,A,,A,,A,,A,,A,
101912,1,3,1,3,5,3,3,1,3,3,5,3,R,2370,R,952,R,1405,S,,S,,R,1197.0,R,469.0,R,726.0,S,,S,,R,290.0,R,128.0,R,162.0,S,,S,,R,286.0,R,126.0,R,160.0,S,,S,,R,4.0,R,2.0,R,2.0,S,,S,,A,,A,,A,,A,,A,,A,,A,,A,,A,,A,,A,,A,,A,,A,,A,,A,,A,,A,,A,
102049,1,5,1,5,1,5,5,1,3,5,1,3,R,4541,R,1621,R,2920,A,,R,0.0,R,3734.0,R,1297.0,R,2437.0,A,,R,0.0,R,1080.0,R,373.0,R,707.0,A,,R,0.0,R,1080.0,R,373.0,R,707.0,A,,R,0.0,R,0.0,R,0.0,R,0.0,A,,R,0.0,R,289.0,R,27.0,R,718.0,R,66.0,R,550.0,R,600.0,R,650.0,R,520.0,R,560.0,R,610.0,R,23.0,R,25.0,R,29.0,R,22.0,R,26.0,R,30.0,R,20.0,R,24.0,R,27.0
102094,1,3,1,3,3,3,5,1,3,3,3,3,R,12593,R,4631,R,7930,S,,S,,R,8247.0,R,3004.0,R,5229.0,S,,S,,R,1920.0,R,700.0,R,1220.0,S,,S,,R,1898.0,R,695.0,R,1203.0,S,,S,,R,22.0,R,5.0,R,17.0,S,,S,,R,123.0,R,6.0,R,1589.0,R,83.0,R,520.0,R,560.0,R,610.0,R,495.0,R,540.0,R,590.0,R,19.0,R,22.0,R,26.0,R,20.0,R,22.0,R,26.0,R,17.0,R,20.0,R,25.0
102234,1,3,5,5,5,3,5,1,3,3,5,3,R,2279,R,923,R,1356,S,,S,,R,1347.0,R,355.0,R,992.0,S,,S,,R,249.0,R,125.0,R,124.0,S,,S,,R,242.0,R,124.0,R,118.0,S,,S,,R,7.0,R,1.0,R,6.0,S,,S,,R,3.0,R,4.0,R,97.0,R,57.0,S,,S,,S,,S,,S,,S,,R,19.0,R,21.0,R,24.0,R,20.0,R,23.0,R,28.0,R,18.0,R,22.0,R,26.0
102270,1,3,1,3,3,3,3,1,3,3,3,3,R,2440,R,802,R,1638,A,,R,0.0,R,1811.0,R,621.0,R,1190.0,A,,R,0.0,R,200.0,R,99.0,R,101.0,A,,R,0.0,R,170.0,R,80.0,R,90.0,A,,R,0.0,R,30.0,R,19.0,R,11.0,A,,R,0.0,A,,A,,A,,A,,A,,A,,A,,A,,A,,A,,A,,A,,A,,A,,A,,A,,A,,A,,A,
102298,1,5,5,1,5,5,3,1,5,5,5,5,R,8900,R,2891,R,6009,A,,R,0.0,R,8833.0,R,2856.0,R,5977.0,A,,R,0.0,R,204.0,R,113.0,R,91.0,A,,R,0.0,R,204.0,R,113.0,R,91.0,A,,R,0.0,R,0.0,R,0.0,R,0.0,A,,R,0.0,A,,A,,A,,A,,A,,A,,A,,A,,A,,A,,A,,A,,A,,A,,A,,A,,A,,A,,A,
102368,1,3,1,5,3,3,5,1,5,3,3,3,R,7947,R,3040,R,4907,R,0.0,R,0.0,R,7360.0,R,2784.0,R,4576.0,A,,R,0.0,R,1717.0,R,688.0,R,1029.0,A,,R,0.0,R,1446.0,R,587.0,R,859.0,A,,R,0.0,R,271.0,R,101.0,R,170.0,A,,R,0.0,R,109.0,R,6.0,R,971.0,R,57.0,R,490.0,R,540.0,R,590.0,R,460.0,R,510.0,R,570.0,R,18.0,R,21.0,R,25.0,R,18.0,R,21.0,R,25.0,R,16.0,R,19.0,R,23.0
102377,1,5,1,5,5,5,5,1,3,3,5,3,R,11742,R,3874,R,7868,A,,R,0.0,R,3690.0,R,1144.0,R,2546.0,A,,R,0.0,R,859.0,R,301.0,R,558.0,A,,R,0.0,R,859.0,R,301.0,R,558.0,A,,R,0.0,A,,A,,A,,A,,A,,R,68.0,R,8.0,R,598.0,R,70.0,R,495.0,R,570.0,R,645.0,R,500.0,R,555.0,R,610.0,R,18.0,R,22.0,R,26.0,R,17.0,R,21.0,R,25.0,R,18.0,R,20.0,R,23.0
102395,1,3,1,3,3,3,3,1,3,3,3,3,R,119,R,96,R,23,A,,R,0.0,R,42.0,R,38.0,R,4.0,A,,R,0.0,R,29.0,R,28.0,R,1.0,A,,R,0.0,R,8.0,R,8.0,R,0.0,A,,R,0.0,R,21.0,R,20.0,R,1.0,A,,R,0.0,A,,A,,A,,A,,A,,A,,A,,A,,A,,A,,A,,A,,A,,A,,A,,A,,A,,A,,A,
102553,5,3,1,3,3,3,3,1,5,3,3,3,R,4277,R,1825,R,2451,A,,R,1.0,R,2845.0,R,1191.0,R,1653.0,A,,R,1.0,R,1306.0,R,572.0,R,734.0,A,,R,0.0,R,860.0,R,395.0,R,465.0,A,,R,0.0,R,446.0,R,177.0,R,269.0,A,,R,0.0,A,,A,,A,,A,,A,,A,,A,,A,,A,,A,,A,,A,,A,,A,,A,,A,,A,,A,,A,
102632,1,3,1,5,3,5,3,1,3,5,3,3,R,320,R,114,R,206,R,0.0,R,0.0,R,200.0,R,75.0,R,125.0,A,,R,0.0,R,148.0,R,55.0,R,93.0,A,,R,0.0,R,89.0,R,32.0,R,57.0,A,,R,0.0,R,59.0,R,23.0,R,36.0,A,,R,0.0,A,,A,,A,,A,,A,,A,,A,,A,,A,,A,,A,,A,,A,,A,,A,,A,,A,,A,,A,
102669,1,3,1,3,3,3,3,1,3,3,3,3,R,841,R,241,R,586,S,,S,,R,725.0,R,207.0,R,504.0,S,,S,,R,27.0,R,8.0,R,18.0,S,,S,,R,22.0,R,5.0,R,16.0,S,,S,,R,5.0,R,3.0,R,2.0,S,,S,,A,,A,,A,,A,,A,,A,,A,,A,,A,,A,,A,,A,,A,,A,,A,,A,,A,,A,,A,
104151,5,5,1,5,3,3,3,1,3,3,3,3,R,68840,R,34493,R,34346,R,0.0,R,1.0,R,62084.0,R,30814.0,R,31269.0,A,,R,1.0,R,14102.0,R,7175.0,R,6926.0,A,,R,1.0,R,13987.0,R,7122.0,R,6864.0,A,,R,1.0,R,115.0,R,53.0,R,62.0,A,,R,0.0,A,,A,,A,,A,,A,,A,,A,,A,,A,,A,,A,,A,,A,,A,,A,,A,,A,,A,,A,
104179,1,5,1,5,3,3,5,1,5,5,5,3,R,56466,R,25638,R,30826,A,,R,2.0,R,48369.0,R,21325.0,R,27042.0,A,,R,2.0,R,9158.0,R,3817.0,R,5341.0,A,,R,0.0,R,8625.0,R,3554.0,R,5071.0,A,,R,0.0,R,533.0,R,263.0,R,270.0,A,,R,0.0,R,1182.0,R,13.0,R,2018.0,R,22.0,R,580.0,R,640.0,R,700.0,R,580.0,R,640.0,R,720.0,R,21.0,R,26.0,R,30.0,R,21.0,R,25.0,R,30.0,R,21.0,R,25.0,R,28.0
104586,5,5,1,1,5,3,5,1,3,3,5,5,R,3886,R,2601,R,1260,R,0.0,R,25.0,R,2922.0,R,1982.0,R,932.0,A,,R,8.0,R,833.0,R,598.0,R,235.0,A,,R,0.0,R,825.0,R,595.0,R,230.0,A,,R,0.0,R,8.0,R,3.0,R,5.0,A,,R,0.0,R,282.0,R,34.0,R,222.0,R,27.0,R,580.0,R,630.0,R,680.0,R,580.0,R,630.0,R,680.0,R,24.0,R,26.0,R,29.0,R,22.0,R,25.0,R,29.0,R,23.0,R,26.0,R,29.0
104717,1,3,1,3,3,3,5,1,3,3,5,3,R,47978,R,17162,R,30799,A,,R,17.0,R,28960.0,R,10888.0,R,18063.0,A,,R,9.0,R,8420.0,R,3241.0,R,5179.0,A,,R,0.0,R,7079.0,R,2786.0,R,4293.0,A,,R,0.0,R,1341.0,R,455.0,R,886.0,A,,R,0.0,R,16.0,R,0.0,R,37.0,R,0.0,R,540.0,R,570.0,R,620.0,R,518.0,R,535.0,R,555.0,R,19.0,R,21.0,R,24.0,R,19.0,R,21.0,R,24.0,R,18.0,R,20.0,R,22.0
105330,1,3,1,3,3,3,3,1,3,3,3,3,R,37805,R,13388,R,24417,A,,R,0.0,R,34383.0,R,11997.0,R,22386.0,A,,R,0.0,R,5473.0,R,2041.0,R,3432.0,A,,R,0.0,R,5362.0,R,2002.0,R,3360.0,A,,R,0.0,R,111.0,R,39.0,R,72.0,A,,R,0.0,A,,A,,A,,A,,A,,A,,A,,A,,A,,A,,A,,A,,A,,A,,A,,A,,A,,A,,A,
105589,1,3,1,3,5,3,3,1,3,5,1,3,R,140,R,43,R,97,S,,S,,R,138.0,R,42.0,R,96.0,S,,S,,R,23.0,R,9.0,R,14.0,S,,S,,R,23.0,R,9.0,R,14.0,S,,S,,R,0.0,R,0.0,R,0.0,S,,S,,A,,A,,A,,A,,A,,A,,A,,A,,A,,A,,A,,A,,A,,A,,A,,A,,A,,A,,A,
105899,1,3,1,3,5,3,3,1,5,5,1,3,R,1251,R,814,R,437,A,,R,0.0,R,931.0,R,589.0,R,342.0,A,,R,0.0,C,376.0,C,232.0,R,144.0,A,,R,0.0,C,374.0,C,231.0,R,143.0,A,,R,0.0,R,2.0,R,1.0,R,1.0,A,,R,0.0,A,,A,,A,,A,,A,,A,,A,,A,,A,,A,,A,,A,,A,,A,,A,,A,,A,,A,,A,
106245,1,3,1,5,3,3,1,1,3,3,3,3,R,3661,R,1287,R,2374,A,,R,0.0,R,2114.0,R,764.0,R,1350.0,A,,R,0.0,R,478.0,R,215.0,R,263.0,A,,R,0.0,R,452.0,R,208.0,R,244.0,A,,R,0.0,R,26.0,R,7.0,R,19.0,A,,R,0.0,R,28.0,R,6.0,R,404.0,R,85.0,R,450.0,R,510.0,R,570.0,R,440.0,R,530.0,R,600.0,R,18.0,R,20.0,R,23.0,R,17.0,R,21.0,R,24.0,R,16.0,R,19.0,R,23.0
106342,1,3,3,5,3,3,3,3,3,3,5,3,R,2522,R,139,R,98,A,,R,2285.0,R,1653.0,R,139.0,R,98.0,A,,R,1416.0,R,237.0,R,139.0,R,98.0,A,,R,0.0,R,237.0,R,139.0,R,98.0,A,,R,0.0,R,0.0,R,0.0,R,0.0,A,,R,0.0,A,,A,,A,,A,,A,,A,,A,,A,,A,,A,,A,,A,,A,,A,,A,,A,,A,,A,,A,
106397,1,5,1,5,3,3,5,5,3,3,5,5,R,28186,R,11656,R,16529,R,0.0,R,1.0,R,20202.0,R,7968.0,R,12233.0,A,,R,1.0,R,6337.0,R,2626.0,R,3711.0,A,,R,0.0,R,6290.0,R,2612.0,R,3678.0,A,,R,0.0,R,47.0,R,14.0,R,33.0,A,,R,0.0,R,1747.0,R,28.0,R,4879.0,R,77.0,R,530.0,R,570.0,R,620.0,R,520.0,R,560.0,R,600.0,R,21.0,R,24.0,R,28.0,R,21.0,R,24.0,R,28.0,R,19.0,R,23.0,R,26.0
106412,1,3,1,3,3,3,1,1,3,3,3,3,R,3792,R,1481,R,2282,A,,R,29.0,R,2182.0,R,847.0,R,1330.0,A,,R,5.0,R,411.0,R,188.0,R,223.0,A,,R,0.0,R,385.0,R,176.0,R,209.0,A,,R,0.0,R,26.0,R,12.0,R,14.0,A,,R,0.0,R,43.0,R,11.0,R,321.0,R,78.0,R,430.0,R,485.0,R,528.0,R,450.0,R,480.0,R,520.0,R,14.0,R,16.0,R,18.0,R,17.0,R,20.0,R,22.0,R,15.0,R,15.0,R,17.0
106458,1,5,1,5,3,3,5,1,3,3,3,3,R,8019,R,4108,R,3904,A,,R,7.0,R,5587.0,R,2744.0,R,2840.0,A,,R,3.0,R,1660.0,R,655.0,R,1005.0,A,,R,0.0,R,1505.0,R,598.0,R,907.0,A,,R,0.0,R,155.0,R,57.0,R,98.0,A,,R,0.0,R,57.0,R,3.0,R,1422.0,R,86.0,R,510.0,R,550.0,R,590.0,R,520.0,R,550.0,R,590.0,R,19.0,R,22.0,R,25.0,R,19.0,R,23.0,R,27.0,R,17.0,R,21.0,R,25.0
106467,1,3,1,5,3,3,5,1,3,3,3,3,R,4904,R,1991,R,2907,R,6.0,R,0.0,R,4722.0,R,1909.0,R,2807.0,R,6.0,R,0.0,R,1467.0,R,668.0,R,799.0,R,0.0,R,0.0,R,1373.0,R,637.0,R,736.0,A,,R,0.0,R,94.0,R,31.0,R,63.0,A,,R,0.0,R,29.0,R,2.0,R,1321.0,R,90.0,R,480.0,R,530.0,R,580.0,R,460.0,R,500.0,R,570.0,R,17.0,R,20.0,R,24.0,R,16.0,R,21.0,R,25.0,R,16.0,R,19.0,R,24.0
106546,1,3,1,3,3,3,1,1,3,3,3,3,R,15,R,3,R,12,A,,R,0.0,R,15.0,R,3.0,R,12.0,A,,R,0.0,R,9.0,R,3.0,R,6.0,A,,R,0.0,R,9.0,R,3.0,R,6.0,A,,R,0.0,A,,A,,A,,A,,A,,R,0.0,R,0.0,R,5.0,R,56.0,A,,A,,A,,A,,A,,A,,R,17.0,R,18.0,R,23.0,R,16.0,R,16.0,R,23.0,R,14.0,R,15.0,R,18.0
106704,1,3,3,3,3,3,5,5,3,3,3,3,R,6589,R,2297,R,4292,R,0.0,R,0.0,R,5961.0,R,2035.0,R,3926.0,A,,R,0.0,R,1737.0,R,627.0,R,1110.0,A,,R,0.0,R,1731.0,R,626.0,R,1105.0,A,,R,0.0,R,6.0,R,1.0,R,5.0,A,,R,0.0,R,68.0,R,4.0,R,1625.0,R,94.0,R,490.0,R,540.0,R,570.0,R,450.0,R,510.0,R,550.0,R,19.0,R,22.0,R,25.0,R,19.0,R,22.0,R,26.0,R,17.0,R,20.0,R,24.0
106713,1,3,1,5,5,5,1,1,3,3,5,3,R,302,R,174,R,128,A,,R,0.0,R,140.0,R,68.0,R,72.0,A,,R,0.0,R,104.0,R,63.0,R,41.0,A,,R,0.0,R,102.0,R,62.0,R,40.0,A,,R,0.0,R,2.0,R,1.0,R,1.0,A,,R,0.0,R,9.0,R,9.0,R,79.0,R,76.0,R,435.0,R,510.0,R,570.0,R,490.0,R,530.0,R,575.0,R,17.0,R,19.0,R,22.0,R,16.0,R,20.0,R,21.0,R,16.0,R,18.0,R,22.0
107044,5,3,1,5,1,3,1,1,3,3,3,3,R,2202,R,966,R,1236,A,,R,0.0,R,2202.0,R,966.0,R,1236.0,A,,R,0.0,R,864.0,R,421.0,R,443.0,A,,R,0.0,R,860.0,R,419.0,R,441.0,A,,R,0.0,R,4.0,R,2.0,R,2.0,A,,R,0.0,R,154.0,R,18.0,R,809.0,R,94.0,R,530.0,R,600.0,R,650.0,R,520.0,R,570.0,R,630.0,R,21.0,R,24.0,R,28.0,R,21.0,R,24.0,R,30.0,R,18.0,R,23.0,R,26.0
107071,1,5,1,3,3,3,3,1,5,3,3,5,R,1814,R,723,R,1090,R,0.0,R,1.0,R,1486.0,R,572.0,R,913.0,A,,R,1.0,R,306.0,R,161.0,R,145.0,A,,R,0.0,R,287.0,R,151.0,R,136.0,A,,R,0.0,R,19.0,R,10.0,R,9.0,A,,R,0.0,A,,A,,A,,A,,A,,A,,A,,A,,A,,A,,A,,A,,A,,A,,A,,A,,A,,A,,A,
107080,1,5,1,1,5,5,5,1,3,5,1,3,R,2616,R,1432,R,1184,R,0.0,R,0.0,R,1386.0,R,723.0,R,663.0,A,,R,0.0,R,275.0,R,152.0,R,123.0,A,,R,0.0,R,275.0,R,152.0,R,123.0,A,,R,0.0,A,,A,,A,,A,,A,,R,25.0,R,9.0,R,115.0,R,42.0,R,605.0,R,640.0,R,695.0,R,580.0,R,630.0,R,690.0,R,26.0,R,29.0,R,31.0,R,25.0,R,30.0,R,34.0,R,24.0,R,26.0,R,28.0
107141,1,5,1,3,5,5,5,1,3,3,5,3,R,1545,R,589,R,956,A,,R,0.0,R,1045.0,R,399.0,R,646.0,A,,R,0.0,R,384.0,R,159.0,R,225.0,A,,R,0.0,R,378.0,R,157.0,R,221.0,A,,R,0.0,R,6.0,R,2.0,R,4.0,A,,R,0.0,R,40.0,R,10.0,R,183.0,R,48.0,R,590.0,R,635.0,R,675.0,R,540.0,R,595.0,R,670.0,R,21.0,R,25.0,R,30.0,R,21.0,R,25.0,R,31.0,R,20.0,R,24.0,R,27.0
107512,5,5,1,3,5,3,5,1,3,3,3,3,R,2138,R,914,R,1224,A,,R,0.0,R,1465.0,R,597.0,R,868.0,A,,R,0.0,R,469.0,R,207.0,R,262.0,A,,R,0.0,R,464.0,R,205.0,R,259.0,A,,R,0.0,R,5.0,R,2.0,R,3.0,A,,R,0.0,R,67.0,R,14.0,R,366.0,R,79.0,R,530.0,R,590.0,R,660.0,R,530.0,R,580.0,R,630.0,R,21.0,R,25.0,R,28.0,R,21.0,R,25.0,R,30.0,R,19.0,R,23.0,R,26.0
107558,1,3,1,5,5,5,5,5,3,3,5,3,R,1916,R,782,R,1130,R,0.0,R,4.0,R,1114.0,R,446.0,R,667.0,A,,R,1.0,R,188.0,R,76.0,R,112.0,A,,R,0.0,R,188.0,R,76.0,R,112.0,A,,R,0.0,R,0.0,R,0.0,R,0.0,A,,R,0.0,R,25.0,R,26.0,R,75.0,R,77.0,R,510.0,R,550.0,R,580.0,R,508.0,R,530.0,R,583.0,R,18.0,R,21.0,R,23.0,R,17.0,R,21.0,R,23.0,R,17.0,R,18.0,R,21.0
107585,5,3,1,3,3,3,1,1,1,3,3,3,R,930,R,382,R,523,S,,S,,R,930.0,R,382.0,R,523.0,S,,S,,R,484.0,R,206.0,R,269.0,S,,S,,R,395.0,R,161.0,R,226.0,S,,S,,R,89.0,R,45.0,R,43.0,S,,S,,R,1.0,R,0.0,R,335.0,R,69.0,S,,S,,S,,S,,S,,S,,R,17.0,R,19.0,R,22.0,R,16.0,R,19.0,R,22.0,R,16.0,R,18.0,R,21.0
107877,1,1,1,3,3,3,5,1,3,3,3,3,R,1014,R,358,R,656,A,,R,0.0,R,597.0,R,197.0,R,400.0,A,,R,0.0,R,128.0,R,63.0,R,65.0,A,,R,0.0,R,127.0,R,63.0,R,64.0,A,,R,0.0,R,1.0,R,0.0,R,1.0,A,,R,0.0,R,6.0,R,5.0,R,115.0,R,91.0,R,460.0,R,485.0,R,540.0,R,460.0,R,485.0,R,518.0,R,16.0,R,19.0,R,22.0,R,15.0,R,19.0,R,23.0,R,15.0,R,17.0,R,21.0
107983,1,1,1,3,3,3,1,1,3,3,5,3,R,2936,R,1102,R,1812,A,,R,22.0,R,1955.0,R,744.0,R,1194.0,A,,R,17.0,R,797.0,R,327.0,R,459.0,A,,R,11.0,R,783.0,R,315.0,R,457.0,A,,R,11.0,R,14.0,R,12.0,R,2.0,A,,R,0.0,R,53.0,R,7.0,R,794.0,R,100.0,R,460.0,R,530.0,R,590.0,R,460.0,R,520.0,R,590.0,R,17.0,R,20.0,R,23.0,R,16.0,R,20.0,R,24.0,R,16.0,R,18.0,R,22.0
108092,1,3,1,1,3,3,1,5,1,3,3,3,R,2677,R,928,R,1749,A,,R,0.0,R,2181.0,R,751.0,R,1430.0,A,,R,0.0,R,886.0,R,359.0,R,527.0,A,,R,0.0,R,806.0,R,309.0,R,497.0,A,,R,0.0,R,80.0,R,50.0,R,30.0,A,,R,0.0,R,0.0,R,0.0,R,714.0,R,81.0,A,,A,,A,,A,,A,,A,,R,18.0,R,20.0,R,23.0,R,18.0,R,21.0,R,24.0,R,17.0,R,20.0,R,24.0
108852,1,3,1,3,1,1,3,3,3,3,1,3,R,155,R,45,R,105,S,,S,,R,139.0,R,37.0,R,97.0,S,,S,,R,55.0,R,22.0,R,33.0,S,,S,,R,55.0,R,22.0,R,33.0,S,,S,,A,,A,,A,,S,,S,,A,,A,,A,,A,,A,,A,,A,,A,,A,,A,,A,,A,,A,,A,,A,,A,,A,,A,,A,
108861,5,5,5,5,1,5,3,5,5,5,1,3,R,27,R,13,R,14,S,,S,,R,17.0,R,8.0,R,9.0,S,,S,,R,10.0,R,4.0,R,6.0,S,,S,,R,0.0,R,0.0,R,0.0,S,,S,,R,10.0,R,4.0,R,6.0,S,,S,,A,,A,,A,,A,,A,,A,,A,,A,,A,,A,,A,,A,,A,,A,,A,,A,,A,,A,,A,
109651,5,3,1,5,5,1,3,1,3,5,1,3,R,1339,R,432,R,906,S,,S,,R,1004.0,R,300.0,R,703.0,S,,S,,R,322.0,R,116.0,R,206.0,S,,S,,R,322.0,R,116.0,R,206.0,S,,S,,A,,A,,A,,S,,S,,A,,A,,A,,A,,A,,A,,A,,A,,A,,A,,A,,A,,A,,A,,A,,A,,A,,A,,A,
109785,1,3,1,5,5,3,5,5,3,3,5,5,R,3850,R,1338,R,2488,A,,R,24.0,R,3060.0,R,1074.0,R,1971.0,A,,R,15.0,R,420.0,R,136.0,R,284.0,A,,R,0.0,R,413.0,R,133.0,R,280.0,A,,R,0.0,R,7.0,R,3.0,R,4.0,A,,R,0.0,R,54.0,R,13.0,R,16.0,R,4.0,R,512.0,R,590.0,R,657.0,R,482.0,R,555.0,R,657.0,R,18.0,R,24.0,R,26.0,R,20.0,R,23.0,R,28.0,R,16.0,R,23.0,R,25.0
110097,1,3,1,3,3,3,5,1,3,3,1,3,R,4003,R,1608,R,2395,A,,R,0.0,R,2405.0,R,912.0,R,1493.0,A,,R,0.0,R,753.0,R,314.0,R,439.0,A,,R,0.0,R,746.0,R,309.0,R,437.0,A,,R,0.0,R,7.0,R,5.0,R,2.0,A,,R,0.0,R,194.0,R,26.0,R,57.0,R,8.0,R,580.0,R,640.0,R,690.0,R,550.0,R,600.0,R,670.0,R,24.0,R,28.0,R,30.0,R,24.0,R,27.0,R,33.0,R,22.0,R,26.0,R,27.0
110361,1,5,1,5,5,3,3,5,3,3,5,3,R,7935,R,2817,R,5118,A,,R,0.0,R,5838.0,R,2120.0,R,3718.0,A,,R,0.0,R,1282.0,R,506.0,R,776.0,A,,R,0.0,R,1258.0,R,498.0,R,760.0,A,,R,0.0,R,24.0,R,8.0,R,16.0,A,,R,0.0,A,,A,,A,,A,,A,,A,,A,,A,,A,,A,,A,,A,,A,,A,,A,,A,,A,,A,,A,
110370,1,3,1,5,1,1,3,1,3,3,3,3,R,3661,R,990,R,2644,S,,S,,R,2687.0,R,662.0,R,2005.0,S,,S,,R,186.0,R,54.0,R,132.0,S,,S,,R,178.0,R,52.0,R,126.0,S,,S,,R,8.0,R,2.0,R,6.0,S,,S,,A,,A,,A,,A,,A,,A,,A,,A,,A,,A,,A,,A,,A,,A,,A,,A,,A,,A,,A,
110404,5,5,1,5,1,5,3,1,3,5,1,3,R,13107,R,8973,R,4134,A,,R,0.0,R,412.0,R,230.0,R,182.0,A,,R,0.0,R,266.0,R,154.0,R,112.0,A,,R,0.0,R,266.0,R,154.0,R,112.0,A,,R,0.0,A,,A,,A,,A,,A,,A,,A,,A,,A,,A,,A,,A,,A,,A,,A,,A,,A,,A,,A,,A,,A,,A,,A,,A,
110413,1,5,1,1,1,3,5,5,3,3,1,5,R,5290,R,2420,R,2861,R,9.0,R,0.0,R,4702.0,R,2139.0,R,2563.0,R,0.0,R,0.0,R,575.0,R,283.0,R,292.0,A,,R,0.0,R,575.0,R,283.0,R,292.0,A,,R,0.0,A,,A,,A,,A,,A,,R,72.0,R,13.0,R,12.0,R,2.0,R,577.0,R,620.0,R,660.0,R,557.0,R,600.0,R,660.0,R,23.0,R,26.0,R,29.0,R,22.0,R,26.0,R,29.0,R,21.0,R,24.0,R,26.0
110422,1,3,1,1,3,3,3,1,3,5,3,3,R,63736,R,31722,R,32014,S,,S,,R,18964.0,R,7723.0,R,11241.0,S,,S,,R,5278.0,R,2386.0,R,2892.0,S,,S,,R,5258.0,R,2374.0,R,2884.0,S,,S,,R,20.0,R,12.0,R,8.0,S,,S,,A,,A,,A,,A,,A,,A,,A,,A,,A,,A,,A,,A,,A,,A,,A,,A,,A,,A,,A,
110468,1,3,1,3,5,3,3,1,1,5,1,5,R,1,R,0,R,1,A,,R,0.0,R,0.0,A,,R,0.0,A,,R,0.0,A,,A,,A,,A,,R,0.0,A,,A,,A,,A,,R,0.0,A,,A,,A,,A,,R,0.0,A,,A,,A,,A,,A,,A,,A,,A,,A,,A,,A,,A,,A,,A,,A,,A,,A,,A,,A,
110486,1,3,1,1,3,3,3,1,3,5,3,3,R,13950,R,5943,R,8007,S,,S,,R,12303.0,R,5176.0,R,7127.0,S,,S,,R,1204.0,R,480.0,R,724.0,S,,S,,R,1167.0,R,468.0,R,699.0,S,,S,,R,37.0,R,12.0,R,25.0,S,,S,,A,,A,,A,,A,,A,,A,,A,,A,,A,,A,,A,,A,,A,,A,,A,,A,,A,,A,,A,
110495,1,3,1,1,3,3,3,1,3,5,3,3,R,5334,R,1808,R,3526,S,,S,,R,5199.0,R,1749.0,R,3450.0,S,,S,,R,1046.0,R,350.0,R,696.0,S,,S,,R,992.0,R,327.0,R,665.0,S,,S,,R,54.0,R,23.0,R,31.0,S,,S,,A,,A,,A,,A,,A,,A,,A,,A,,A,,A,,A,,A,,A,,A,,A,,A,,A,,A,,A,
110510,1,3,1,1,3,3,3,1,3,5,3,3,R,12772,R,5106,R,7666,S,,S,,R,12548.0,R,4999.0,R,7549.0,S,,S,,R,2244.0,R,881.0,R,1363.0,S,,S,,R,2166.0,R,847.0,R,1319.0,S,,S,,R,78.0,R,34.0,R,44.0,S,,S,,A,,A,,A,,A,,A,,A,,A,,A,,A,,A,,A,,A,,A,,A,,A,,A,,A,,A,,A,
110529,1,3,1,1,3,3,3,1,3,5,3,3,R,45775,R,23565,R,22210,S,,S,,R,33737.0,R,15967.0,R,17770.0,S,,S,,R,4311.0,R,2412.0,R,1899.0,S,,S,,R,4209.0,R,2348.0,R,1861.0,S,,S,,R,102.0,R,64.0,R,38.0,S,,S,,A,,A,,A,,A,,A,,A,,A,,A,,A,,A,,A,,A,,A,,A,,A,,A,,A,,A,,A,
110538,1,3,1,1,3,3,3,1,3,3,3,3,R,22263,R,9434,R,12829,S,,S,,R,20864.0,R,8779.0,R,12085.0,S,,S,,R,2171.0,R,949.0,R,1222.0,S,,S,,R,2134.0,R,932.0,R,1202.0,S,,S,,R,37.0,R,17.0,R,20.0,S,,S,,A,,A,,A,,A,,A,,A,,A,,A,,A,,A,,A,,A,,A,,A,,A,,A,,A,,A,,A,
110547,1,3,1,1,3,3,3,1,3,5,3,3,R,19040,R,8305,R,10735,S,,S,,R,17388.0,R,7421.0,R,9967.0,S,,S,,R,1721.0,R,755.0,R,966.0,S,,S,,R,1533.0,R,671.0,R,862.0,S,,S,,R,188.0,R,84.0,R,104.0,S,,S,,A,,A,,A,,A,,A,,A,,A,,A,,A,,A,,A,,A,,A,,A,,A,,A,,A,,A,,A,
110556,1,3,1,1,3,3,3,1,3,3,3,3,R,20201,R,8683,R,11518,S,,S,,R,19469.0,R,8316.0,R,11153.0,S,,S,,R,3661.0,R,1553.0,R,2108.0,S,,S,,R,3413.0,R,1442.0,R,1971.0,S,,S,,R,248.0,R,111.0,R,137.0,S,,S,,A,,A,,A,,A,,A,,A,,A,,A,,A,,A,,A,,A,,A,,A,,A,,A,,A,,A,,A,
110565,1,3,1,1,3,3,3,1,3,3,3,3,R,48591,R,20402,R,28189,S,,S,,R,42149.0,R,17447.0,R,24702.0,S,,S,,R,7070.0,R,3070.0,R,4000.0,S,,S,,R,6628.0,R,2851.0,R,3777.0,S,,S,,R,442.0,R,219.0,R,223.0,S,,S,,A,,A,,A,,A,,A,,A,,A,,A,,A,,A,,A,,A,,A,,A,,A,,A,,A,,A,,A,
110574,1,3,1,1,3,3,3,1,3,5,3,3,R,13274,R,5670,R,7604,S,,S,,R,12851.0,R,5497.0,R,7354.0,S,,S,,R,994.0,R,462.0,R,532.0,S,,S,,R,975.0,R,453.0,R,522.0,S,,S,,R,19.0,R,9.0,R,10.0,S,,S,,A,,A,,A,,A,,A,,A,,A,,A,,A,,A,,A,,A,,A,,A,,A,,A,,A,,A,,A,
110583,1,3,1,1,3,3,3,1,3,3,3,3,R,79680,R,32529,R,47151,S,,S,,R,37547.0,R,13764.0,R,23783.0,S,,S,,R,5756.0,R,2216.0,R,3540.0,S,,S,,R,5615.0,R,2168.0,R,3447.0,S,,S,,R,141.0,R,48.0,R,93.0,S,,S,,A,,A,,A,,A,,A,,A,,A,,A,,A,,A,,A,,A,,A,,A,,A,,A,,A,,A,,A,
110592,1,3,1,1,3,3,3,1,3,5,3,3,R,32748,R,13893,R,18855,S,,S,,R,30106.0,R,12584.0,R,17522.0,S,,S,,R,3614.0,R,1757.0,R,1857.0,S,,S,,R,3456.0,R,1658.0,R,1798.0,S,,S,,R,158.0,R,99.0,R,59.0,S,,S,,A,,A,,A,,A,,A,,A,,A,,A,,A,,A,,A,,A,,A,,A,,A,,A,,A,,A,,A,
110608,1,3,1,1,3,3,3,1,3,3,3,3,R,29789,R,13699,R,16090,S,,S,,R,27748.0,R,12589.0,R,15159.0,S,,S,,R,5545.0,R,2689.0,R,2856.0,S,,S,,R,5475.0,R,2650.0,R,2825.0,S,,S,,R,70.0,R,39.0,R,31.0,S,,S,,A,,A,,A,,A,,A,,A,,A,,A,,A,,A,,A,,A,,A,,A,,A,,A,,A,,A,,A,
110617,1,3,1,1,3,3,3,1,3,5,3,3,R,25994,R,11136,R,14858,S,,S,,R,24336.0,R,10365.0,R,13971.0,S,,S,,R,3884.0,R,1757.0,R,2127.0,S,,S,,R,3782.0,R,1700.0,R,2082.0,S,,S,,R,102.0,R,57.0,R,45.0,S,,S,,A,,A,,A,,A,,A,,A,,A,,A,,A,,A,,A,,A,,A,,A,,A,,A,,A,,A,,A,
110635,1,3,1,5,5,3,3,1,3,5,1,3,R,125910,R,60232,R,65678,S,,S,,R,14677.0,R,5546.0,R,9131.0,S,,S,,R,6641.0,R,2733.0,R,3908.0,S,,S,,R,6604.0,R,2723.0,R,3881.0,S,,S,,R,37.0,R,10.0,R,27.0,S,,S,,A,,A,,A,,A,,A,,A,,A,,A,,A,,A,,A,,A,,A,,A,,A,,A,,A,,A,,A,
110644,1,3,1,1,3,3,3,1,3,5,1,3,R,94637,R,44497,R,50140,S,,S,,R,39400.0,R,16184.0,R,23216.0,S,,S,,R,6578.0,R,2624.0,R,3954.0,S,,S,,R,6413.0,R,2558.0,R,3855.0,S,,S,,R,165.0,R,66.0,R,99.0,S,,S,,A,,A,,A,,A,,A,,A,,A,,A,,A,,A,,A,,A,,A,,A,,A,,A,,A,,A,,A,
110653,1,1,1,1,3,3,3,1,3,5,1,3,R,121101,R,56771,R,64330,S,,S,,R,30962.0,R,13037.0,R,17925.0,S,,S,,R,6796.0,R,2903.0,R,3893.0,S,,S,,R,6777.0,R,2890.0,R,3887.0,S,,S,,R,19.0,R,13.0,R,6.0,S,,S,,A,,A,,A,,A,,A,,A,,A,,A,,A,,A,,A,,A,,A,,A,,A,,A,,A,,A,,A,
110662,1,3,1,1,3,3,3,1,3,3,1,3,R,145903,R,67384,R,78519,S,,S,,R,12736.0,R,4979.0,R,7757.0,S,,S,,R,6585.0,R,2366.0,R,4219.0,S,,S,,R,6579.0,R,2365.0,R,4214.0,S,,S,,R,6.0,R,1.0,R,5.0,S,,S,,A,,A,,A,,A,,A,,A,,A,,A,,A,,A,,A,,A,,A,,A,,A,,A,,A,,A,,A,
110671,1,3,1,1,3,3,3,1,3,3,3,3,R,62807,R,29509,R,33298,S,,S,,R,39758.0,R,17615.0,R,22143.0,S,,S,,R,5521.0,R,2519.0,R,3002.0,S,,S,,R,5486.0,R,2503.0,R,2983.0,S,,S,,R,35.0,R,16.0,R,19.0,S,,S,,A,,A,,A,,A,,A,,A,,A,,A,,A,,A,,A,,A,,A,,A,,A,,A,,A,,A,,A,
110680,1,3,1,1,3,3,3,1,3,5,1,3,R,130771,R,61536,R,69235,S,,S,,R,32062.0,R,12837.0,R,19225.0,S,,S,,R,7005.0,R,2941.0,R,4064.0,S,,S,,R,6986.0,R,2928.0,R,4058.0,S,,S,,R,19.0,R,13.0,R,6.0,S,,S,,A,,A,,A,,A,,A,,A,,A,,A,,A,,A,,A,,A,,A,,A,,A,,A,,A,,A,,A,
110705,1,3,1,1,3,3,3,1,3,3,1,3,R,110871,R,50391,R,60480,S,,S,,R,30804.0,R,12402.0,R,18402.0,S,,S,,R,5043.0,R,1988.0,R,3055.0,S,,S,,R,5014.0,R,1976.0,R,3038.0,S,,S,,R,29.0,R,12.0,R,17.0,S,,S,,A,,A,,A,,A,,A,,A,,A,,A,,A,,A,,A,,A,,A,,A,,A,,A,,A,,A,,A,
110714,1,3,1,1,3,3,3,1,3,3,3,3,R,68845,R,30741,R,38104,S,,S,,R,43054.0,R,18036.0,R,25018.0,S,,S,,R,4381.0,R,1956.0,R,2425.0,S,,S,,R,4365.0,R,1948.0,R,2417.0,S,,S,,R,16.0,R,8.0,R,8.0,S,,S,,A,,A,,A,,A,,A,,A,,A,,A,,A,,A,,A,,A,,A,,A,,A,,A,,A,,A,,A,
111081,5,5,1,5,1,1,3,1,3,3,1,3,R,2023,R,585,R,1209,R,229.0,R,0.0,R,525.0,R,138.0,R,329.0,R,58.0,R,0.0,R,177.0,R,59.0,R,98.0,R,20.0,R,0.0,R,176.0,R,59.0,R,97.0,R,20.0,R,0.0,R,1.0,Z,0.0,R,1.0,R,0.0,R,0.0,A,,A,,A,,A,,A,,A,,A,,A,,A,,A,,A,,A,,A,,A,,A,,A,,A,,A,,A,
111188,1,3,1,1,3,3,3,1,3,3,3,3,R,943,R,680,R,263,S,,S,,R,931.0,R,672.0,R,259.0,S,,S,,R,143.0,R,122.0,R,21.0,S,,S,,R,142.0,R,121.0,R,21.0,S,,S,,R,1.0,R,1.0,R,0.0,S,,S,,A,,A,,A,,A,,A,,A,,A,,A,,A,,A,,A,,A,,A,,A,,A,,A,,A,,A,,A,
111638,5,3,5,3,5,3,3,1,1,5,1,3,R,184,R,71,R,113,R,0.0,R,0.0,R,67.0,R,31.0,R,36.0,A,,R,0.0,R,67.0,R,31.0,R,36.0,A,,R,0.0,R,67.0,R,31.0,R,36.0,A,,R,0.0,A,,A,,A,,A,,A,,A,,A,,A,,A,,A,,A,,A,,A,,A,,A,,A,,A,,A,,A,,A,,A,,A,,A,,A,
111948,1,5,1,1,1,1,5,1,3,5,1,3,R,15914,R,5852,R,10062,S,,S,,R,8849.0,R,3166.0,R,5683.0,S,,S,,R,1806.0,R,664.0,R,1142.0,S,,S,,R,1796.0,R,659.0,R,1137.0,S,,S,,R,10.0,R,5.0,R,5.0,S,,S,,R,292.0,R,16.0,R,139.0,R,8.0,R,630.0,R,670.0,R,710.0,R,620.0,R,670.0,R,720.0,R,28.0,R,30.0,R,32.0,R,29.0,R,32.0,R,34.0,R,25.0,R,27.0,R,31.0
111966,1,3,1,5,5,5,3,1,3,5,1,3,R,985,R,237,R,739,S,,S,,R,382.0,R,63.0,R,314.0,S,,S,,R,7.0,R,2.0,R,5.0,S,,S,,R,4.0,R,1.0,R,3.0,S,,S,,R,3.0,R,1.0,R,2.0,S,,S,,A,,A,,A,,A,,A,,A,,A,,A,,A,,A,,A,,A,,A,,A,,A,,A,,A,,A,,A,
112075,1,5,1,5,5,5,3,1,3,3,5,3,R,4564,R,2043,R,2521,A,,R,0.0,R,2732.0,R,1029.0,R,1703.0,A,,R,0.0,R,290.0,R,128.0,R,162.0,A,,R,0.0,R,290.0,R,128.0,R,162.0,A,,R,0.0,A,,A,,A,,A,,A,,A,,A,,A,,A,,A,,A,,A,,A,,A,,A,,A,,A,,A,,A,,A,,A,,A,,A,,A,
112084,1,5,1,5,5,5,3,1,5,5,5,5,R,320,R,114,R,206,A,,R,0.0,R,201.0,R,70.0,R,131.0,A,,R,0.0,R,9.0,R,6.0,R,3.0,A,,R,0.0,R,9.0,R,6.0,R,3.0,A,,R,0.0,R,0.0,R,0.0,R,0.0,A,,R,0.0,A,,A,,A,,A,,A,,A,,A,,A,,A,,A,,A,,A,,A,,A,,A,,A,,A,,A,,A,
112260,5,5,1,1,1,3,5,1,3,5,1,5,R,5799,R,2585,R,2913,R,140.0,R,161.0,R,645.0,R,266.0,R,350.0,R,11.0,R,18.0,R,321.0,R,146.0,R,158.0,R,6.0,R,11.0,R,321.0,R,146.0,R,158.0,R,6.0,R,11.0,A,,A,,A,,A,,A,,R,94.0,R,29.0,R,52.0,R,16.0,R,710.0,R,740.0,R,770.0,R,740.0,R,770.0,R,790.0,R,33.0,R,34.0,R,35.0,R,34.0,R,35.0,R,35.0,R,30.0,R,32.0,R,34.0
112394,1,3,1,3,5,5,3,1,3,3,1,3,R,306,R,220,R,86,A,,R,0.0,R,157.0,R,115.0,R,42.0,A,,R,0.0,R,55.0,R,45.0,R,10.0,A,,R,0.0,R,48.0,R,38.0,R,10.0,A,,R,0.0,R,7.0,R,7.0,R,0.0,A,,R,0.0,A,,A,,A,,A,,A,,A,,A,,A,,A,,A,,A,,A,,A,,A,,A,,A,,A,,A,,A,
113582,1,3,1,3,1,3,3,1,3,3,1,3,R,8,R,0,R,8,R,0.0,R,0.0,R,7.0,A,,R,7.0,A,,R,0.0,R,2.0,A,,R,2.0,A,,R,0.0,R,1.0,A,,R,1.0,A,,R,0.0,R,1.0,A,,R,1.0,A,,R,0.0,A,,A,,A,,A,,A,,A,,A,,A,,A,,A,,A,,A,,A,,A,,A,,A,,A,,A,,A,
113698,5,5,5,5,5,5,5,1,5,5,5,5,R,2011,R,518,R,1493,R,0.0,R,0.0,R,1923.0,R,500.0,R,1423.0,A,,R,0.0,R,250.0,R,68.0,R,182.0,A,,R,0.0,R,248.0,R,68.0,R,180.0,A,,R,0.0,R,2.0,R,0.0,R,2.0,A,,R,0.0,R,12.0,R,5.0,R,5.0,R,2.0,R,525.0,R,605.0,R,673.0,R,545.0,R,590.0,R,618.0,R,22.0,R,24.0,R,30.0,R,20.0,R,22.0,R,29.0,R,23.0,R,28.0,R,28.0
114354,1,3,1,5,1,1,3,1,3,5,1,3,R,412,R,37,R,375,R,0.0,R,0.0,R,171.0,R,16.0,R,155.0,A,,R,0.0,R,48.0,R,6.0,R,42.0,A,,R,0.0,R,41.0,R,5.0,R,36.0,A,,R,0.0,R,7.0,R,1.0,R,6.0,A,,R,0.0,A,,A,,A,,A,,A,,A,,A,,A,,A,,A,,A,,A,,A,,A,,A,,A,,A,,A,,A,
114813,1,5,1,1,5,5,3,1,3,3,5,3,R,1516,R,469,R,1030,A,,R,17.0,R,872.0,R,264.0,R,597.0,A,,R,11.0,R,207.0,R,69.0,R,138.0,A,,R,0.0,R,203.0,R,69.0,R,134.0,A,,R,0.0,R,4.0,R,0.0,R,4.0,A,,R,0.0,A,,A,,A,,A,,A,,A,,A,,A,,A,,A,,A,,A,,A,,A,,A,,A,,A,,A,,A,
115409,5,5,1,1,1,3,5,1,3,5,1,5,R,4792,R,3135,R,1657,A,,R,0.0,R,626.0,R,272.0,R,354.0,A,,R,0.0,R,224.0,R,113.0,R,111.0,A,,R,0.0,R,224.0,R,113.0,R,111.0,A,,R,0.0,A,,A,,A,,A,,A,,R,112.0,R,50.0,R,37.0,R,17.0,R,720.0,R,750.0,R,770.0,R,760.0,R,780.0,R,790.0,R,34.0,R,35.0,R,36.0,R,34.0,R,35.0,R,36.0,R,33.0,R,35.0,R,36.0
115755,1,3,1,1,3,3,3,1,3,3,3,3,R,14019,R,6222,R,7797,S,,S,,R,13855.0,R,6147.0,R,7708.0,S,,S,,R,955.0,R,436.0,R,519.0,S,,S,,R,937.0,R,429.0,R,508.0,S,,S,,R,18.0,R,7.0,R,11.0,S,,S,,A,,A,,A,,A,,A,,A,,A,,A,,A,,A,,A,,A,,A,,A,,A,,A,,A,,A,,A,
117104,1,3,1,3,1,3,3,1,3,3,1,3,R,281,R,113,R,168,A,,R,0.0,R,264.0,R,108.0,R,156.0,A,,R,0.0,R,74.0,R,26.0,R,48.0,A,,R,0.0,R,71.0,R,26.0,R,45.0,A,,R,0.0,R,3.0,R,0.0,R,3.0,A,,R,0.0,A,,A,,A,,A,,A,,A,,A,,A,,A,,A,,A,,A,,A,,A,,A,,A,,A,,A,,A,
117140,1,3,1,1,1,3,5,1,3,5,1,3,R,10813,R,4021,R,6789,A,,R,3.0,R,5242.0,R,1832.0,R,3408.0,A,,R,2.0,R,743.0,R,286.0,R,457.0,A,,R,0.0,R,737.0,R,283.0,R,454.0,A,,R,0.0,R,6.0,R,3.0,R,3.0,A,,R,0.0,R,176.0,R,24.0,R,29.0,R,4.0,R,510.0,R,560.0,R,650.0,R,460.0,R,555.0,R,653.0,R,18.0,R,22.0,R,25.0,R,13.0,R,21.0,R,25.0,R,18.0,R,21.0,R,26.0
117168,1,3,1,3,5,1,3,1,3,3,1,3,R,268,R,79,R,189,S,,S,,R,208.0,R,59.0,R,149.0,S,,S,,R,135.0,R,30.0,R,105.0,S,,S,,R,133.0,R,30.0,R,103.0,S,,S,,R,2.0,R,0.0,R,2.0,S,,S,,A,,A,,A,,A,,A,,A,,A,,A,,A,,A,,A,,A,,A,,A,,A,,A,,A,,A,,A,
117283,1,3,3,3,1,3,3,3,3,3,1,3,R,44,R,16,R,28,A,,R,0.0,R,30.0,R,10.0,R,20.0,A,,R,0.0,R,27.0,R,9.0,R,18.0,A,,R,0.0,R,6.0,R,2.0,R,4.0,A,,R,0.0,R,21.0,R,7.0,R,14.0,A,,R,0.0,A,,A,,A,,A,,A,,A,,A,,A,,A,,A,,A,,A,,A,,A,,A,,A,,A,,A,,A,
117627,1,3,1,1,3,3,3,1,3,3,3,3,R,2238,R,832,R,1406,R,0.0,R,0.0,R,2088.0,R,760.0,R,1328.0,A,,R,0.0,R,258.0,R,100.0,R,158.0,A,,R,0.0,R,255.0,R,99.0,R,156.0,A,,R,0.0,R,3.0,R,1.0,R,2.0,A,,R,0.0,A,,A,,A,,A,,A,,A,,A,,A,,A,,A,,A,,A,,A,,A,,A,,A,,A,,A,,A,
117751,1,5,1,1,1,3,3,1,3,5,1,5,R,1157,R,572,R,585,A,,R,0.0,R,878.0,R,418.0,R,460.0,A,,R,0.0,R,413.0,R,202.0,R,211.0,A,,R,0.0,R,406.0,R,199.0,R,207.0,A,,R,0.0,R,7.0,R,3.0,R,4.0,A,,R,0.0,A,,A,,A,,A,,A,,A,,A,,A,,A,,A,,A,,A,,A,,A,,A,,A,,A,,A,,A,
117946,1,5,1,1,1,3,3,1,3,5,1,3,R,23361,R,9456,R,13905,A,,R,0.0,R,9413.0,R,4072.0,R,5341.0,A,,R,0.0,R,1535.0,R,702.0,R,833.0,A,,R,0.0,R,1533.0,R,701.0,R,832.0,A,,R,0.0,R,2.0,R,1.0,R,1.0,A,,R,0.0,A,,A,,A,,A,,A,,A,,A,,A,,A,,A,,A,,A,,A,,A,,A,,A,,A,,A,,A,
118198,3,3,3,3,1,1,3,3,1,3,1,3,R,1417,R,289,R,1128,A,,R,0.0,R,1161.0,R,237.0,R,924.0,A,,R,0.0,R,215.0,R,44.0,R,171.0,A,,R,0.0,R,172.0,R,35.0,R,137.0,A,,R,0.0,R,43.0,R,9.0,R,34.0,A,,R,0.0,A,,A,,A,,A,,A,,A,,A,,A,,A,,A,,A,,A,,A,,A,,A,,A,,A,,A,,A,
118693,1,3,1,1,5,3,3,1,3,5,5,3,R,3041,R,1412,R,1629,Z,0.0,R,0.0,R,2062.0,R,900.0,R,1162.0,A,,R,0.0,R,178.0,R,96.0,R,82.0,A,,R,0.0,R,172.0,R,93.0,R,79.0,A,,R,0.0,R,6.0,R,3.0,R,3.0,A,,R,0.0,A,,A,,A,,A,,A,,A,,A,,A,,A,,A,,A,,A,,A,,A,,A,,A,,A,,A,,A,
118888,1,5,1,5,1,5,5,1,3,5,1,5,R,17177,R,7998,R,9178,A,,R,1.0,R,2841.0,R,1324.0,R,1517.0,A,,R,0.0,R,487.0,R,264.0,R,223.0,A,,R,0.0,R,487.0,R,264.0,R,223.0,A,,R,0.0,A,,A,,A,,A,,A,,R,134.0,R,28.0,R,28.0,R,6.0,R,670.0,R,710.0,R,740.0,R,720.0,R,760.0,R,780.0,R,31.0,R,33.0,R,33.0,R,30.0,R,34.0,R,35.0,R,27.0,R,29.0,R,33.0
119173,1,5,1,3,5,3,3,1,3,5,5,3,R,3430,R,169,R,3261,A,,R,0.0,R,2357.0,R,102.0,R,2255.0,A,,R,0.0,R,449.0,R,31.0,R,418.0,A,,R,0.0,R,447.0,R,31.0,R,416.0,A,,R,0.0,R,2.0,R,0.0,R,2.0,A,,R,0.0,A,,A,,A,,A,,A,,A,,A,,A,,A,,A,,A,,A,,A,,A,,A,,A,,A,,A,,A,
119270,5,3,1,5,1,1,3,1,1,3,1,3,R,425,R,259,R,166,A,,R,0.0,R,303.0,R,188.0,R,115.0,A,,R,0.0,R,141.0,R,99.0,R,42.0,A,,R,0.0,R,122.0,R,85.0,R,37.0,A,,R,0.0,R,19.0,R,14.0,R,5.0,A,,R,0.0,A,,A,,A,,A,,A,,A,,A,,A,,A,,A,,A,,A,,A,,A,,A,,A,,A,,A,,A,
119775,1,3,1,3,3,1,3,1,3,3,3,5,R,20,R,6,R,14,A,,R,0.0,R,20.0,R,6.0,R,14.0,A,,R,0.0,R,8.0,R,4.0,R,4.0,A,,R,0.0,R,8.0,R,4.0,R,4.0,A,,R,0.0,R,0.0,R,0.0,R,0.0,A,,R,0.0,A,,A,,A,,A,,A,,A,,A,,A,,A,,A,,A,,A,,A,,A,,A,,A,,A,,A,,A,
120166,1,3,1,3,5,5,5,1,3,5,5,3,R,98,R,64,R,32,S,,S,,R,68.0,R,44.0,R,24.0,S,,S,,R,18.0,R,12.0,R,6.0,S,,S,,R,18.0,R,12.0,R,6.0,S,,S,,R,0.0,R,0.0,R,0.0,S,,S,,R,0.0,R,0.0,R,0.0,R,0.0,A,,A,,A,,A,,A,,A,,A,,A,,A,,A,,A,,A,,A,,A,,A,
120254,5,5,1,5,1,5,5,1,3,5,1,5,R,6573,R,2519,R,3782,R,272.0,R,0.0,R,2622.0,R,922.0,R,1601.0,R,99.0,R,0.0,R,532.0,R,221.0,R,276.0,R,35.0,R,0.0,R,532.0,R,221.0,R,276.0,R,35.0,R,0.0,A,,A,,A,,A,,A,,R,121.0,R,23.0,R,68.0,R,13.0,R,690.0,R,730.0,R,750.0,R,670.0,R,720.0,R,750.0,R,31.0,R,33.0,R,34.0,R,32.0,R,35.0,R,35.0,R,28.0,R,31.0,R,33.0
120403,5,3,5,5,5,1,5,1,3,3,1,5,R,2459,R,592,R,1867,A,,R,0.0,R,2065.0,R,476.0,R,1589.0,A,,R,0.0,R,236.0,R,61.0,R,175.0,A,,R,0.0,R,235.0,R,60.0,R,175.0,A,,R,0.0,R,1.0,R,1.0,Z,0.0,A,,R,0.0,R,0.0,R,0.0,R,0.0,R,0.0,A,,A,,A,,A,,A,,A,,A,,A,,A,,A,,A,,A,,A,,A,,A,
120537,1,5,1,5,1,3,5,1,3,3,1,5,R,828,R,276,R,536,A,,R,16.0,R,293.0,R,98.0,R,188.0,A,,R,7.0,R,88.0,R,36.0,R,50.0,A,,R,2.0,R,85.0,R,34.0,R,49.0,A,,R,2.0,R,3.0,R,2.0,R,1.0,A,,R,0.0,R,4.0,R,5.0,R,1.0,R,1.0,S,,S,,S,,S,,S,,S,,S,,S,,S,,S,,S,,S,,S,,S,,S,
120661,3,3,1,3,3,3,3,3,1,5,3,3,R,248,R,36,R,212,R,0.0,R,0.0,R,233.0,R,34.0,R,199.0,A,,R,0.0,R,152.0,R,18.0,R,134.0,A,,R,0.0,R,152.0,R,18.0,R,134.0,A,,R,0.0,R,0.0,Z,0.0,Z,0.0,A,,R,0.0,A,,A,,A,,A,,A,,A,,A,,A,,A,,A,,A,,A,,A,,A,,A,,A,,A,,A,,A,
120768,1,1,1,5,1,3,5,5,3,1,1,5,R,30,R,6,R,24,S,,S,,R,3.0,R,1.0,R,2.0,S,,S,,R,2.0,R,1.0,R,1.0,S,,S,,R,0.0,R,0.0,R,0.0,S,,S,,R,2.0,R,1.0,R,1.0,S,,S,,R,0.0,R,0.0,R,0.0,R,0.0,A,,A,,A,,A,,A,,A,,A,,A,,A,,A,,A,,A,,A,,A,,A,
120838,1,3,1,1,5,3,3,1,3,3,5,3,R,4,R,4,R,0,A,,R,0.0,R,4.0,R,4.0,A,,A,,R,0.0,R,4.0,R,4.0,A,,A,,R,0.0,R,4.0,R,4.0,A,,A,,R,0.0,A,,A,,A,,A,,A,,A,,A,,A,,A,,A,,A,,A,,A,,A,,A,,A,,A,,A,,A,,A,,A,,A,,A,,A,
120865,1,3,1,5,3,3,5,1,3,3,3,3,R,1323,R,552,R,754,A,,R,17.0,R,562.0,R,218.0,R,343.0,A,,R,1.0,R,139.0,R,54.0,R,85.0,A,,R,0.0,R,108.0,R,49.0,R,59.0,A,,R,0.0,R,31.0,R,5.0,R,26.0,A,,R,0.0,R,44.0,R,41.0,R,10.0,R,9.0,R,490.0,R,575.0,R,605.0,R,440.0,R,505.0,R,585.0,R,20.0,R,23.0,R,24.0,R,16.0,R,22.0,R,24.0,R,15.0,R,20.0,R,25.0
120883,1,5,1,1,1,1,5,1,3,5,1,3,R,5763,R,2184,R,3498,A,,R,81.0,R,5467.0,R,2054.0,R,3339.0,A,,R,74.0,R,773.0,R,328.0,R,445.0,A,,R,0.0,R,771.0,R,327.0,R,444.0,A,,R,0.0,R,2.0,R,1.0,R,1.0,A,,R,0.0,R,210.0,R,27.0,R,38.0,R,5.0,R,580.0,R,650.0,R,690.0,R,580.0,R,650.0,R,730.0,R,23.0,R,28.0,R,31.0,R,22.0,R,28.0,R,32.0,R,23.0,R,26.0,R,31.0
121150,1,3,1,3,1,3,5,1,3,5,1,5,R,12457,R,4553,R,7904,A,,R,0.0,R,6210.0,R,2356.0,R,3854.0,A,,R,0.0,R,732.0,R,294.0,R,438.0,A,,R,0.0,R,732.0,R,294.0,R,438.0,A,,R,0.0,R,0.0,R,0.0,R,0.0,A,,R,0.0,R,106.0,R,14.0,R,54.0,R,7.0,R,630.0,R,670.0,R,710.0,R,620.0,R,690.0,R,740.0,R,26.0,R,30.0,R,32.0,R,26.0,R,30.0,R,34.0,R,26.0,R,27.0,R,30.0
121257,5,5,1,5,1,5,3,1,3,5,1,3,R,3464,R,1190,R,2055,R,219.0,R,0.0,R,577.0,R,213.0,R,314.0,R,50.0,R,0.0,R,275.0,R,100.0,R,153.0,R,22.0,R,0.0,R,275.0,R,100.0,R,153.0,R,22.0,R,0.0,A,,A,,A,,A,,A,,A,,A,,A,,A,,A,,A,,A,,A,,A,,A,,A,,A,,A,,A,,A,,A,,A,,A,,A,
121309,1,3,1,1,1,3,5,5,3,3,1,5,R,3065,R,1023,R,2042,A,,R,0.0,R,2506.0,R,916.0,R,1590.0,A,,R,0.0,R,657.0,R,202.0,R,455.0,A,,R,0.0,R,657.0,R,202.0,R,455.0,A,,R,0.0,R,0.0,R,0.0,R,0.0,A,,R,0.0,R,67.0,R,10.0,R,45.0,R,7.0,R,590.0,R,640.0,R,710.0,R,550.0,R,630.0,R,700.0,R,22.0,R,27.0,R,30.0,R,23.0,R,26.0,R,32.0,R,19.0,R,24.0,R,27.0
121345,5,5,1,1,1,5,5,1,3,5,1,3,R,12121,R,4985,R,7133,S,,S,,R,819.0,R,377.0,R,440.0,S,,S,,R,408.0,R,189.0,R,217.0,S,,S,,R,408.0,R,189.0,R,217.0,S,,S,,R,0.0,R,0.0,R,0.0,S,,S,,R,120.0,R,29.0,R,61.0,R,15.0,R,730.0,R,750.0,R,770.0,R,750.0,R,770.0,R,790.0,R,33.0,R,34.0,R,35.0,R,35.0,R,35.0,R,36.0,R,30.0,R,32.0,R,35.0
121691,1,5,1,5,5,3,5,1,3,5,1,5,R,3622,R,1682,R,1940,S,,S,,R,2931.0,R,1308.0,R,1623.0,S,,S,,R,484.0,R,211.0,R,273.0,S,,S,,R,482.0,R,211.0,R,271.0,S,,S,,R,2.0,R,0.0,R,2.0,S,,S,,R,88.0,R,18.0,R,26.0,R,5.0,R,548.0,R,615.0,R,670.0,R,530.0,R,590.0,R,653.0,R,25.0,R,28.0,R,30.0,R,23.0,R,25.0,R,31.0,R,24.0,R,27.0,R,29.0
122409,1,3,1,1,3,3,3,1,3,3,3,3,R,82800,R,34822,R,47978,S,,S,,R,28517.0,R,10981.0,R,17536.0,S,,S,,R,6162.0,R,2502.0,R,3660.0,S,,S,,R,6095.0,R,2469.0,R,3626.0,S,,S,,R,67.0,R,33.0,R,34.0,S,,S,,A,,A,,A,,A,,A,,A,,A,,A,,A,,A,,A,,A,,A,,A,,A,,A,,A,,A,,A,
122436,1,5,1,1,1,5,3,1,3,5,1,3,R,15953,R,6017,R,9936,S,,S,,R,7458.0,R,2934.0,R,4524.0,S,,S,,R,1245.0,R,523.0,R,722.0,S,,S,,R,1244.0,R,523.0,R,721.0,S,,S,,R,1.0,R,0.0,R,1.0,S,,S,,A,,A,,A,,A,,A,,A,,A,,A,,A,,A,,A,,A,,A,,A,,A,,A,,A,,A,,A,
122506,1,3,1,3,1,1,3,1,3,5,1,3,R,439,R,224,R,215,S,,S,,R,228.0,R,114.0,R,114.0,S,,S,,R,54.0,R,36.0,R,18.0,S,,S,,R,54.0,R,36.0,R,18.0,S,,S,,A,,A,,A,,S,,S,,A,,A,,A,,A,,A,,A,,A,,A,,A,,A,,A,,A,,A,,A,,A,,A,,A,,A,,A,
122597,1,3,1,1,3,3,3,1,3,5,3,3,R,29878,R,11778,R,18100,S,,S,,R,28727.0,R,11268.0,R,17459.0,S,,S,,R,2985.0,R,1295.0,R,1690.0,S,,S,,R,2850.0,R,1227.0,R,1623.0,S,,S,,R,135.0,R,68.0,R,67.0,S,,S,,A,,A,,A,,A,,A,,A,,A,,A,,A,,A,,A,,A,,A,,A,,A,,A,,A,,A,,A,
122612,1,3,1,1,5,3,5,1,3,5,1,3,R,25709,R,8947,R,16355,S,,S,,R,13052.0,R,4411.0,R,8380.0,S,,S,,R,1124.0,R,366.0,R,727.0,S,,S,,R,1122.0,R,366.0,R,727.0,S,,S,,R,2.0,R,0.0,R,0.0,S,,S,,R,174.0,R,15.0,R,63.0,R,6.0,R,610.0,R,650.0,R,690.0,R,600.0,R,650.0,R,700.0,R,26.0,R,29.0,R,31.0,R,25.0,R,30.0,R,33.0,R,24.0,R,26.0,R,28.0
122728,1,3,1,5,5,3,5,5,3,3,5,3,R,699,R,294,R,405,A,,R,0.0,R,537.0,R,219.0,R,318.0,A,,R,0.0,R,190.0,R,88.0,R,102.0,A,,R,0.0,R,186.0,R,85.0,R,101.0,A,,R,0.0,R,4.0,R,3.0,R,1.0,A,,R,0.0,R,3.0,R,2.0,R,0.0,R,0.0,S,,S,,S,,S,,S,,S,,A,,A,,A,,A,,A,,A,,A,,A,,A,
122755,1,3,1,1,3,3,3,1,3,3,3,3,R,35780,R,18119,R,17661,S,,S,,R,28708.0,R,13342.0,R,15366.0,S,,S,,R,4520.0,R,2285.0,R,2235.0,S,,S,,R,4340.0,R,2172.0,R,2168.0,S,,S,,R,180.0,R,113.0,R,67.0,S,,S,,A,,A,,A,,A,,A,,A,,A,,A,,A,,A,,A,,A,,A,,A,,A,,A,,A,,A,,A,
122931,1,5,1,1,1,3,5,1,3,5,1,5,R,18843,R,9123,R,9720,A,,R,0.0,R,8261.0,R,3663.0,R,4598.0,A,,R,0.0,R,1552.0,R,744.0,R,808.0,A,,R,0.0,R,1548.0,R,743.0,R,805.0,A,,R,0.0,R,4.0,R,1.0,R,3.0,A,,R,0.0,R,393.0,R,25.0,R,181.0,R,12.0,R,660.0,R,700.0,R,730.0,R,680.0,R,720.0,R,770.0,R,30.0,R,31.0,R,33.0,A,,A,,A,,R,27.0,R,29.0,R,33.0
123165,5,5,1,1,1,3,5,1,3,5,1,5,R,3082,Z,0,R,3082,A,,R,0.0,R,1046.0,A,,R,1046.0,A,,R,0.0,R,275.0,A,,R,275.0,A,,R,0.0,R,275.0,A,,R,275.0,A,,R,0.0,A,,A,,A,,A,,A,,R,71.0,R,26.0,R,48.0,R,17.0,R,720.0,R,740.0,R,760.0,R,700.0,R,740.0,R,770.0,R,32.0,R,33.0,R,34.0,R,34.0,R,35.0,R,35.0,R,28.0,R,30.0,R,33.0
123280,1,3,1,3,1,3,3,1,3,3,1,3,R,2,R,1,R,1,A,,R,0.0,R,2.0,R,1.0,R,1.0,A,,R,0.0,R,1.0,R,0.0,R,1.0,A,,R,0.0,R,1.0,A,,R,1.0,A,,R,0.0,R,0.0,A,,R,0.0,A,,R,0.0,A,,A,,A,,A,,A,,A,,A,,A,,A,,A,,A,,A,,A,,A,,A,,A,,A,,A,,A,
123457,1,3,1,3,5,3,3,1,3,3,3,3,R,823,R,503,R,320,A,,R,0.0,R,815.0,R,497.0,R,318.0,A,,R,0.0,R,151.0,R,102.0,R,49.0,A,,R,0.0,R,150.0,R,102.0,R,48.0,A,,R,0.0,R,1.0,R,0.0,R,1.0,A,,R,0.0,A,,A,,A,,A,,A,,A,,A,,A,,A,,A,,A,,A,,A,,A,,A,,A,,A,,A,,A,
123554,1,3,1,1,1,3,3,1,3,3,3,5,R,4308,R,1837,R,2438,S,,S,,R,3816.0,R,1616.0,R,2167.0,S,,S,,R,503.0,R,228.0,R,274.0,S,,S,,R,499.0,R,224.0,R,274.0,S,,S,,R,4.0,R,4.0,R,0.0,S,,S,,A,,A,,A,,A,,A,,A,,A,,A,,A,,A,,A,,A,,A,,A,,A,,A,,A,,A,,A,
123572,1,3,1,1,3,3,3,1,3,5,3,3,R,10529,R,4190,R,6339,S,,S,,R,9974.0,R,3946.0,R,6028.0,S,,S,,R,911.0,R,316.0,R,595.0,S,,S,,R,899.0,R,309.0,R,590.0,S,,S,,R,12.0,R,7.0,R,5.0,S,,S,,A,,A,,A,,A,,A,,A,,A,,A,,A,,A,,A,,A,,A,,A,,A,,A,,A,,A,,A,
123651,1,5,1,3,3,3,3,1,3,3,1,5,R,3422,R,999,R,2420,A,,R,3.0,R,2214.0,R,631.0,R,1583.0,A,,R,0.0,R,502.0,R,157.0,R,345.0,A,,R,0.0,R,494.0,R,154.0,R,340.0,A,,R,0.0,R,8.0,R,3.0,R,5.0,A,,R,0.0,A,,A,,A,,A,,A,,A,,A,,A,,A,,A,,A,,A,,A,,A,,A,,A,,A,,A,,A,
123679,3,3,1,3,3,3,3,3,1,5,3,3,R,418,R,84,R,334,R,0.0,R,0.0,R,401.0,R,83.0,R,318.0,A,,R,0.0,R,166.0,R,33.0,R,133.0,A,,R,0.0,R,137.0,R,28.0,R,109.0,A,,R,0.0,R,29.0,R,5.0,R,24.0,A,,R,0.0,A,,A,,A,,A,,A,,A,,A,,A,,A,,A,,A,,A,,A,,A,,A,,A,,A,,A,,A,
123952,1,3,1,5,1,5,5,1,3,5,1,3,R,606,R,265,R,341,S,,S,,R,501.0,R,211.0,R,290.0,S,,S,,R,35.0,R,20.0,R,15.0,S,,S,,R,35.0,R,20.0,R,15.0,S,,S,,A,,A,,A,,S,,S,,R,1.0,R,3.0,R,1.0,R,3.0,S,,S,,S,,S,,S,,S,,S,,S,,S,,S,,S,,S,,S,,S,,S,
123961,1,5,1,1,1,1,5,1,3,5,1,5,R,80808,R,35879,R,44057,R,872.0,R,0.0,R,8094.0,R,3888.0,R,4110.0,R,96.0,R,0.0,R,3633.0,R,1698.0,R,1890.0,R,45.0,R,0.0,R,3630.0,R,1696.0,R,1889.0,R,45.0,R,0.0,R,3.0,R,2.0,R,1.0,R,0.0,R,0.0,R,1154.0,R,32.0,R,508.0,R,14.0,R,700.0,R,730.0,R,760.0,R,740.0,R,780.0,R,790.0,R,32.0,R,33.0,R,35.0,R,34.0,R,35.0,R,35.0,R,30.0,R,33.0,R,35.0
124292,1,5,1,1,1,5,1,5,5,3,5,3,R,263,R,128,R,135,A,,R,0.0,R,207.0,R,96.0,R,111.0,A,,R,0.0,R,143.0,R,67.0,R,76.0,A,,R,0.0,R,143.0,R,67.0,R,76.0,A,,R,0.0,A,,A,,A,,A,,A,,R,60.0,R,42.0,R,22.0,R,15.0,R,590.0,R,640.0,R,690.0,R,570.0,R,610.0,R,640.0,R,25.0,R,29.0,R,33.0,R,25.0,R,30.0,R,33.0,R,26.0,R,27.0,R,31.0
124706,3,3,1,3,3,3,3,3,1,5,3,3,R,421,R,68,R,353,R,0.0,R,0.0,R,413.0,R,68.0,R,345.0,A,,R,0.0,R,223.0,R,37.0,R,186.0,A,,R,0.0,R,223.0,R,37.0,R,186.0,A,,R,0.0,A,,A,,A,,A,,A,,A,,A,,A,,A,,A,,A,,A,,A,,A,,A,,A,,A,,A,,A,,A,,A,,A,,A,,A,
124937,3,3,1,3,3,3,3,3,1,5,3,3,R,205,R,51,R,153,S,,S,,R,203.0,R,51.0,R,151.0,S,,S,,R,134.0,R,32.0,R,102.0,S,,S,,R,112.0,R,25.0,R,87.0,S,,S,,R,22.0,R,7.0,R,15.0,S,,S,,A,,A,,A,,A,,A,,A,,A,,A,,A,,A,,A,,A,,A,,A,,A,,A,,A,,A,,A,
125727,1,5,1,1,1,3,5,1,3,5,1,5,R,2244,R,856,R,1388,R,0.0,R,0.0,R,1792.0,R,656.0,R,1136.0,A,,R,0.0,R,320.0,R,140.0,R,180.0,A,,R,0.0,R,320.0,R,140.0,R,180.0,A,,R,0.0,R,0.0,R,0.0,R,0.0,A,,R,0.0,R,58.0,R,18.0,R,25.0,R,8.0,R,622.0,R,680.0,R,720.0,R,590.0,R,655.0,R,698.0,R,30.0,R,32.0,R,34.0,R,29.0,R,34.0,R,35.0,R,26.0,R,28.0,R,32.0
125763,1,3,1,1,1,3,3,1,3,3,1,5,R,2797,R,1365,R,1391,A,,R,41.0,R,2388.0,R,1149.0,R,1213.0,A,,R,26.0,R,145.0,R,56.0,R,83.0,A,,R,6.0,R,145.0,R,56.0,R,83.0,A,,R,6.0,Z,0.0,Z,0.0,Z,0.0,A,,R,0.0,A,,A,,A,,A,,A,,A,,A,,A,,A,,A,,A,,A,,A,,A,,A,,A,,A,,A,,A,
125897,1,3,1,3,5,1,5,1,3,3,5,3,R,1312,R,477,R,827,A,,R,8.0,R,956.0,R,308.0,R,642.0,A,,R,6.0,R,107.0,R,38.0,R,66.0,A,,R,3.0,R,104.0,R,36.0,R,65.0,A,,R,3.0,R,3.0,R,2.0,R,1.0,A,,R,0.0,R,0.0,R,0.0,R,1.0,R,1.0,A,,A,,A,,A,,A,,A,,S,,S,,S,,S,,S,,S,,S,,S,,S,
126076,5,3,5,1,1,5,3,3,3,3,5,5,R,107,R,107,Z,0,A,,R,0.0,R,66.0,R,66.0,A,,A,,R,0.0,R,61.0,R,61.0,A,,A,,R,0.0,R,61.0,R,61.0,A,,A,,R,0.0,A,,A,,A,,A,,A,,A,,A,,A,,A,,A,,A,,A,,A,,A,,A,,A,,A,,A,,A,,A,,A,,A,,A,,A,
126359,1,3,1,3,3,3,3,3,5,3,3,3,R,138,R,11,R,127,S,,S,,R,82.0,R,6.0,R,76.0,S,,S,,R,27.0,R,2.0,R,25.0,S,,S,,R,27.0,R,2.0,R,25.0,S,,S,,A,,A,,A,,S,,S,,A,,A,,A,,A,,A,,A,,A,,A,,A,,A,,A,,A,,A,,A,,A,,A,,A,,A,,A,
126562,1,3,1,5,3,3,5,1,3,3,5,3,R,14569,R,5852,R,8717,R,0.0,R,0.0,R,11336.0,R,4285.0,R,7051.0,A,,R,0.0,R,1628.0,R,670.0,R,958.0,A,,R,0.0,R,1500.0,R,614.0,R,886.0,A,,R,0.0,R,128.0,R,56.0,R,72.0,A,,R,0.0,R,390.0,R,24.0,R,75.0,R,5.0,R,500.0,R,560.0,R,620.0,R,480.0,R,540.0,R,600.0,R,21.0,R,25.0,R,27.0,R,21.0,R,24.0,R,28.0,R,19.0,R,23.0,R,26.0
126580,1,5,3,3,5,3,5,1,3,5,5,3,R,13103,R,4995,R,8079,S,,S,,R,12653.0,R,4795.0,R,7832.0,S,,S,,R,1747.0,R,823.0,R,924.0,S,,S,,R,1644.0,R,769.0,R,875.0,S,,S,,R,103.0,R,54.0,R,49.0,S,,S,,R,595.0,R,34.0,R,121.0,R,7.0,R,520.0,R,580.0,R,630.0,R,500.0,R,550.0,R,610.0,R,21.0,R,24.0,R,28.0,R,20.0,R,23.0,R,28.0,R,18.0,R,24.0,R,27.0
126614,1,5,1,1,1,3,5,1,3,5,1,3,R,56069,R,27490,R,28578,S,,S,,R,46692.0,R,21796.0,R,24895.0,S,,S,,R,7546.0,R,3753.0,R,3792.0,S,,S,,R,7443.0,R,3704.0,R,3738.0,S,,S,,R,103.0,R,49.0,R,54.0,S,,S,,R,1477.0,R,20.0,R,582.0,R,8.0,R,620.0,R,670.0,R,700.0,R,610.0,R,660.0,R,720.0,R,28.0,R,31.0,R,33.0,R,27.0,R,30.0,R,34.0,R,25.0,R,28.0,R,31.0
126678,5,5,1,5,1,3,5,5,3,5,1,5,R,7532,R,3033,R,4216,R,283.0,R,0.0,R,1509.0,R,616.0,R,845.0,R,48.0,R,0.0,R,517.0,R,208.0,R,296.0,R,13.0,R,0.0,R,517.0,R,208.0,R,296.0,R,13.0,R,0.0,A,,A,,A,,A,,A,,R,104.0,R,20.0,R,87.0,R,17.0,R,690.0,R,730.0,R,760.0,R,675.0,R,720.0,R,760.0,R,31.0,R,32.0,R,34.0,R,32.0,R,34.0,R,35.0,R,28.0,R,30.0,R,32.0
126687,3,3,1,3,3,3,3,3,1,5,3,3,R,141,R,19,R,122,R,0.0,R,0.0,R,141.0,R,19.0,R,122.0,A,,R,0.0,R,93.0,R,12.0,R,81.0,A,,R,0.0,R,93.0,R,12.0,R,81.0,A,,R,0.0,A,,A,,A,,A,,A,,A,,A,,A,,A,,A,,A,,A,,A,,A,,A,,A,,A,,A,,A,,A,,A,,A,,A,,A,
126775,1,5,1,1,5,3,5,1,3,5,5,3,R,9821,R,6662,R,3132,R,27.0,R,0.0,R,5864.0,R,3756.0,R,2081.0,R,27.0,R,0.0,R,1450.0,R,945.0,R,478.0,R,27.0,R,0.0,R,1448.0,R,943.0,R,478.0,R,27.0,R,0.0,R,2.0,R,2.0,R,0.0,R,0.0,R,0.0,R,605.0,R,42.0,R,262.0,R,18.0,R,650.0,R,690.0,R,720.0,R,670.0,R,710.0,R,750.0,R,29.0,R,31.0,R,33.0,R,28.0,R,32.0,R,33.0,R,28.0,R,31.0,R,34.0
126784,3,3,1,3,3,3,3,3,3,3,1,3,R,26,R,26,R,0,A,,R,0.0,R,20.0,R,20.0,A,,A,,R,0.0,R,14.0,R,14.0,A,,A,,R,0.0,R,14.0,R,14.0,A,,A,,R,0.0,A,,A,,A,,A,,A,,A,,A,,A,,A,,A,,A,,A,,A,,A,,A,,A,,A,,A,,A,,A,,A,,A,,A,,A,
126818,1,5,1,5,5,3,3,1,3,5,1,3,R,36612,R,15459,R,20746,R,0.0,R,407.0,R,32801.0,R,13734.0,R,19065.0,A,,R,2.0,R,5293.0,R,2318.0,R,2975.0,A,,R,0.0,R,5224.0,R,2287.0,R,2937.0,A,,R,0.0,R,69.0,R,31.0,R,38.0,A,,R,0.0,A,,A,,A,,A,,A,,A,,A,,A,,A,,A,,A,,A,,A,,A,,A,,A,,A,,A,,A,
127060,1,5,1,5,1,3,5,1,3,5,1,5,R,19214,R,7959,R,11253,A,,R,2.0,R,13679.0,R,5611.0,R,8066.0,A,,R,2.0,R,1458.0,R,633.0,R,825.0,A,,R,0.0,R,1438.0,R,621.0,R,817.0,A,,R,0.0,R,20.0,R,12.0,R,8.0,A,,R,0.0,R,344.0,R,27.0,R,229.0,R,16.0,R,630.0,R,670.0,R,710.0,R,610.0,R,650.0,R,700.0,R,29.0,R,30.0,R,32.0,R,28.0,R,31.0,R,34.0,R,26.0,R,28.0,R,30.0
127185,1,1,1,1,5,5,5,1,3,5,5,3,R,4253,R,1827,R,2414,S,,S,,R,3964.0,R,1669.0,R,2285.0,S,,S,,R,815.0,R,392.0,R,420.0,S,,S,,R,803.0,R,384.0,R,416.0,S,,S,,R,12.0,R,8.0,R,4.0,S,,S,,R,196.0,R,24.0,R,90.0,R,11.0,R,500.0,R,560.0,R,630.0,R,480.0,R,540.0,R,590.0,R,16.0,R,20.0,R,24.0,R,15.0,R,19.0,R,23.0,R,16.0,R,18.0,R,23.0
127556,1,3,1,5,5,3,5,1,3,5,5,3,R,10631,R,4568,R,6029,A,,R,34.0,R,8653.0,R,3693.0,R,4936.0,A,,R,24.0,R,1806.0,R,873.0,R,927.0,A,,R,6.0,R,1656.0,R,804.0,R,847.0,A,,R,5.0,R,150.0,R,69.0,R,80.0,A,,R,1.0,R,883.0,R,49.0,R,178.0,R,10.0,R,470.0,R,540.0,R,600.0,R,460.0,R,520.0,R,580.0,R,19.0,R,22.0,R,26.0,R,18.0,R,21.0,R,25.0,R,17.0,R,21.0,R,25.0
127565,1,1,1,5,3,3,5,1,3,3,3,3,R,12403,R,4937,R,7191,R,275.0,R,0.0,R,12296.0,R,4884.0,R,7140.0,R,272.0,R,0.0,R,2132.0,R,920.0,R,1111.0,R,101.0,R,0.0,R,1520.0,R,666.0,R,788.0,R,66.0,R,0.0,R,612.0,R,254.0,R,323.0,R,35.0,R,0.0,R,634.0,R,30.0,R,65.0,R,3.0,R,450.0,R,510.0,R,570.0,R,430.0,R,500.0,R,540.0,R,17.0,R,20.0,R,23.0,R,16.0,R,21.0,R,24.0,R,16.0,R,19.0,R,24.0
127653,1,3,1,5,5,3,3,1,3,3,3,3,R,100,R,30,R,70,A,,R,0.0,R,94.0,R,25.0,R,69.0,A,,R,0.0,R,24.0,R,5.0,R,19.0,A,,R,0.0,R,24.0,R,5.0,R,19.0,A,,R,0.0,R,0.0,R,0.0,R,0.0,A,,R,0.0,A,,A,,A,,A,,A,,A,,A,,A,,A,,A,,A,,A,,A,,A,,A,,A,,A,,A,,A,
127741,1,5,1,5,5,3,5,1,3,3,5,3,R,10274,R,3595,R,6679,A,,R,0.0,R,8880.0,R,3077.0,R,5803.0,A,,R,0.0,R,1229.0,R,373.0,R,856.0,A,,R,0.0,R,1214.0,R,363.0,R,851.0,A,,R,0.0,R,15.0,R,10.0,R,5.0,A,,R,0.0,R,287.0,R,23.0,R,48.0,R,4.0,R,490.0,R,540.0,R,600.0,R,480.0,R,530.0,R,580.0,R,17.0,R,22.0,R,26.0,R,16.0,R,21.0,R,25.0,R,17.0,R,19.0,R,24.0
127918,1,3,1,3,5,3,5,1,3,5,5,3,R,4997,R,1755,R,3174,R,0.0,R,68.0,R,4361.0,R,1492.0,R,2809.0,A,,R,60.0,R,501.0,R,160.0,R,339.0,A,,R,2.0,R,500.0,R,160.0,R,338.0,A,,R,2.0,R,1.0,R,0.0,R,1.0,A,,R,0.0,R,4.0,R,1.0,A,,A,,S,,S,,S,,S,,S,,S,,A,,A,,A,,A,,A,,A,,A,,A,,A,
127954,3,3,1,3,1,3,3,3,3,1,1,3,R,5,R,0,R,5,R,0.0,R,0.0,R,4.0,A,,R,4.0,A,,R,0.0,R,4.0,A,,R,4.0,A,,R,0.0,R,4.0,A,,R,4.0,A,,R,0.0,A,,A,,A,,A,,A,,A,,A,,A,,A,,A,,A,,A,,A,,A,,A,,A,,A,,A,,A,,A,,A,,A,,A,,A,
128106,1,5,1,3,3,3,5,1,3,3,5,3,R,1834,R,816,R,1018,S,,S,,R,1831.0,R,814.0,R,1017.0,S,,S,,R,678.0,R,304.0,R,374.0,S,,S,,R,612.0,R,272.0,R,340.0,S,,S,,R,66.0,R,32.0,R,34.0,S,,S,,R,286.0,R,42.0,R,36.0,R,5.0,R,450.0,R,500.0,R,560.0,R,420.0,R,490.0,R,540.0,R,19.0,R,22.0,R,25.0,R,18.0,R,21.0,R,24.0,R,18.0,R,21.0,R,25.0
128328,1,1,1,3,1,3,1,3,3,1,1,3,R,9543,R,6532,R,3011,R,0.0,R,0.0,R,1329.0,R,927.0,R,402.0,A,,R,0.0,R,1054.0,R,751.0,R,303.0,A,,R,0.0,R,1054.0,R,751.0,R,303.0,A,,R,0.0,A,,A,,A,,A,,A,,R,688.0,R,65.0,R,430.0,R,41.0,R,620.0,R,670.0,R,710.0,R,630.0,R,680.0,R,740.0,R,26.0,R,30.0,R,33.0,R,25.0,R,30.0,R,34.0,R,25.0,R,28.0,R,31.0
128391,5,5,5,5,5,5,5,1,3,5,5,5,R,3283,R,1669,R,1614,A,,R,0.0,R,3200.0,R,1629.0,R,1571.0,A,,R,0.0,R,423.0,R,224.0,R,199.0,A,,R,0.0,R,420.0,R,222.0,R,198.0,A,,R,0.0,R,3.0,R,2.0,R,1.0,A,,R,0.0,R,122.0,R,29.0,R,41.0,R,10.0,R,500.0,R,560.0,R,630.0,R,500.0,R,540.0,R,610.0,R,21.0,R,25.0,R,28.0,R,20.0,R,23.0,R,26.0,R,19.0,R,24.0,R,27.0
128498,1,5,1,5,5,5,3,1,3,5,1,3,R,2338,R,1203,R,1128,A,,R,7.0,R,1505.0,R,693.0,R,808.0,A,,R,4.0,R,176.0,R,82.0,R,94.0,A,,R,0.0,R,171.0,R,79.0,R,92.0,A,,R,0.0,R,5.0,R,3.0,R,2.0,A,,R,0.0,A,,A,,A,,A,,A,,A,,A,,A,,A,,A,,A,,A,,A,,A,,A,,A,,A,,A,,A,
128586,5,3,5,1,1,5,3,3,3,3,5,5,R,33,R,33,Z,0,A,,R,0.0,R,26.0,R,26.0,A,,A,,R,0.0,R,24.0,R,24.0,A,,A,,R,0.0,R,24.0,R,24.0,A,,A,,R,0.0,A,,A,,A,,A,,A,,A,,A,,A,,A,,A,,A,,A,,A,,A,,A,,A,,A,,A,,A,,A,,A,,A,,A,,A,
128744,1,3,1,3,5,3,5,1,3,3,5,5,R,5592,R,2559,R,3033,A,,R,0.0,R,3596.0,R,1446.0,R,2150.0,A,,R,0.0,R,231.0,R,74.0,R,157.0,A,,R,0.0,R,217.0,R,71.0,R,146.0,A,,R,0.0,R,14.0,R,3.0,R,11.0,A,,R,0.0,R,18.0,R,8.0,R,0.0,R,0.0,R,470.0,R,505.0,R,585.0,R,410.0,R,480.0,R,530.0,A,,A,,A,,A,,A,,A,,A,,A,,A,
128771,1,1,1,1,1,3,5,1,3,5,1,3,R,8282,R,4029,R,4253,A,,R,0.0,R,6255.0,R,2922.0,R,3333.0,A,,R,0.0,R,1441.0,R,739.0,R,702.0,A,,R,0.0,R,1416.0,R,726.0,R,690.0,A,,R,0.0,R,25.0,R,13.0,R,12.0,A,,R,0.0,R,365.0,R,25.0,R,8.0,R,1.0,R,480.0,R,550.0,R,600.0,R,480.0,R,540.0,R,580.0,R,19.0,R,23.0,R,29.0,R,17.0,R,20.0,R,28.0,R,17.0,R,22.0,R,27.0
128902,5,5,1,5,1,5,5,1,3,5,1,5,R,9397,R,3774,R,5623,A,,R,0.0,R,3597.0,R,1205.0,R,2392.0,A,,R,0.0,R,555.0,R,213.0,R,342.0,A,,R,0.0,R,555.0,R,213.0,R,342.0,A,,R,0.0,A,,A,,A,,A,,A,,R,100.0,R,18.0,R,45.0,R,8.0,R,680.0,R,710.0,R,740.0,R,660.0,R,690.0,R,730.0,R,31.0,R,32.0,R,33.0,R,32.0,R,34.0,R,35.0,R,28.0,R,29.0,R,31.0
129020,1,5,1,1,5,3,1,1,3,5,1,3,R,46645,R,20114,R,26531,S,,S,,R,25164.0,R,9601.0,R,15563.0,S,,S,,R,4189.0,R,1704.0,R,2485.0,S,,S,,R,4178.0,R,1700.0,R,2478.0,S,,S,,R,11.0,R,4.0,R,7.0,S,,S,,R,1558.0,R,37.0,R,162.0,R,4.0,R,610.0,R,660.0,R,700.0,R,600.0,R,670.0,R,720.0,R,29.0,R,31.0,R,33.0,R,28.0,R,33.0,R,35.0,R,26.0,R,29.0,R,32.0
129215,1,5,1,3,1,3,5,1,3,3,1,3,R,5275,R,2181,R,3092,S,,S,,R,4249.0,R,1617.0,R,2630.0,S,,S,,R,614.0,R,255.0,R,359.0,S,,S,,R,613.0,R,254.0,R,359.0,S,,S,,R,1.0,R,1.0,R,0.0,S,,S,,R,98.0,R,16.0,R,1.0,R,1.0,R,570.0,R,610.0,R,670.0,R,540.0,R,590.0,R,650.0,S,,S,,S,,S,,S,,S,,S,,S,,S,
129242,1,5,1,1,1,3,5,1,3,5,1,5,R,15463,R,6109,R,9354,A,,R,0.0,R,6956.0,R,2860.0,R,4096.0,A,,R,0.0,R,1436.0,R,608.0,R,828.0,A,,R,0.0,R,1435.0,R,607.0,R,828.0,A,,R,0.0,R,1.0,R,1.0,R,0.0,A,,R,0.0,R,302.0,R,21.0,R,71.0,R,5.0,R,620.0,R,650.0,R,690.0,R,620.0,R,660.0,R,690.0,R,29.0,R,30.0,R,32.0,A,,A,,A,,A,,A,,A,
129525,5,5,1,1,5,1,5,1,3,3,1,3,R,14253,R,5314,R,8937,S,,S,,R,11832.0,R,4391.0,R,7441.0,S,,S,,R,1311.0,R,545.0,R,766.0,S,,S,,R,1307.0,R,543.0,R,764.0,S,,S,,R,4.0,R,2.0,R,2.0,S,,S,,R,270.0,R,21.0,R,17.0,R,1.0,R,560.0,R,610.0,R,650.0,R,540.0,R,590.0,R,630.0,R,25.0,R,28.0,R,32.0,A,,A,,A,,A,,A,,A,
129774,1,3,1,1,5,3,3,3,3,3,3,3,R,1295,R,647,R,648,R,0.0,R,0.0,R,950.0,R,479.0,R,471.0,A,,R,0.0,R,83.0,R,55.0,R,28.0,A,,R,0.0,R,83.0,R,55.0,R,28.0,A,,R,0.0,R,0.0,R,0.0,R,0.0,A,,R,0.0,A,,A,,A,,A,,A,,A,,A,,A,,A,,A,,A,,A,,A,,A,,A,,A,,A,,A,,A,
129941,1,3,1,5,1,3,5,1,3,5,5,3,R,13498,R,5936,R,7559,S,,S,,R,10872.0,R,4341.0,R,6529.0,S,,S,,R,1296.0,R,480.0,R,816.0,S,,S,,R,1294.0,R,479.0,R,815.0,S,,S,,R,2.0,R,1.0,R,1.0,S,,S,,R,339.0,R,26.0,A,,A,,R,560.0,R,600.0,R,640.0,R,530.0,R,590.0,R,620.0,A,,A,,A,,A,,A,,A,,A,,A,,A,
130110,5,5,1,3,3,1,3,1,3,1,3,3,R,52,R,16,R,36,S,,S,,R,32.0,R,9.0,R,23.0,S,,S,,R,23.0,R,6.0,R,17.0,S,,S,,R,18.0,R,6.0,R,12.0,S,,S,,R,5.0,R,0.0,R,5.0,S,,S,,A,,A,,A,,A,,A,,A,,A,,A,,A,,A,,A,,A,,A,,A,,A,,A,,A,,A,,A,
130226,1,5,1,1,5,3,5,1,3,5,5,3,R,21323,R,8453,R,12866,A,,R,4.0,R,16418.0,R,6432.0,R,9983.0,A,,R,3.0,R,1797.0,R,745.0,R,1052.0,A,,R,0.0,R,1793.0,R,742.0,R,1051.0,A,,R,0.0,R,4.0,R,3.0,R,1.0,A,,R,0.0,R,506.0,R,28.0,R,55.0,R,3.0,R,560.0,R,610.0,R,650.0,R,540.0,R,590.0,R,650.0,R,25.0,R,28.0,R,29.0,R,23.0,R,27.0,R,31.0,R,24.0,R,27.0,R,28.0
130253,1,5,1,5,1,5,3,1,3,5,1,3,R,14284,R,5044,R,9240,A,,R,0.0,R,9667.0,R,3207.0,R,6460.0,A,,R,0.0,R,1905.0,R,731.0,R,1174.0,A,,R,0.0,R,1903.0,R,729.0,R,1174.0,A,,R,0.0,R,2.0,R,2.0,Z,0.0,A,,R,0.0,A,,A,,A,,A,,A,,A,,A,,A,,A,,A,,A,,A,,A,,A,,A,,A,,A,,A,,A,
130314,1,5,1,5,1,3,5,1,3,5,5,3,R,1778,R,630,R,1148,R,0.0,R,0.0,R,1416.0,R,453.0,R,963.0,A,,R,0.0,R,173.0,R,68.0,R,105.0,A,,R,0.0,R,173.0,R,68.0,R,105.0,A,,R,0.0,R,0.0,R,0.0,R,0.0,A,,R,0.0,R,17.0,R,10.0,R,1.0,R,1.0,R,460.0,R,550.0,R,630.0,R,500.0,R,550.0,R,620.0,S,,S,,S,,S,,S,,S,,S,,S,,S,
130493,1,5,1,5,5,5,3,1,3,5,5,3,R,8303,R,3364,R,4938,S,,S,,R,6735.0,R,2596.0,R,4138.0,S,,S,,R,1227.0,R,462.0,R,765.0,S,,S,,R,1211.0,R,451.0,R,760.0,S,,S,,R,16.0,R,11.0,R,5.0,S,,S,,A,,A,,A,,A,,A,,A,,A,,A,,A,,A,,A,,A,,A,,A,,A,,A,,A,,A,,A,
130590,5,5,1,1,1,5,5,1,3,5,1,5,R,6396,R,3084,R,3312,S,,S,,R,2144.0,R,936.0,R,1208.0,S,,S,,R,579.0,R,262.0,R,317.0,S,,S,,R,577.0,R,260.0,R,317.0,S,,S,,R,2.0,R,2.0,R,0.0,S,,S,,R,53.0,R,9.0,R,23.0,R,4.0,R,660.0,R,690.0,R,730.0,R,650.0,R,700.0,R,730.0,R,30.0,R,31.0,R,33.0,R,29.0,R,32.0,R,35.0,R,27.0,R,28.0,R,30.0
130624,1,1,1,5,1,5,5,5,5,5,1,5,R,1789,R,1281,R,508,A,,R,0.0,R,435.0,R,260.0,R,175.0,A,,R,0.0,R,287.0,R,184.0,R,103.0,A,,R,0.0,R,287.0,R,184.0,R,103.0,A,,R,0.0,A,,A,,A,,A,,A,,R,186.0,R,67.0,R,66.0,R,24.0,R,610.0,R,650.0,R,690.0,R,600.0,R,640.0,R,690.0,R,25.0,R,27.0,R,30.0,R,26.0,R,27.0,R,33.0,R,24.0,R,26.0,R,28.0
130697,5,5,1,5,1,5,5,5,3,5,1,3,R,14500,R,5772,R,8728,R,0.0,R,0.0,R,2479.0,R,1054.0,R,1425.0,A,,R,0.0,R,782.0,R,371.0,R,411.0,A,,R,0.0,R,782.0,R,371.0,R,411.0,A,,R,0.0,A,,A,,A,,A,,A,,R,218.0,R,28.0,R,109.0,R,14.0,R,720.0,R,750.0,R,770.0,R,730.0,R,760.0,R,770.0,R,33.0,R,34.0,R,35.0,R,35.0,R,35.0,R,35.0,R,30.0,R,32.0,R,34.0
130776,1,5,1,1,5,3,5,1,3,3,5,3,R,5457,R,2441,R,3016,A,,R,0.0,R,4440.0,R,2001.0,R,2439.0,A,,R,0.0,R,711.0,R,381.0,R,330.0,A,,R,0.0,R,690.0,R,369.0,R,321.0,A,,R,0.0,R,21.0,R,12.0,R,9.0,A,,R,0.0,R,31.0,R,4.0,R,10.0,R,1.0,R,440.0,R,510.0,R,600.0,R,400.0,R,500.0,R,550.0,R,20.0,R,23.0,R,27.0,R,21.0,R,23.0,R,31.0,R,17.0,R,22.0,R,26.0
130794,5,5,1,3,1,5,5,1,3,5,1,5,R,51803,R,22003,R,29799,A,,R,1.0,R,2332.0,R,1127.0,R,1205.0,A,,R,0.0,R,1641.0,R,788.0,R,853.0,A,,R,0.0,R,1641.0,R,788.0,R,853.0,A,,R,0.0,A,,A,,A,,A,,A,,R,926.0,R,56.0,R,421.0,R,26.0,R,740.0,R,760.0,R,780.0,R,760.0,R,780.0,R,800.0,R,33.0,R,34.0,R,35.0,R,34.0,R,35.0,R,36.0,R,31.0,R,34.0,R,35.0
130934,1,3,1,5,3,3,5,1,3,5,5,5,R,7542,R,2595,R,4947,A,,R,0.0,R,4651.0,R,1486.0,R,3165.0,A,,R,0.0,R,1405.0,R,487.0,R,918.0,A,,R,0.0,R,1288.0,R,444.0,R,844.0,A,,R,0.0,R,117.0,R,43.0,R,74.0,A,,R,0.0,R,359.0,R,26.0,R,31.0,R,2.0,R,440.0,R,500.0,R,550.0,R,420.0,R,470.0,R,520.0,R,22.0,R,23.0,R,26.0,R,21.0,R,23.0,R,25.0,R,17.0,R,20.0,R,26.0
130943,1,5,1,1,1,5,5,1,3,5,1,3,R,37690,R,15180,R,22510,A,,R,0.0,R,24541.0,R,9144.0,R,15397.0,A,,R,0.0,R,4548.0,R,1672.0,R,2876.0,A,,R,0.0,R,4530.0,R,1666.0,R,2864.0,A,,R,0.0,R,18.0,R,6.0,R,12.0,A,,R,0.0,R,1089.0,R,24.0,R,136.0,R,3.0,R,610.0,R,650.0,R,680.0,R,590.0,R,640.0,R,680.0,R,27.0,R,29.0,R,31.0,R,27.0,R,30.0,R,33.0,R,25.0,R,27.0,R,29.0
130989,1,5,1,5,3,3,3,1,3,5,5,3,R,1291,R,602,R,689,S,,S,,R,988.0,R,460.0,R,528.0,S,,S,,R,153.0,R,79.0,R,74.0,S,,S,,R,149.0,R,78.0,R,71.0,S,,S,,R,4.0,R,1.0,R,3.0,S,,S,,A,,A,,A,,A,,A,,A,,A,,A,,A,,A,,A,,A,,A,,A,,A,,A,,A,,A,,A,
131159,1,3,1,1,1,3,5,1,3,5,1,3,R,17786,R,5990,R,11796,R,0.0,R,0.0,R,8427.0,R,3096.0,R,5331.0,A,,R,0.0,R,1856.0,R,711.0,R,1145.0,A,,R,0.0,R,1848.0,R,708.0,R,1140.0,A,,R,0.0,R,8.0,R,3.0,R,5.0,A,,R,0.0,R,479.0,R,26.0,R,298.0,R,16.0,R,670.0,R,710.0,R,740.0,R,630.0,R,670.0,R,710.0,R,29.0,R,31.0,R,33.0,R,30.0,R,33.0,R,35.0,R,25.0,R,27.0,R,30.0
131283,1,5,1,1,1,5,3,1,3,5,1,3,R,5874,R,2679,R,3195,A,,R,0.0,R,4925.0,R,2164.0,R,2761.0,A,,R,0.0,R,861.0,R,412.0,R,449.0,A,,R,0.0,R,860.0,R,412.0,R,448.0,A,,R,0.0,R,1.0,R,0.0,R,1.0,A,,R,0.0,A,,A,,A,,A,,A,,A,,A,,A,,A,,A,,A,,A,,A,,A,,A,,A,,A,,A,,A,
131450,1,3,1,5,1,3,1,3,3,5,1,3,R,425,R,206,R,188,R,31.0,R,0.0,R,259.0,R,129.0,R,111.0,R,19.0,R,0.0,R,149.0,R,79.0,R,70.0,R,0.0,R,0.0,R,149.0,R,79.0,R,70.0,A,,R,0.0,A,,A,,A,,A,,A,,R,40.0,R,27.0,R,111.0,R,75.0,R,370.0,R,405.0,R,463.0,R,380.0,R,415.0,R,470.0,R,14.0,R,15.0,R,18.0,R,11.0,R,12.0,R,15.0,R,14.0,R,15.0,R,17.0
131469,1,5,1,1,1,3,5,1,3,5,5,5,R,27094,R,9675,R,17419,S,,S,,R,11798.0,R,4335.0,R,7463.0,S,,S,,R,2539.0,R,942.0,R,1597.0,S,,S,,R,2528.0,R,935.0,R,1593.0,S,,S,,R,11.0,R,7.0,R,4.0,S,,S,,R,770.0,R,30.0,R,310.0,R,12.0,R,680.0,R,720.0,R,750.0,R,670.0,R,710.0,R,750.0,R,31.0,R,32.0,R,34.0,R,32.0,R,34.0,R,35.0,R,28.0,R,30.0,R,31.0
131496,1,5,1,5,1,5,1,5,3,5,1,5,R,25485,R,9894,R,15239,A,,R,352.0,R,3334.0,R,1328.0,R,1971.0,A,,R,35.0,R,1599.0,R,618.0,R,968.0,A,,R,13.0,R,1598.0,R,617.0,R,968.0,A,,R,13.0,R,1.0,R,1.0,R,0.0,A,,R,0.0,R,1200.0,R,75.0,R,535.0,R,33.0,R,700.0,R,740.0,R,770.0,R,690.0,R,760.0,R,780.0,R,32.0,R,33.0,R,34.0,R,34.0,R,35.0,R,35.0,R,29.0,R,32.0,R,35.0
131520,1,5,1,1,1,5,5,1,3,5,1,5,R,30342,R,8864,R,21478,S,,S,,R,10587.0,R,2870.0,R,7717.0,S,,S,,R,2268.0,R,560.0,R,1708.0,S,,S,,R,2261.0,R,557.0,R,1704.0,S,,S,,R,7.0,R,3.0,R,4.0,S,,S,,R,606.0,R,27.0,R,227.0,R,10.0,R,560.0,R,620.0,R,660.0,R,540.0,R,580.0,R,638.0,R,22.0,R,25.0,R,28.0,R,23.0,R,25.0,R,30.0,R,21.0,R,24.0,R,26.0
131830,3,3,1,3,1,1,3,3,3,3,3,3,R,0,R,0,R,0,A,,R,0.0,A,,A,,A,,A,,R,0.0,A,,A,,A,,A,,R,0.0,A,,A,,A,,A,,R,0.0,A,,A,,A,,A,,A,,A,,A,,A,,A,,A,,A,,A,,A,,A,,A,,A,,A,,A,,A,,A,,A,,A,,A,,A,
131876,1,3,1,1,1,3,3,1,3,5,1,3,R,1114,R,16,R,1097,R,0.0,R,1.0,R,1105.0,R,16.0,R,1088.0,A,,R,1.0,R,259.0,R,0.0,R,259.0,A,,R,0.0,R,216.0,A,,R,216.0,A,,R,0.0,R,43.0,A,,R,43.0,A,,R,0.0,A,,A,,A,,A,,A,,A,,A,,A,,A,,A,,A,,A,,A,,A,,A,,A,,A,,A,,A,
132408,1,3,1,3,5,5,1,1,3,3,3,3,R,156,R,75,R,81,A,,R,0.0,R,100.0,R,60.0,R,40.0,A,,R,0.0,R,29.0,R,19.0,R,10.0,A,,R,0.0,R,20.0,R,12.0,R,8.0,A,,R,0.0,R,9.0,R,7.0,R,2.0,A,,R,0.0,R,13.0,R,45.0,R,14.0,R,48.0,R,500.0,R,550.0,R,650.0,R,430.0,R,490.0,R,550.0,R,17.0,R,20.0,R,23.0,R,15.0,R,20.0,R,24.0,R,15.0,R,17.0,R,20.0
132471,1,3,1,3,3,3,3,1,3,3,3,3,R,12141,R,4813,R,7239,A,,R,89.0,R,7172.0,R,2453.0,R,4690.0,A,,R,29.0,R,582.0,R,212.0,R,370.0,A,,R,0.0,R,576.0,R,211.0,R,365.0,A,,R,0.0,R,6.0,R,1.0,R,5.0,A,,R,0.0,A,,A,,A,,A,,A,,A,,A,,A,,A,,A,,A,,A,,A,,A,,A,,A,,A,,A,,A,
132602,1,5,5,5,5,5,5,1,3,5,5,5,R,6844,R,1904,R,4860,S,,S,,R,6834.0,R,1901.0,R,4856.0,S,,S,,R,702.0,R,270.0,R,432.0,S,,S,,R,698.0,R,266.0,R,432.0,S,,S,,R,4.0,R,4.0,R,0.0,S,,S,,R,294.0,R,42.0,R,142.0,R,20.0,R,430.0,R,475.0,R,520.0,R,400.0,R,440.0,R,480.0,R,15.0,R,16.0,R,18.0,R,13.0,R,15.0,R,17.0,R,15.0,R,15.0,R,16.0
132657,1,3,1,5,5,5,5,1,3,5,1,3,R,8333,R,3468,R,4865,A,,R,0.0,R,6162.0,R,2572.0,R,3590.0,A,,R,0.0,R,781.0,R,382.0,R,399.0,A,,R,0.0,R,752.0,R,373.0,R,379.0,A,,R,0.0,R,29.0,R,9.0,R,20.0,A,,R,0.0,R,98.0,R,14.0,R,29.0,R,4.0,R,520.0,R,580.0,R,620.0,R,510.0,R,540.0,R,580.0,R,22.0,R,24.0,R,27.0,R,21.0,R,25.0,R,29.0,R,19.0,R,23.0,R,25.0
132842,1,3,1,3,1,3,3,3,3,3,3,3,R,39,R,6,R,33,R,0.0,R,0.0,R,39.0,R,6.0,R,33.0,A,,R,0.0,R,23.0,R,4.0,R,19.0,A,,R,0.0,R,12.0,R,3.0,R,9.0,A,,R,0.0,R,11.0,R,1.0,R,10.0,A,,R,0.0,A,,A,,A,,A,,A,,A,,A,,A,,A,,A,,A,,A,,A,,A,,A,,A,,A,,A,,A,
132879,1,5,5,5,1,5,5,1,3,5,1,5,R,283,R,178,R,105,S,,S,,R,66.0,R,36.0,R,30.0,S,,S,,C,22.0,C,15.0,C,7.0,S,,S,,C,21.0,C,14.0,C,7.0,S,,S,,C,1.0,C,1.0,R,0.0,S,,S,,R,15.0,C,68.0,R,2.0,C,9.0,R,410.0,R,440.0,R,500.0,R,430.0,R,500.0,R,520.0,S,,S,,S,,S,,S,,S,,S,,S,,S,
132903,1,5,1,1,3,3,1,3,3,5,5,3,R,60627,R,25467,R,35158,S,,S,,R,23961.0,R,10508.0,R,13452.0,S,,S,,R,8196.0,R,3986.0,R,4209.0,S,,S,,R,7226.0,R,3387.0,R,3838.0,S,,S,,R,970.0,R,599.0,R,371.0,S,,S,,R,5945.0,R,73.0,R,2251.0,R,27.0,R,610.0,R,644.0,R,680.0,R,580.0,R,628.0,R,670.0,R,25.0,R,27.0,R,29.0,R,24.0,R,27.0,R,30.0,R,23.0,R,25.0,R,27.0
133492,1,3,1,5,1,5,5,1,3,5,1,5,R,4664,R,1457,R,3207,A,,R,0.0,R,3670.0,R,1081.0,R,2589.0,A,,R,0.0,R,537.0,R,155.0,R,382.0,A,,R,0.0,R,534.0,R,155.0,R,379.0,A,,R,0.0,R,3.0,R,0.0,R,3.0,A,,R,0.0,R,130.0,R,24.0,R,97.0,R,18.0,R,600.0,R,650.0,R,678.0,R,550.0,R,610.0,R,658.0,R,24.0,R,26.0,R,29.0,R,23.0,R,25.0,R,30.0,R,21.0,R,25.0,R,27.0
133526,1,3,1,3,3,3,3,3,3,3,3,3,R,9805,R,3614,R,6091,A,,R,100.0,R,8316.0,R,3059.0,R,5222.0,A,,R,35.0,R,316.0,R,166.0,R,146.0,A,,R,4.0,R,316.0,R,166.0,R,146.0,A,,R,4.0,R,0.0,R,0.0,R,0.0,A,,R,0.0,A,,A,,A,,A,,A,,A,,A,,A,,A,,A,,A,,A,,A,,A,,A,,A,,A,,A,,A,
133553,5,5,1,1,5,5,5,1,3,3,5,5,R,10286,R,7224,R,2984,R,0.0,R,78.0,R,6818.0,R,4733.0,R,2046.0,A,,R,39.0,R,1931.0,R,1325.0,R,606.0,A,,R,0.0,R,1923.0,R,1318.0,R,605.0,A,,R,0.0,R,8.0,R,7.0,R,1.0,A,,R,0.0,R,1082.0,R,56.0,R,514.0,R,27.0,R,570.0,R,620.0,R,670.0,R,570.0,R,620.0,R,680.0,R,24.0,R,27.0,R,30.0,R,22.0,R,25.0,R,30.0,R,23.0,R,26.0,R,28.0
133650,1,5,1,1,5,5,1,1,3,5,1,3,R,22713,R,6458,R,16255,A,,R,0.0,R,4797.0,R,1436.0,R,3361.0,A,,R,0.0,R,1391.0,R,437.0,R,954.0,A,,R,0.0,R,1264.0,R,391.0,R,873.0,A,,R,0.0,R,127.0,R,46.0,R,81.0,A,,R,0.0,R,1159.0,R,83.0,R,618.0,R,45.0,R,530.0,R,560.0,R,590.0,R,500.0,R,530.0,R,560.0,R,20.0,R,22.0,R,24.0,R,19.0,R,21.0,R,24.0,R,18.0,R,20.0,R,23.0
133669,1,5,1,1,5,3,1,1,3,3,5,5,R,27612,R,10546,R,17066,A,,R,0.0,R,20279.0,R,7563.0,R,12716.0,A,,R,0.0,R,4417.0,R,1776.0,R,2641.0,A,,R,0.0,R,3567.0,R,1362.0,R,2205.0,A,,R,0.0,R,850.0,R,414.0,R,436.0,A,,R,0.0,R,3446.0,R,78.0,R,969.0,R,22.0,R,530.0,R,570.0,R,620.0,R,510.0,R,540.0,R,590.0,R,20.0,R,23.0,R,26.0,R,20.0,R,22.0,R,25.0,R,18.0,R,21.0,R,24.0
133711,1,3,1,1,1,3,5,1,3,5,1,5,R,5509,R,1713,R,3745,S,,S,,R,4302.0,R,1275.0,R,2981.0,S,,S,,R,655.0,R,197.0,R,456.0,S,,S,,R,655.0,R,197.0,R,456.0,S,,S,,A,,A,,A,,S,,S,,R,137.0,R,21.0,R,62.0,R,10.0,R,520.0,R,560.0,R,620.0,R,470.0,R,530.0,R,580.0,R,19.0,R,22.0,R,24.0,R,18.0,R,22.0,R,25.0,R,17.0,R,19.0,R,23.0
133809,1,3,1,3,1,3,1,1,3,3,3,3,R,307,R,163,R,143,A,,R,1.0,R,204.0,R,112.0,R,92.0,A,,R,0.0,R,196.0,R,106.0,R,90.0,A,,R,0.0,R,196.0,R,106.0,R,90.0,A,,R,0.0,R,0.0,R,0.0,R,0.0,A,,R,0.0,R,97.0,R,49.0,R,106.0,R,54.0,R,480.0,R,580.0,R,640.0,R,470.0,R,540.0,R,610.0,R,17.0,R,19.0,R,20.0,R,15.0,R,18.0,R,20.0,R,15.0,R,17.0,R,19.0
133845,3,3,1,3,3,3,3,3,1,5,3,3,R,170,R,13,R,157,R,0.0,R,0.0,R,164.0,R,13.0,R,151.0,A,,R,0.0,R,100.0,R,7.0,R,93.0,A,,R,0.0,R,74.0,R,7.0,R,67.0,A,,R,0.0,R,26.0,R,0.0,R,26.0,A,,R,0.0,A,,A,,A,,A,,A,,A,,A,,A,,A,,A,,A,,A,,A,,A,,A,,A,,A,,A,,A,
133854,3,3,1,3,3,3,3,3,1,5,3,3,R,212,R,30,R,182,R,0.0,R,0.0,R,210.0,R,30.0,R,180.0,A,,R,0.0,R,109.0,R,19.0,R,90.0,A,,R,0.0,R,109.0,R,19.0,R,90.0,A,,R,0.0,A,,A,,A,,A,,A,,A,,A,,A,,A,,A,,A,,A,,A,,A,,A,,A,,A,,A,,A,,A,,A,,A,,A,,A,
133863,3,3,1,3,3,3,3,3,1,5,3,3,R,205,R,29,R,176,R,0.0,R,0.0,R,202.0,R,29.0,R,173.0,A,,R,0.0,R,117.0,R,22.0,R,95.0,A,,R,0.0,R,117.0,R,22.0,R,95.0,A,,R,0.0,A,,A,,A,,A,,A,,A,,A,,A,,A,,A,,A,,A,,A,,A,,A,,A,,A,,A,,A,,A,,A,,A,,A,,A,
133881,1,5,1,5,5,5,1,1,3,5,1,3,R,15205,R,8913,R,6267,R,12.0,R,13.0,R,9507.0,R,5624.0,R,3872.0,R,7.0,R,4.0,R,882.0,R,586.0,R,291.0,R,5.0,R,0.0,R,880.0,R,585.0,R,290.0,R,5.0,R,0.0,R,2.0,R,1.0,R,1.0,R,0.0,R,0.0,R,617.0,R,70.0,R,252.0,R,29.0,R,570.0,R,610.0,R,660.0,R,560.0,R,600.0,R,660.0,R,23.0,R,25.0,R,28.0,R,21.0,R,24.0,R,27.0,R,22.0,R,25.0,R,28.0
133951,1,5,1,1,3,5,1,1,3,3,3,3,R,25034,R,10127,R,14907,A,,R,0.0,R,14729.0,R,5796.0,R,8933.0,A,,R,0.0,R,5169.0,R,2222.0,R,2947.0,A,,R,0.0,R,3376.0,R,1308.0,R,2068.0,A,,R,0.0,R,1793.0,R,914.0,R,879.0,A,,R,0.0,R,4703.0,R,91.0,R,466.0,R,9.0,R,550.0,R,590.0,R,640.0,R,510.0,R,560.0,R,610.0,R,20.0,R,24.0,R,26.0,R,20.0,R,24.0,R,27.0,R,17.0,R,21.0,R,24.0
133979,1,3,1,5,1,3,3,3,3,3,1,3,R,12750,R,4278,R,8472,S,,S,,R,9475.0,R,2898.0,R,6577.0,S,,S,,R,459.0,R,193.0,R,266.0,S,,S,,R,414.0,R,179.0,R,235.0,S,,S,,R,45.0,R,14.0,R,31.0,S,,S,,A,,A,,A,,A,,A,,A,,A,,A,,A,,A,,A,,A,,A,,A,,A,,A,,A,,A,,A,
134079,1,5,1,5,1,5,5,1,3,3,1,5,R,10874,R,3686,R,7176,S,,S,,R,6423.0,R,2150.0,R,4268.0,S,,S,,R,640.0,R,215.0,R,423.0,S,,S,,R,640.0,R,215.0,R,423.0,S,,S,,R,0.0,R,0.0,R,0.0,S,,S,,R,158.0,R,25.0,R,136.0,R,21.0,R,590.0,R,630.0,R,660.0,R,580.0,R,610.0,R,650.0,R,25.0,R,27.0,R,30.0,R,24.0,R,27.0,R,30.0,R,23.0,R,25.0,R,28.0
134097,1,5,1,1,3,3,1,1,3,5,5,3,R,74038,R,29959,R,44059,R,20.0,R,0.0,R,18793.0,R,8135.0,R,10653.0,R,5.0,R,0.0,R,5890.0,R,2480.0,R,3410.0,R,0.0,R,0.0,R,5800.0,R,2433.0,R,3367.0,A,,R,0.0,R,90.0,R,47.0,R,43.0,A,,R,0.0,R,3890.0,R,66.0,R,1908.0,R,32.0,R,630.0,R,660.0,R,700.0,R,610.0,R,650.0,R,690.0,R,27.0,R,29.0,R,31.0,R,26.0,R,30.0,R,33.0,R,25.0,R,27.0,R,29.0
134130,1,3,1,1,3,3,1,3,1,3,1,3,R,65375,R,28784,R,36591,A,,R,0.0,R,15707.0,R,6889.0,R,8818.0,A,,R,0.0,R,6762.0,R,2845.0,R,3917.0,A,,R,0.0,R,6726.0,R,2826.0,R,3900.0,A,,R,0.0,R,36.0,R,19.0,R,17.0,A,,R,0.0,R,5359.0,R,79.0,R,2801.0,R,41.0,R,650.0,R,690.0,R,730.0,R,650.0,R,700.0,R,750.0,R,28.0,R,31.0,R,33.0,R,27.0,R,32.0,R,34.0,R,26.0,R,28.0,R,31.0
134945,1,5,5,5,5,3,5,1,3,3,5,5,R,8879,R,3319,R,5560,A,,R,0.0,R,5087.0,R,1892.0,R,3195.0,A,,R,0.0,R,755.0,R,333.0,R,422.0,A,,R,0.0,R,750.0,R,330.0,R,420.0,A,,R,0.0,R,5.0,R,3.0,R,2.0,A,,R,0.0,R,177.0,R,24.0,R,97.0,R,13.0,R,570.0,R,610.0,R,640.0,R,540.0,R,580.0,R,620.0,R,24.0,R,26.0,R,28.0,R,23.0,R,24.0,R,27.0,R,21.0,R,24.0,R,26.0
135081,5,5,5,5,5,5,3,1,1,5,5,5,R,3375,R,863,R,2460,A,,R,52.0,R,3288.0,R,837.0,R,2401.0,A,,R,50.0,R,1958.0,R,522.0,R,1436.0,A,,R,0.0,R,1249.0,R,357.0,R,892.0,A,,R,0.0,R,709.0,R,165.0,R,544.0,A,,R,0.0,A,,A,,A,,A,,A,,A,,A,,A,,A,,A,,A,,A,,A,,A,,A,,A,,A,,A,,A,
135364,1,3,1,3,1,3,3,3,3,3,1,3,R,35,R,21,R,14,A,,R,0.0,R,12.0,R,8.0,R,4.0,A,,R,0.0,R,9.0,R,6.0,R,3.0,A,,R,0.0,R,1.0,R,1.0,R,0.0,A,,R,0.0,R,8.0,R,5.0,R,3.0,A,,R,0.0,A,,A,,A,,A,,A,,A,,A,,A,,A,,A,,A,,A,,A,,A,,A,,A,,A,,A,,A,
135726,1,5,1,5,1,5,5,1,3,5,1,3,R,48286,R,19817,R,28469,R,0.0,R,0.0,R,8940.0,R,4330.0,R,4610.0,A,,R,0.0,R,2328.0,R,1041.0,R,1287.0,A,,R,0.0,R,2328.0,R,1041.0,R,1287.0,A,,R,0.0,R,0.0,R,0.0,R,0.0,A,,R,0.0,R,735.0,R,32.0,R,491.0,R,21.0,R,660.0,R,690.0,R,720.0,R,670.0,R,710.0,R,750.0,R,30.0,R,32.0,R,33.0,R,31.0,R,33.0,R,35.0,R,27.0,R,29.0,R,32.0
136172,1,5,1,5,5,3,1,1,3,3,3,3,R,21568,R,8050,R,13518,R,0.0,R,0.0,R,13430.0,R,4869.0,R,8561.0,A,,R,0.0,R,2816.0,R,1120.0,R,1696.0,A,,R,0.0,R,2629.0,R,1050.0,R,1579.0,A,,R,0.0,R,187.0,R,70.0,R,117.0,A,,R,0.0,R,1969.0,R,70.0,R,847.0,R,30.0,R,510.0,R,570.0,R,620.0,R,480.0,R,530.0,R,590.0,R,20.0,R,23.0,R,26.0,R,19.0,R,22.0,R,25.0,R,17.0,R,20.0,R,24.0
136215,1,5,1,1,1,5,5,1,3,3,5,5,R,17621,R,5346,R,12141,A,,R,134.0,R,12805.0,R,3701.0,R,9017.0,A,,R,87.0,R,2029.0,R,611.0,R,1414.0,A,,R,4.0,R,2016.0,R,607.0,R,1405.0,A,,R,4.0,R,13.0,R,4.0,R,9.0,A,,R,0.0,R,905.0,R,45.0,R,299.0,R,15.0,R,540.0,R,600.0,R,660.0,R,510.0,R,580.0,R,650.0,R,21.0,R,24.0,R,28.0,R,20.0,R,24.0,R,29.0,R,18.0,R,23.0,R,27.0
136330,1,5,1,5,5,3,5,1,5,5,5,3,R,7657,R,2251,R,5406,A,,R,0.0,R,6763.0,R,1979.0,R,4784.0,A,,R,0.0,R,680.0,R,237.0,R,443.0,A,,R,0.0,R,673.0,R,234.0,R,439.0,A,,R,0.0,R,7.0,R,3.0,R,4.0,A,,R,0.0,R,187.0,R,28.0,R,104.0,R,15.0,R,500.0,R,560.0,R,620.0,R,470.0,R,530.0,R,590.0,R,19.0,R,22.0,R,26.0,R,19.0,R,23.0,R,27.0,R,17.0,R,20.0,R,25.0
136774,1,3,1,3,1,1,3,1,3,5,1,5,R,2685,R,690,R,1995,A,,R,0.0,R,1809.0,R,413.0,R,1396.0,A,,R,0.0,R,447.0,R,100.0,R,347.0,A,,R,0.0,R,447.0,R,100.0,R,347.0,A,,R,0.0,R,0.0,R,0.0,R,0.0,A,,R,0.0,A,,A,,A,,A,,A,,A,,A,,A,,A,,A,,A,,A,,A,,A,,A,,A,,A,,A,,A,
136950,1,5,1,5,1,5,5,1,3,5,1,5,R,9796,R,3791,R,6005,R,0.0,R,0.0,R,3973.0,R,1492.0,R,2481.0,A,,R,0.0,R,639.0,R,245.0,R,394.0,A,,R,0.0,R,639.0,R,245.0,R,394.0,A,,R,0.0,R,0.0,R,0.0,R,0.0,A,,R,0.0,R,134.0,R,21.0,R,125.0,R,20.0,R,620.0,R,660.0,R,690.0,R,590.0,R,630.0,R,670.0,R,26.0,R,28.0,R,31.0,R,26.0,R,29.0,R,32.0,R,23.0,R,26.0,R,28.0
137032,1,3,1,5,5,5,5,1,3,3,5,3,R,7788,R,3003,R,4785,A,,R,0.0,R,5615.0,R,2103.0,R,3512.0,A,,R,0.0,R,632.0,R,263.0,R,369.0,A,,R,0.0,R,622.0,R,260.0,R,362.0,A,,R,0.0,R,10.0,R,3.0,R,7.0,A,,R,0.0,R,0.0,Z,0.0,R,0.0,Z,0.0,A,,A,,A,,A,,A,,A,,A,,A,,A,,A,,A,,A,,A,,A,,A,
137272,1,3,1,3,1,1,3,3,3,3,1,3,R,10,R,10,R,0,A,,R,0.0,R,10.0,R,10.0,A,,A,,R,0.0,R,10.0,R,10.0,A,,A,,R,0.0,R,10.0,R,10.0,A,,A,,R,0.0,A,,A,,A,,A,,A,,A,,A,,A,,A,,A,,A,,A,,A,,A,,A,,A,,A,,A,,A,,A,,A,,A,,A,,A,
137351,1,5,1,5,3,3,1,1,3,3,3,3,R,65187,R,26731,R,38456,A,,R,0.0,R,26699.0,R,10642.0,R,16057.0,A,,R,0.0,R,5803.0,R,2359.0,R,3444.0,A,,R,0.0,R,5676.0,R,2290.0,R,3386.0,A,,R,0.0,R,127.0,R,69.0,R,58.0,A,,R,0.0,R,4362.0,R,75.0,R,1441.0,R,25.0,R,580.0,R,620.0,R,670.0,R,560.0,R,610.0,R,660.0,R,24.0,R,26.0,R,29.0,R,23.0,R,25.0,R,29.0,R,21.0,R,24.0,R,27.0
137476,1,3,1,3,3,3,3,1,3,3,3,3,R,4798,R,2057,R,2596,A,,R,145.0,R,4769.0,R,2040.0,R,2585.0,A,,R,144.0,R,564.0,R,341.0,R,223.0,A,,R,0.0,R,562.0,R,340.0,R,222.0,A,,R,0.0,R,2.0,R,1.0,R,1.0,A,,R,0.0,A,,A,,A,,A,,A,,A,,A,,A,,A,,A,,A,,A,,A,,A,,A,,A,,A,,A,,A,
137546,1,5,1,1,5,5,5,1,3,5,5,3,R,7824,R,3312,R,4509,S,,S,,R,6762.0,R,2810.0,R,3949.0,S,,S,,R,638.0,R,271.0,R,365.0,S,,S,,R,637.0,R,271.0,R,364.0,S,,S,,R,1.0,R,0.0,R,1.0,S,,S,,R,154.0,R,24.0,R,68.0,R,11.0,R,560.0,R,610.0,R,660.0,R,530.0,R,580.0,R,630.0,R,23.0,R,26.0,R,29.0,R,21.0,R,26.0,R,29.0,R,20.0,R,24.0,R,27.0
137564,1,5,1,5,1,5,3,1,3,3,1,5,R,2800,R,1094,R,1703,A,,R,3.0,R,2080.0,R,850.0,R,1230.0,A,,R,0.0,R,1034.0,R,422.0,R,612.0,A,,R,0.0,R,944.0,R,380.0,R,564.0,A,,R,0.0,R,90.0,R,42.0,R,48.0,A,,R,0.0,A,,A,,A,,A,,A,,A,,A,,A,,A,,A,,A,,A,,A,,A,,A,,A,,A,,A,,A,
137847,1,5,1,1,1,3,3,1,3,5,1,5,R,35353,R,12267,R,23086,A,,R,0.0,R,14469.0,R,5716.0,R,8753.0,A,,R,0.0,R,2505.0,R,989.0,R,1516.0,A,,R,0.0,R,2505.0,R,989.0,R,1516.0,A,,R,0.0,R,0.0,R,0.0,R,0.0,A,,R,0.0,A,,A,,A,,A,,A,,A,,A,,A,,A,,A,,A,,A,,A,,A,,A,,A,,A,,A,,A,
137953,5,5,5,3,1,3,5,1,3,3,1,3,R,192,R,113,R,79,A,,R,0.0,R,120.0,R,69.0,R,51.0,A,,R,0.0,R,98.0,R,58.0,R,40.0,A,,R,0.0,R,90.0,R,53.0,R,37.0,A,,R,0.0,R,8.0,R,5.0,R,3.0,A,,R,0.0,R,30.0,R,31.0,R,33.0,R,34.0,R,450.0,R,480.0,R,535.0,R,430.0,R,480.0,R,520.0,R,17.0,R,20.0,R,23.0,R,15.0,R,18.0,R,24.0,R,16.0,R,17.0,R,21.0
137962,1,3,1,3,1,3,1,1,3,5,1,5,R,81,R,40,R,41,A,,R,0.0,R,78.0,R,39.0,R,39.0,A,,R,0.0,R,32.0,R,9.0,R,23.0,A,,R,0.0,R,32.0,R,9.0,R,23.0,A,,R,0.0,A,,A,,A,,A,,A,,R,21.0,R,66.0,R,12.0,R,38.0,R,430.0,R,440.0,R,500.0,R,380.0,R,440.0,R,480.0,R,15.0,R,17.0,R,22.0,R,15.0,R,18.0,R,22.0,R,14.0,R,16.0,R,19.0
138275,5,5,1,5,5,3,5,5,3,5,5,5,R,1628,R,928,R,695,A,,R,5.0,R,778.0,R,442.0,R,336.0,A,,R,0.0,R,255.0,R,146.0,R,109.0,A,,R,0.0,R,255.0,R,146.0,R,109.0,A,,R,0.0,R,0.0,R,0.0,R,0.0,A,,R,0.0,R,109.0,R,43.0,R,56.0,R,22.0,R,440.0,R,480.0,R,550.0,R,400.0,R,450.0,R,520.0,R,14.0,R,17.0,R,20.0,R,14.0,R,16.0,R,19.0,R,15.0,R,16.0,R,18.0
138293,1,5,1,5,5,3,3,1,3,3,3,3,R,1907,R,1149,R,758,A,,R,0.0,R,1479.0,R,922.0,R,557.0,A,,R,0.0,R,259.0,R,180.0,R,79.0,A,,R,0.0,R,249.0,R,174.0,R,75.0,A,,R,0.0,R,10.0,R,6.0,R,4.0,A,,R,0.0,A,,A,,A,,A,,A,,A,,A,,A,,A,,A,,A,,A,,A,,A,,A,,A,,A,,A,,A,
138354,1,3,1,3,3,3,1,1,3,3,3,3,R,9831,R,3998,R,5833,A,,R,0.0,R,5591.0,R,2261.0,R,3330.0,A,,R,0.0,R,1503.0,R,667.0,R,836.0,A,,R,0.0,R,1277.0,R,548.0,R,729.0,A,,R,0.0,R,226.0,R,119.0,R,107.0,A,,R,0.0,R,735.0,R,49.0,R,1010.0,R,67.0,R,520.0,R,580.0,R,630.0,R,500.0,R,540.0,R,600.0,R,20.0,R,23.0,R,27.0,R,20.0,R,23.0,R,26.0,R,18.0,R,22.0,R,25.0
138558,1,3,1,1,3,3,5,1,3,3,3,3,R,2618,R,982,R,1636,A,,R,0.0,R,2020.0,R,780.0,R,1240.0,A,,R,0.0,R,1112.0,R,428.0,R,684.0,A,,R,0.0,R,917.0,R,388.0,R,529.0,A,,R,0.0,R,195.0,R,40.0,R,155.0,A,,R,0.0,R,333.0,R,33.0,R,147.0,R,14.0,R,470.0,R,510.0,R,570.0,R,430.0,R,490.0,R,540.0,R,16.0,R,18.0,R,21.0,R,14.0,R,17.0,R,20.0,R,16.0,R,17.0,R,20.0
138600,1,5,1,5,1,3,5,1,3,3,1,3,R,1857,R,0,R,1846,A,,R,11.0,R,1250.0,A,,R,1247.0,A,,R,3.0,R,241.0,A,,R,238.0,A,,R,3.0,R,241.0,A,,R,238.0,A,,R,3.0,A,,A,,A,,A,,A,,R,72.0,R,30.0,R,34.0,R,14.0,R,610.0,R,660.0,R,710.0,R,570.0,R,610.0,R,640.0,R,26.0,R,29.0,R,31.0,A,,A,,A,,A,,A,,A,
138761,1,5,1,5,5,5,3,1,3,3,5,3,R,780,R,289,R,491,A,,R,0.0,R,399.0,R,146.0,R,253.0,A,,R,0.0,R,108.0,R,53.0,R,55.0,A,,R,0.0,R,107.0,R,53.0,R,54.0,A,,R,0.0,R,1.0,R,0.0,R,1.0,A,,R,0.0,A,,A,,A,,A,,A,,A,,A,,A,,A,,A,,A,,A,,A,,A,,A,,A,,A,,A,,A,
138868,1,5,1,5,5,5,5,1,5,3,5,3,R,3250,R,1621,R,1629,A,,R,0.0,R,2194.0,R,1014.0,R,1180.0,A,,R,0.0,R,1084.0,R,495.0,R,589.0,A,,R,0.0,R,259.0,R,144.0,R,115.0,A,,R,0.0,R,825.0,R,351.0,R,474.0,A,,R,0.0,R,38.0,R,4.0,R,30.0,R,3.0,R,490.0,R,570.0,R,650.0,R,482.0,R,520.0,R,587.0,R,15.0,R,19.0,R,23.0,R,14.0,R,20.0,R,22.0,R,15.0,R,18.0,R,23.0
138947,1,3,1,1,5,3,5,1,3,3,5,3,R,27672,R,6802,R,20870,A,,R,0.0,R,17884.0,R,3767.0,R,14117.0,A,,R,0.0,R,1069.0,R,221.0,R,848.0,A,,R,0.0,R,1065.0,R,220.0,R,845.0,A,,R,0.0,R,4.0,R,1.0,R,3.0,A,,R,0.0,R,2.0,R,1.0,R,2.0,R,1.0,S,,S,,S,,S,,S,,S,,S,,S,,S,,S,,S,,S,,S,,S,,S,
139144,1,3,1,1,5,3,5,1,3,5,5,3,R,6467,R,2230,R,4140,R,97.0,R,0.0,R,4000.0,R,1242.0,R,2708.0,R,50.0,R,0.0,R,577.0,R,216.0,R,353.0,R,8.0,R,0.0,R,576.0,R,215.0,R,353.0,R,8.0,R,0.0,R,1.0,R,1.0,R,0.0,R,0.0,R,0.0,R,98.0,R,17.0,R,119.0,R,21.0,R,570.0,R,620.0,R,658.0,R,530.0,R,570.0,R,620.0,R,23.0,R,26.0,R,29.0,R,23.0,R,26.0,R,29.0,R,21.0,R,25.0,R,27.0
139199,1,5,1,5,5,5,5,1,3,5,5,5,R,2761,R,507,R,2254,A,,R,0.0,R,2401.0,R,391.0,R,2010.0,A,,R,0.0,R,205.0,R,19.0,R,186.0,A,,R,0.0,R,198.0,R,17.0,R,181.0,A,,R,0.0,R,7.0,R,2.0,R,5.0,A,,R,0.0,R,24.0,R,12.0,R,12.0,R,6.0,R,510.0,R,550.0,R,590.0,R,480.0,R,520.0,R,580.0,R,17.0,R,22.0,R,23.0,R,16.0,R,22.0,R,24.0,R,16.0,R,20.0,R,23.0
139205,1,3,1,3,3,3,3,1,3,3,3,3,R,1018,R,662,R,356,A,,R,0.0,R,879.0,R,559.0,R,320.0,A,,R,0.0,R,244.0,R,173.0,R,71.0,A,,R,0.0,R,195.0,R,124.0,R,71.0,A,,R,0.0,R,49.0,R,49.0,R,0.0,A,,R,0.0,A,,A,,A,,A,,A,,A,,A,,A,,A,,A,,A,,A,,A,,A,,A,,A,,A,,A,,A,
139250,1,3,1,1,3,3,5,1,3,3,3,3,R,2548,R,717,R,1831,A,,R,0.0,R,2510.0,R,706.0,R,1804.0,A,,R,0.0,R,714.0,R,215.0,R,499.0,A,,R,0.0,R,594.0,R,180.0,R,414.0,A,,R,0.0,R,120.0,R,35.0,R,85.0,A,,R,0.0,R,66.0,R,9.0,R,42.0,R,6.0,R,470.0,R,530.0,R,602.0,R,430.0,R,485.0,R,563.0,R,14.0,R,18.0,R,22.0,R,13.0,R,17.0,R,22.0,R,15.0,R,17.0,R,20.0
139311,1,3,1,1,3,3,5,1,3,3,3,3,R,1782,R,563,R,1200,S,,S,,R,1258.0,R,382.0,R,862.0,S,,S,,R,504.0,R,198.0,R,306.0,S,,S,,R,444.0,R,174.0,R,270.0,S,,S,,R,60.0,R,24.0,R,36.0,S,,S,,R,232.0,R,46.0,R,89.0,R,18.0,R,450.0,R,500.0,R,550.0,R,418.0,R,470.0,R,520.0,R,16.0,R,18.0,R,20.0,R,14.0,R,17.0,R,20.0,R,15.0,R,16.0,R,18.0
139366,1,3,1,1,3,3,5,1,3,3,3,3,R,3550,R,1169,R,2381,R,0.0,R,0.0,R,3523.0,R,1156.0,R,2367.0,A,,R,0.0,R,1083.0,R,452.0,R,631.0,A,,R,0.0,R,1010.0,R,408.0,R,602.0,A,,R,0.0,R,73.0,R,44.0,R,29.0,A,,R,0.0,R,225.0,R,21.0,R,178.0,R,17.0,R,460.0,R,500.0,R,570.0,R,400.0,R,450.0,R,530.0,R,17.0,R,20.0,R,24.0,R,16.0,R,18.0,R,22.0,R,15.0,R,19.0,R,23.0
139393,1,5,1,5,1,3,5,1,3,5,1,5,R,751,R,349,R,402,A,,R,0.0,R,614.0,R,273.0,R,341.0,A,,R,0.0,R,246.0,R,113.0,R,133.0,A,,R,0.0,R,246.0,R,113.0,R,133.0,A,,R,0.0,R,0.0,R,0.0,R,0.0,A,,R,0.0,R,86.0,R,35.0,R,117.0,R,48.0,R,590.0,R,640.0,R,710.0,R,540.0,R,620.0,R,680.0,R,23.0,R,26.0,R,30.0,R,23.0,R,27.0,R,33.0,R,22.0,R,25.0,R,28.0
139630,1,1,1,5,3,3,3,1,3,5,1,3,R,461,R,260,R,201,Z,0.0,R,0.0,R,246.0,R,141.0,R,105.0,A,,R,0.0,R,204.0,R,110.0,R,94.0,A,,R,0.0,R,200.0,R,108.0,R,92.0,A,,R,0.0,R,4.0,R,2.0,R,2.0,A,,R,0.0,A,,A,,A,,A,,A,,A,,A,,A,,A,,A,,A,,A,,A,,A,,A,,A,,A,,A,,A,
139658,3,5,1,5,5,5,5,5,3,5,1,5,R,31929,R,12622,R,19307,A,,R,0.0,R,3543.0,R,1586.0,R,1957.0,A,,R,0.0,R,1426.0,R,637.0,R,789.0,A,,R,0.0,R,1425.0,R,636.0,R,789.0,A,,R,0.0,R,1.0,R,1.0,R,0.0,A,,R,0.0,R,601.0,R,42.0,R,277.0,R,19.0,R,710.0,R,740.0,R,760.0,R,750.0,R,780.0,R,790.0,R,32.0,R,33.0,R,34.0,A,,A,,A,,A,,A,,A,
139719,1,1,1,1,1,1,1,1,3,1,1,5,R,5080,R,1236,R,2362,R,0.0,R,1482.0,R,3190.0,R,592.0,R,1387.0,A,,R,1211.0,R,742.0,R,230.0,R,512.0,A,,R,0.0,R,690.0,R,210.0,R,480.0,A,,R,0.0,R,52.0,R,20.0,R,32.0,A,,R,0.0,R,79.0,R,11.0,R,40.0,R,5.0,R,400.0,R,410.0,R,480.0,R,395.0,R,410.0,R,440.0,R,16.0,R,17.0,R,19.0,R,15.0,R,17.0,R,19.0,R,16.0,R,16.0,R,18.0
139755,1,3,1,1,5,3,1,1,3,5,1,3,R,52377,R,35185,R,17192,A,,R,0.0,R,8622.0,R,4717.0,R,3905.0,A,,R,0.0,R,3763.0,R,2140.0,R,1623.0,A,,R,0.0,R,3759.0,R,2138.0,R,1621.0,A,,R,0.0,R,4.0,R,2.0,R,2.0,A,,R,0.0,R,2888.0,R,77.0,R,1335.0,R,35.0,R,650.0,R,700.0,R,740.0,R,680.0,R,750.0,R,790.0,R,28.0,R,32.0,R,34.0,R,28.0,R,33.0,R,35.0,R,27.0,R,31.0,R,35.0
139764,1,3,1,1,5,3,5,1,3,3,3,3,R,2045,R,650,R,1395,A,,R,0.0,R,1578.0,R,498.0,R,1080.0,A,,R,0.0,R,533.0,R,186.0,R,347.0,A,,R,0.0,R,517.0,R,180.0,R,337.0,A,,R,0.0,R,16.0,R,6.0,R,10.0,A,,R,0.0,R,128.0,R,24.0,R,81.0,R,15.0,R,470.0,R,520.0,R,590.0,R,430.0,R,490.0,R,540.0,R,16.0,R,18.0,R,21.0,R,13.0,R,16.0,R,21.0,R,15.0,R,17.0,R,20.0
139861,1,5,1,1,5,3,1,1,3,3,1,3,R,6214,R,2088,R,4120,S,,S,,R,5454.0,R,1778.0,R,3672.0,S,,S,,R,1816.0,R,636.0,R,1180.0,S,,S,,R,1813.0,R,633.0,R,1180.0,S,,S,,R,3.0,R,3.0,R,0.0,S,,S,,R,562.0,R,31.0,R,397.0,R,22.0,R,540.0,R,590.0,R,640.0,R,520.0,R,560.0,R,600.0,R,21.0,R,23.0,R,26.0,R,20.0,R,23.0,R,27.0,R,19.0,R,23.0,R,26.0
139931,1,5,1,1,3,3,5,1,3,3,3,3,R,14410,R,5697,R,8709,S,,S,,R,12916.0,R,5090.0,R,7826.0,S,,S,,R,4753.0,R,2085.0,R,2668.0,S,,S,,R,4604.0,R,2022.0,R,2582.0,S,,S,,R,149.0,R,63.0,R,86.0,S,,S,,R,2317.0,R,49.0,R,1133.0,R,24.0,R,500.0,R,540.0,R,590.0,R,480.0,R,520.0,R,570.0,R,18.0,R,20.0,R,23.0,R,16.0,R,20.0,R,23.0,R,17.0,R,18.0,R,23.0
139940,1,3,1,1,5,3,5,1,3,3,5,3,R,30230,R,10802,R,19428,A,,R,0.0,R,18826.0,R,6714.0,R,12112.0,A,,R,0.0,R,4542.0,R,1877.0,R,2665.0,A,,R,0.0,R,4377.0,R,1810.0,R,2567.0,A,,R,0.0,R,165.0,R,67.0,R,98.0,A,,R,0.0,R,1585.0,R,35.0,R,592.0,R,13.0,R,530.0,R,590.0,R,640.0,R,510.0,R,570.0,R,640.0,R,19.0,R,22.0,R,26.0,R,18.0,R,22.0,R,26.0,R,17.0,R,21.0,R,26.0
139959,1,3,1,1,1,3,1,5,3,5,1,3,R,43419,R,18211,R,25193,A,,R,15.0,R,16151.0,R,6261.0,R,9884.0,A,,R,6.0,R,6146.0,R,2423.0,R,3719.0,A,,R,4.0,R,6121.0,R,2417.0,R,3701.0,A,,R,3.0,R,25.0,R,6.0,R,18.0,A,,R,1.0,R,3765.0,R,61.0,R,2332.0,R,38.0,R,590.0,R,640.0,R,690.0,R,570.0,R,630.0,R,700.0,R,25.0,R,29.0,R,32.0,R,31.0,R,33.0,R,35.0,R,27.0,R,30.0,R,32.0
139968,1,3,1,3,3,3,5,1,3,5,3,3,R,2126,R,835,R,1291,A,,R,0.0,R,1845.0,R,721.0,R,1124.0,A,,R,0.0,R,729.0,R,341.0,R,388.0,A,,R,0.0,R,616.0,R,273.0,R,343.0,A,,R,0.0,R,113.0,R,68.0,R,45.0,A,,R,0.0,R,4.0,R,1.0,R,59.0,R,8.0,S,,S,,S,,S,,S,,S,,R,15.0,R,17.0,R,21.0,R,12.0,R,16.0,R,21.0,R,15.0,R,16.0,R,22.0
140234,1,5,1,5,1,3,3,1,3,3,1,3,R,1457,R,782,R,675,S,,S,,R,921.0,R,455.0,R,466.0,S,,S,,R,183.0,R,110.0,R,73.0,S,,S,,R,183.0,R,110.0,R,73.0,S,,S,,R,0.0,R,0.0,R,0.0,S,,S,,A,,A,,A,,A,,A,,A,,A,,A,,A,,A,,A,,A,,A,,A,,A,,A,,A,,A,,A,
140252,1,3,3,3,3,3,5,1,3,3,3,3,R,404,R,193,R,207,S,,S,,R,379.0,R,182.0,R,193.0,S,,S,,R,205.0,R,104.0,R,101.0,S,,S,,R,199.0,R,103.0,R,96.0,S,,S,,R,6.0,R,1.0,R,5.0,S,,S,,R,64.0,R,31.0,R,24.0,R,12.0,R,440.0,R,500.0,R,570.0,R,460.0,R,510.0,R,550.0,R,15.0,R,17.0,R,19.0,R,14.0,R,16.0,R,19.0,R,15.0,R,16.0,R,19.0
140340,1,3,1,3,3,3,3,1,1,3,3,3,R,68,R,17,R,51,R,0.0,R,0.0,R,64.0,R,16.0,R,48.0,A,,R,0.0,R,44.0,R,11.0,R,33.0,A,,R,0.0,R,28.0,R,9.0,R,19.0,A,,R,0.0,R,16.0,R,2.0,R,14.0,A,,R,0.0,A,,A,,A,,A,,A,,A,,A,,A,,A,,A,,A,,A,,A,,A,,A,,A,,A,,A,,A,
140447,1,5,1,1,1,3,5,1,3,5,1,3,R,11058,R,4137,R,6921,A,,R,0.0,R,7349.0,R,2722.0,R,4627.0,A,,R,0.0,R,1015.0,R,419.0,R,596.0,A,,R,0.0,R,1013.0,R,417.0,R,596.0,A,,R,0.0,R,2.0,R,2.0,R,0.0,A,,R,0.0,R,328.0,R,32.0,R,170.0,R,17.0,R,600.0,R,640.0,R,680.0,R,580.0,R,620.0,R,670.0,R,25.0,R,28.0,R,31.0,R,24.0,R,28.0,R,32.0,R,23.0,R,26.0,R,29.0
140553,1,5,1,5,1,3,5,5,5,5,1,5,R,5610,R,5542,R,68,A,,R,0.0,R,2883.0,R,2883.0,Z,0.0,A,,R,0.0,R,682.0,R,682.0,A,,A,,R,0.0,R,680.0,R,680.0,A,,A,,R,0.0,R,2.0,R,2.0,A,,A,,R,0.0,R,0.0,R,0.0,R,31.0,R,5.0,A,,A,,A,,A,,A,,A,,R,19.0,R,20.0,R,23.0,R,18.0,R,21.0,R,24.0,R,17.0,R,19.0,R,24.0
140696,1,5,1,5,5,5,5,1,3,5,1,5,R,2854,R,910,R,1563,R,75.0,R,306.0,R,1714.0,R,568.0,R,951.0,R,49.0,R,146.0,R,391.0,R,137.0,R,230.0,R,11.0,R,13.0,R,391.0,R,137.0,R,230.0,R,11.0,R,13.0,A,,A,,A,,A,,A,,R,44.0,R,11.0,R,26.0,R,7.0,R,573.0,R,610.0,R,670.0,R,533.0,R,585.0,R,650.0,R,23.0,R,27.0,R,30.0,R,21.0,R,27.0,R,31.0,R,20.0,R,25.0,R,27.0
140720,1,3,1,3,3,3,3,5,3,3,3,3,R,2253,R,702,R,1551,A,,R,0.0,R,1878.0,R,575.0,R,1303.0,A,,R,0.0,R,120.0,R,53.0,R,67.0,A,,R,0.0,R,110.0,R,50.0,R,60.0,A,,R,0.0,R,10.0,R,3.0,R,7.0,A,,R,0.0,A,,A,,A,,A,,A,,A,,A,,A,,A,,A,,A,,A,,A,,A,,A,,A,,A,,A,,A,
140818,1,5,1,5,3,3,5,1,3,3,3,3,R,2066,R,679,R,1387,A,,R,0.0,R,1918.0,R,620.0,R,1298.0,A,,R,0.0,R,286.0,R,121.0,R,165.0,A,,R,0.0,R,285.0,R,121.0,R,164.0,A,,R,0.0,R,1.0,R,0.0,R,1.0,A,,R,0.0,R,94.0,R,33.0,R,41.0,R,15.0,R,510.0,R,560.0,R,600.0,R,480.0,R,525.0,R,570.0,R,18.0,R,20.0,R,24.0,R,16.0,R,20.0,R,24.0,R,17.0,R,21.0,R,24.0
140872,1,3,1,5,5,3,5,1,3,5,5,3,R,1755,R,936,R,808,S,,S,,R,968.0,R,502.0,R,461.0,S,,S,,R,319.0,R,201.0,R,116.0,S,,S,,R,316.0,R,199.0,R,115.0,S,,S,,R,3.0,R,2.0,R,1.0,S,,S,,R,1.0,R,1.0,A,,A,,S,,S,,S,,S,,S,,S,,A,,A,,A,,A,,A,,A,,A,,A,,A,
140951,1,5,1,3,5,5,5,1,3,3,5,3,R,14931,R,3908,R,11023,A,,R,0.0,R,12495.0,R,3163.0,R,9332.0,A,,R,0.0,R,3651.0,R,1017.0,R,2634.0,A,,R,0.0,R,3533.0,R,977.0,R,2556.0,A,,R,0.0,R,118.0,R,40.0,R,78.0,A,,R,0.0,R,661.0,R,18.0,R,471.0,R,13.0,R,550.0,R,610.0,R,670.0,R,500.0,R,560.0,R,610.0,R,21.0,R,24.0,R,28.0,R,21.0,R,25.0,R,30.0,R,18.0,R,22.0,R,26.0
140988,1,5,1,5,5,3,5,5,3,5,5,3,R,783,R,376,R,407,R,0.0,R,0.0,R,759.0,R,363.0,R,396.0,A,,R,0.0,R,269.0,R,146.0,R,123.0,A,,R,0.0,R,267.0,R,145.0,R,122.0,A,,R,0.0,R,2.0,R,1.0,R,1.0,A,,R,0.0,R,43.0,R,16.0,R,33.0,R,12.0,R,450.0,R,520.0,R,580.0,R,450.0,R,520.0,R,550.0,R,17.0,R,22.0,R,23.0,R,15.0,R,20.0,R,22.0,R,16.0,R,20.0,R,23.0
141060,1,5,1,1,1,5,5,1,5,5,1,3,R,10610,R,0,R,10610,A,,R,0.0,R,3617.0,A,,R,3617.0,A,,R,0.0,R,727.0,A,,R,727.0,A,,R,0.0,R,727.0,A,,R,727.0,A,,R,0.0,R,0.0,A,,R,0.0,A,,R,0.0,R,173.0,R,24.0,R,137.0,R,19.0,R,550.0,R,610.0,R,660.0,R,510.0,R,570.0,R,610.0,R,21.0,R,24.0,R,27.0,R,21.0,R,25.0,R,29.0,R,18.0,R,21.0,R,25.0
141167,1,3,1,3,3,3,1,1,1,3,3,3,R,526,R,336,R,190,A,,R,0.0,R,227.0,R,161.0,R,66.0,A,,R,0.0,R,140.0,R,109.0,R,31.0,A,,R,0.0,R,133.0,R,105.0,R,28.0,A,,R,0.0,R,7.0,R,4.0,R,3.0,A,,R,0.0,R,40.0,R,29.0,R,23.0,R,16.0,R,490.0,R,510.0,R,540.0,R,480.0,R,520.0,R,570.0,R,18.0,R,20.0,R,23.0,R,15.0,R,18.0,R,20.0,R,17.0,R,20.0,R,22.0
141185,1,3,1,3,5,3,5,1,3,3,1,3,R,876,R,318,R,558,A,,R,0.0,R,559.0,R,181.0,R,378.0,A,,R,0.0,R,213.0,R,76.0,R,137.0,A,,R,0.0,R,209.0,R,75.0,R,134.0,A,,R,0.0,R,4.0,R,1.0,R,3.0,A,,R,0.0,R,40.0,R,19.0,R,17.0,R,8.0,R,540.0,R,600.0,R,650.0,R,520.0,R,540.0,R,600.0,R,21.0,R,24.0,R,25.0,R,21.0,R,23.0,R,27.0,R,18.0,R,21.0,R,26.0
141237,1,3,1,3,5,3,3,1,3,3,3,3,R,730,R,363,R,367,A,,R,0.0,R,662.0,R,333.0,R,329.0,A,,R,0.0,R,217.0,R,114.0,R,103.0,A,,R,0.0,R,215.0,R,113.0,R,102.0,A,,R,0.0,R,2.0,R,1.0,R,1.0,A,,R,0.0,A,,A,,A,,A,,A,,A,,A,,A,,A,,A,,A,,A,,A,,A,,A,,A,,A,,A,,A,
141264,1,3,1,1,3,3,1,1,3,3,3,3,R,4689,R,1410,R,3279,A,,R,0.0,R,3915.0,R,1166.0,R,2749.0,A,,R,0.0,R,1135.0,R,404.0,R,731.0,A,,R,0.0,R,1091.0,R,384.0,R,707.0,A,,R,0.0,R,44.0,R,20.0,R,24.0,A,,R,0.0,R,390.0,R,35.0,R,189.0,R,17.0,R,490.0,R,530.0,R,580.0,R,460.0,R,500.0,R,550.0,R,17.0,R,20.0,R,23.0,R,16.0,R,20.0,R,23.0,R,16.0,R,18.0,R,20.0
141325,1,5,1,5,5,5,5,1,3,3,1,3,R,1384,R,0,R,1384,R,0.0,R,0.0,R,859.0,A,,R,859.0,A,,R,0.0,R,100.0,A,,R,100.0,A,,R,0.0,R,100.0,A,,R,100.0,A,,R,0.0,A,,A,,A,,A,,A,,R,6.0,R,6.0,R,0.0,R,0.0,R,433.0,R,445.0,R,465.0,R,443.0,R,460.0,R,478.0,A,,A,,A,,A,,A,,A,,A,,A,,A,
141334,1,3,1,1,3,3,1,1,3,3,3,3,R,8399,R,3007,R,5296,A,,R,96.0,R,4147.0,R,1393.0,R,2731.0,A,,R,23.0,R,1361.0,R,528.0,R,833.0,A,,R,0.0,R,1258.0,R,476.0,R,782.0,A,,R,0.0,R,103.0,R,52.0,R,51.0,A,,R,0.0,R,716.0,R,53.0,R,392.0,R,29.0,R,480.0,R,530.0,R,580.0,R,450.0,R,510.0,R,550.0,R,17.0,R,20.0,R,23.0,R,16.0,R,19.0,R,23.0,R,16.0,R,18.0,R,22.0
141361,1,3,1,3,3,3,3,1,3,3,3,3,R,1926,R,709,R,1217,S,,S,,R,1233.0,R,433.0,R,800.0,S,,S,,R,242.0,R,105.0,R,137.0,S,,S,,R,242.0,R,105.0,R,137.0,S,,S,,R,0.0,R,0.0,R,0.0,S,,S,,A,,A,,A,,A,,A,,A,,A,,A,,A,,A,,A,,A,,A,,A,,A,,A,,A,,A,,A,
141486,1,5,1,5,5,3,5,1,3,3,5,3,R,2034,R,558,R,1476,A,,R,0.0,R,1884.0,R,522.0,R,1362.0,A,,R,0.0,R,376.0,R,128.0,R,248.0,A,,R,0.0,R,339.0,R,128.0,R,211.0,A,,R,0.0,R,37.0,R,0.0,R,37.0,A,,R,0.0,R,17.0,R,6.0,R,0.0,Z,0.0,R,565.0,R,585.0,R,665.0,R,520.0,R,570.0,R,655.0,A,,A,,A,,A,,A,,A,,A,,A,,A,
141565,1,5,1,5,3,3,5,5,3,3,3,3,R,2562,R,766,R,1753,A,,R,43.0,R,2300.0,R,669.0,R,1590.0,A,,R,41.0,R,367.0,R,137.0,R,221.0,A,,R,9.0,R,347.0,R,128.0,R,210.0,A,,R,9.0,R,20.0,R,9.0,R,11.0,A,,R,0.0,R,85.0,R,23.0,R,150.0,R,41.0,R,478.0,R,535.0,R,570.0,R,420.0,R,500.0,R,540.0,R,15.0,R,19.0,R,22.0,R,14.0,R,18.0,R,21.0,R,15.0,R,17.0,R,20.0
141574,1,1,1,1,5,5,5,1,3,5,5,3,R,19211,R,5836,R,13155,A,,R,220.0,R,13388.0,R,4180.0,R,9056.0,A,,R,152.0,R,3042.0,R,1176.0,R,1830.0,A,,R,36.0,R,2872.0,R,1109.0,R,1730.0,A,,R,33.0,R,170.0,R,67.0,R,100.0,A,,R,3.0,R,63.0,R,2.0,R,70.0,R,2.0,R,540.0,R,580.0,R,640.0,R,480.0,R,540.0,R,600.0,R,20.0,R,24.0,R,27.0,R,16.0,R,20.0,R,24.0,R,17.0,R,20.0,R,24.0
141644,5,5,1,5,5,5,5,1,5,5,5,3,R,14538,R,3004,R,11519,S,,S,,R,12282.0,R,2460.0,R,9811.0,S,,S,,R,543.0,R,149.0,R,394.0,S,,S,,R,535.0,R,148.0,R,387.0,S,,S,,R,8.0,R,1.0,R,7.0,S,,S,,R,68.0,R,13.0,R,43.0,R,8.0,R,548.0,R,590.0,R,650.0,R,520.0,R,565.0,R,630.0,R,21.0,R,25.0,R,29.0,R,19.0,R,24.0,R,28.0,R,18.0,R,24.0,R,26.0
141981,1,5,1,5,5,5,5,1,3,5,5,3,R,750,R,262,R,442,A,,R,46.0,R,717.0,R,251.0,R,423.0,A,,R,43.0,R,238.0,R,86.0,R,132.0,A,,R,20.0,R,196.0,R,66.0,R,113.0,A,,R,17.0,R,42.0,R,20.0,R,19.0,A,,R,3.0,R,16.0,R,7.0,R,100.0,R,42.0,R,540.0,R,580.0,R,610.0,R,490.0,R,540.0,R,600.0,R,15.0,R,17.0,R,21.0,R,13.0,R,17.0,R,20.0,R,15.0,R,17.0,R,20.0
142090,1,1,3,5,1,3,5,1,3,3,1,3,R,56,R,24,R,32,A,,R,0.0,R,54.0,R,22.0,R,32.0,A,,R,0.0,R,25.0,R,12.0,R,13.0,A,,R,0.0,R,22.0,R,9.0,R,13.0,A,,R,0.0,R,3.0,R,3.0,R,0.0,A,,R,0.0,R,12.0,R,48.0,R,1.0,R,4.0,R,470.0,R,570.0,R,620.0,R,450.0,R,510.0,R,580.0,S,,S,,S,,S,,S,,S,,S,,S,,S,
142115,1,3,1,3,3,3,3,1,3,3,3,3,R,15949,R,6809,R,9140,A,,R,0.0,R,13391.0,R,5576.0,R,7815.0,A,,R,0.0,R,3080.0,R,1256.0,R,1824.0,A,,R,0.0,R,2959.0,R,1198.0,R,1761.0,A,,R,0.0,R,121.0,R,58.0,R,63.0,A,,R,0.0,A,,A,,A,,A,,A,,A,,A,,A,,A,,A,,A,,A,,A,,A,,A,,A,,A,,A,,A,
142285,1,3,1,3,3,3,5,1,3,3,3,3,R,12222,R,6000,R,6222,R,0.0,R,0.0,R,9666.0,R,4539.0,R,5127.0,A,,R,0.0,R,1869.0,R,913.0,R,956.0,A,,R,0.0,R,1825.0,R,891.0,R,934.0,A,,R,0.0,R,44.0,R,22.0,R,22.0,A,,R,0.0,R,1088.0,R,64.0,R,101.0,R,6.0,R,490.0,R,547.0,R,610.0,R,460.0,R,529.0,R,590.0,R,20.0,R,25.0,R,29.0,R,19.0,R,24.0,R,28.0,R,19.0,R,24.0,R,29.0
142294,1,5,1,5,5,3,5,1,3,5,5,3,R,4553,R,1984,R,2569,S,,S,,R,2150.0,R,909.0,R,1241.0,S,,S,,R,297.0,R,131.0,R,166.0,S,,S,,R,296.0,R,131.0,R,165.0,S,,S,,R,1.0,R,0.0,R,1.0,S,,S,,R,120.0,R,41.0,R,33.0,R,11.0,R,540.0,R,590.0,R,640.0,R,540.0,R,570.0,R,630.0,R,20.0,R,24.0,R,28.0,A,,A,,A,,A,,A,,A,
142328,1,3,1,3,3,3,3,1,5,3,3,3,R,4256,R,1742,R,2514,A,,R,0.0,R,3821.0,R,1559.0,R,2262.0,A,,R,0.0,R,438.0,R,176.0,R,262.0,A,,R,0.0,R,411.0,R,170.0,R,241.0,A,,R,0.0,R,27.0,R,6.0,R,21.0,A,,R,0.0,A,,A,,A,,A,,A,,A,,A,,A,,A,,A,,A,,A,,A,,A,,A,,A,,A,,A,,A,
142461,1,5,1,5,3,3,5,1,3,3,3,3,R,3571,R,1514,R,2057,R,0.0,R,0.0,R,2248.0,R,864.0,R,1384.0,A,,R,0.0,R,246.0,R,109.0,R,137.0,A,,R,0.0,R,243.0,R,107.0,R,136.0,A,,R,0.0,R,3.0,R,2.0,R,1.0,A,,R,0.0,R,130.0,R,55.0,R,99.0,R,42.0,R,470.0,R,540.0,R,620.0,R,470.0,R,540.0,R,590.0,R,25.0,R,28.0,R,31.0,R,17.0,R,23.0,R,27.0,R,17.0,R,19.0,R,26.0
142522,1,3,5,5,1,3,5,1,3,3,3,3,R,10303,R,4542,R,5761,R,0.0,R,0.0,R,9989.0,R,4371.0,R,5618.0,A,,R,0.0,R,4334.0,R,1780.0,R,2554.0,A,,R,0.0,R,3576.0,R,1439.0,R,2137.0,A,,R,0.0,R,758.0,R,341.0,R,417.0,A,,R,0.0,R,1389.0,R,32.0,R,1723.0,R,40.0,R,500.0,R,550.0,R,610.0,R,480.0,R,540.0,R,590.0,R,20.0,R,23.0,R,26.0,R,19.0,R,22.0,R,26.0,R,18.0,R,22.0,R,26.0
142957,1,3,3,3,1,3,5,1,3,5,1,5,R,3,R,1,R,2,A,,R,0.0,R,3.0,R,1.0,R,2.0,A,,R,0.0,R,3.0,R,1.0,R,2.0,A,,R,0.0,R,2.0,Z,0.0,R,2.0,A,,R,0.0,R,1.0,R,1.0,Z,0.0,A,,R,0.0,R,0.0,R,0.0,R,0.0,R,0.0,A,,A,,A,,A,,A,,A,,A,,A,,A,,A,,A,,A,,A,,A,,A,
143048,3,3,1,3,1,1,3,1,3,3,1,3,R,6633,R,1423,R,5210,S,,S,,R,5069.0,R,1010.0,R,4059.0,S,,S,,R,676.0,R,162.0,R,514.0,S,,S,,R,675.0,R,162.0,R,513.0,S,,S,,R,1.0,R,0.0,R,1.0,S,,S,,A,,A,,A,,A,,A,,A,,A,,A,,A,,A,,A,,A,,A,,A,,A,,A,,A,,A,,A,
143084,1,5,1,5,5,3,5,1,3,5,1,5,R,7424,R,3280,R,4144,R,0.0,R,0.0,R,5022.0,R,2013.0,R,3009.0,A,,R,0.0,R,723.0,R,340.0,R,383.0,A,,R,0.0,R,723.0,R,340.0,R,383.0,A,,R,0.0,A,,A,,A,,A,,A,,R,299.0,R,41.0,R,70.0,R,10.0,R,500.0,R,560.0,R,620.0,R,510.0,R,560.0,R,630.0,R,21.0,R,24.0,R,28.0,R,19.0,R,23.0,R,28.0,R,19.0,R,23.0,R,26.0
143118,1,3,5,1,5,3,5,1,3,5,5,3,R,5264,R,2028,R,3184,R,52.0,R,0.0,R,4482.0,R,1702.0,R,2737.0,R,43.0,R,0.0,R,829.0,R,307.0,R,516.0,R,6.0,R,0.0,R,826.0,R,307.0,R,513.0,R,6.0,R,0.0,R,3.0,R,0.0,R,3.0,R,0.0,R,0.0,R,58.0,R,7.0,R,12.0,R,1.0,R,470.0,R,525.0,R,583.0,R,460.0,R,510.0,R,550.0,R,20.0,R,26.0,R,26.0,R,21.0,R,23.0,R,26.0,R,17.0,R,23.0,R,26.0
143288,1,5,1,1,5,5,3,5,3,5,5,5,R,1113,R,499,R,587,R,27.0,R,0.0,R,892.0,R,393.0,R,481.0,R,18.0,R,0.0,R,86.0,R,44.0,R,42.0,R,0.0,R,0.0,R,85.0,R,43.0,R,42.0,A,,R,0.0,R,1.0,R,1.0,R,0.0,A,,R,0.0,A,,A,,A,,A,,A,,A,,A,,A,,A,,A,,A,,A,,A,,A,,A,,A,,A,,A,,A,
143358,1,3,1,5,5,3,5,1,3,3,1,3,R,10138,R,4272,R,5866,A,,R,0.0,R,7772.0,R,3157.0,R,4615.0,A,,R,0.0,R,833.0,R,398.0,R,435.0,A,,R,0.0,R,833.0,R,398.0,R,435.0,A,,R,0.0,R,0.0,R,0.0,R,0.0,A,,R,0.0,R,230.0,R,28.0,R,74.0,R,9.0,R,550.0,R,600.0,R,650.0,R,540.0,R,600.0,R,650.0,R,25.0,R,29.0,R,31.0,R,25.0,R,29.0,R,34.0,R,23.0,R,27.0,R,30.0
143978,1,1,1,5,1,3,5,5,3,1,1,5,R,27,R,9,R,18,S,,S,,R,9.0,R,2.0,R,7.0,S,,S,,R,1.0,R,0.0,R,1.0,S,,S,,R,0.0,A,,R,0.0,S,,S,,R,1.0,A,,R,1.0,S,,S,,R,0.0,R,0.0,R,0.0,R,0.0,A,,A,,A,,A,,A,,A,,A,,A,,A,,A,,A,,A,,A,,A,,A,
144005,1,3,5,5,5,5,3,1,3,3,5,5,R,9458,R,3585,R,5714,A,,R,159.0,R,3832.0,R,1100.0,R,2673.0,A,,R,59.0,R,223.0,R,74.0,R,148.0,A,,R,1.0,R,144.0,R,52.0,R,92.0,A,,R,0.0,R,79.0,R,22.0,R,56.0,A,,R,1.0,A,,A,,A,,A,,A,,A,,A,,A,,A,,A,,A,,A,,A,,A,,A,,A,,A,,A,,A,
144050,5,5,1,1,1,5,5,5,3,5,1,5,R,38631,R,17373,R,21249,R,9.0,R,0.0,R,1849.0,R,994.0,R,855.0,R,0.0,R,0.0,R,1626.0,R,885.0,R,741.0,A,,R,0.0,R,1626.0,R,885.0,R,741.0,A,,R,0.0,A,,A,,A,,A,,A,,R,755.0,R,46.0,R,481.0,R,30.0,R,740.0,R,760.0,R,770.0,R,770.0,R,790.0,R,800.0,R,34.0,R,35.0,R,35.0,R,34.0,R,35.0,R,36.0,R,32.0,R,34.0,R,35.0
144281,5,5,1,5,5,5,3,1,3,5,5,3,R,7873,R,2908,R,4965,A,,R,0.0,R,7178.0,R,2557.0,R,4621.0,A,,R,0.0,R,1608.0,R,590.0,R,1018.0,A,,R,0.0,R,1578.0,R,578.0,R,1000.0,A,,R,0.0,R,30.0,R,12.0,R,18.0,A,,R,0.0,A,,A,,A,,A,,A,,A,,A,,A,,A,,A,,A,,A,,A,,A,,A,,A,,A,,A,,A,
144351,1,3,1,5,5,5,3,1,3,5,5,5,R,4607,R,2152,R,2455,A,,R,0.0,R,4301.0,R,1975.0,R,2326.0,A,,R,0.0,R,327.0,R,162.0,R,165.0,A,,R,0.0,R,319.0,R,161.0,R,158.0,A,,R,0.0,R,8.0,R,1.0,R,7.0,A,,R,0.0,A,,A,,A,,A,,A,,A,,A,,A,,A,,A,,A,,A,,A,,A,,A,,A,,A,,A,,A,
144740,1,5,1,1,1,5,5,1,3,5,5,5,R,32176,R,12824,R,19352,A,,R,0.0,R,23660.0,R,9038.0,R,14622.0,A,,R,0.0,R,2943.0,R,1276.0,R,1667.0,A,,R,0.0,R,2939.0,R,1274.0,R,1665.0,A,,R,0.0,R,4.0,R,2.0,R,2.0,A,,R,0.0,R,864.0,R,29.0,R,322.0,R,11.0,R,570.0,R,630.0,R,680.0,R,560.0,R,600.0,R,660.0,R,26.0,R,28.0,R,31.0,R,25.0,R,29.0,R,33.0,R,23.0,R,26.0,R,28.0
144892,1,5,1,1,5,3,5,1,3,3,3,3,R,11648,R,5163,R,6337,Z,0.0,R,148.0,R,7892.0,R,3254.0,R,4537.0,A,,R,101.0,R,819.0,R,302.0,R,517.0,A,,R,0.0,R,813.0,R,299.0,R,514.0,A,,R,0.0,R,6.0,R,3.0,R,3.0,A,,R,0.0,R,10.0,R,1.0,R,1.0,R,0.0,R,460.0,R,510.0,R,570.0,R,430.0,R,500.0,R,540.0,S,,S,,S,,S,,S,,S,,S,,S,,S,
144962,1,3,1,3,5,3,5,1,3,3,5,3,R,6254,R,2513,R,3715,A,,R,26.0,R,4737.0,R,1731.0,R,2996.0,A,,R,10.0,R,607.0,R,222.0,R,385.0,A,,R,0.0,R,607.0,R,222.0,R,385.0,A,,R,0.0,A,,A,,A,,A,,A,,R,105.0,R,17.0,R,26.0,R,4.0,R,480.0,R,550.0,R,610.0,R,480.0,R,540.0,R,600.0,R,23.0,R,25.0,R,28.0,R,23.0,R,25.0,R,27.0,R,21.0,R,24.0,R,27.0
144971,1,3,1,3,5,3,3,1,3,3,3,3,R,1041,R,670,R,368,S,,S,,R,921.0,R,579.0,R,340.0,S,,S,,R,129.0,R,71.0,R,58.0,S,,S,,R,129.0,R,71.0,R,58.0,S,,S,,R,0.0,Z,0.0,Z,0.0,S,,S,,A,,A,,A,,A,,A,,A,,A,,A,,A,,A,,A,,A,,A,,A,,A,,A,,A,,A,,A,
145239,1,5,1,3,3,3,3,3,3,5,1,3,R,64,R,12,R,52,A,,R,0.0,R,49.0,R,8.0,R,41.0,A,,R,0.0,R,27.0,R,5.0,R,22.0,A,,R,0.0,R,27.0,R,5.0,R,22.0,A,,R,0.0,A,,A,,A,,A,,A,,A,,A,,A,,A,,A,,A,,A,,A,,A,,A,,A,,A,,A,,A,,A,,A,,A,,A,,A,
145354,5,3,1,5,1,5,3,5,3,5,5,3,R,4,R,0,R,4,S,,S,,R,4.0,A,,R,4.0,S,,S,,R,4.0,A,,R,4.0,S,,S,,R,3.0,A,,R,3.0,S,,S,,R,1.0,A,,R,1.0,S,,S,,A,,A,,A,,A,,A,,A,,A,,A,,A,,A,,A,,A,,A,,A,,A,,A,,A,,A,,A,
145372,1,5,5,5,5,5,5,1,3,5,5,3,R,1273,R,686,R,587,R,0.0,R,0.0,R,1214.0,R,647.0,R,567.0,A,,R,0.0,R,210.0,R,116.0,R,94.0,A,,R,0.0,R,209.0,R,116.0,R,93.0,A,,R,0.0,R,1.0,R,0.0,R,1.0,A,,R,0.0,R,79.0,R,38.0,R,37.0,R,18.0,R,430.0,R,511.0,R,608.0,R,381.0,R,497.0,R,611.0,R,14.0,R,21.0,R,24.0,R,12.0,R,20.0,R,29.0,R,14.0,R,21.0,R,28.0
145497,1,3,1,5,1,5,5,1,3,5,1,5,R,25,R,10,R,15,A,,R,0.0,R,23.0,R,10.0,R,13.0,A,,R,0.0,R,19.0,R,10.0,R,9.0,A,,R,0.0,R,15.0,R,8.0,R,7.0,A,,R,0.0,R,4.0,R,2.0,R,2.0,A,,R,0.0,R,1.0,R,5.0,R,1.0,R,5.0,S,,S,,S,,S,,S,,S,,S,,S,,S,,S,,S,,S,,S,,S,,S,
145600,1,1,1,1,3,3,5,1,3,3,1,3,R,25420,R,10989,R,14431,A,,R,0.0,R,19955.0,R,8116.0,R,11839.0,A,,R,0.0,R,4647.0,R,2166.0,R,2481.0,A,,R,0.0,R,4565.0,R,2129.0,R,2436.0,A,,R,0.0,R,82.0,R,37.0,R,45.0,A,,R,0.0,R,1356.0,R,29.0,R,200.0,R,4.0,R,560.0,R,620.0,R,660.0,R,560.0,R,610.0,R,680.0,R,25.0,R,28.0,R,32.0,R,24.0,R,28.0,R,33.0,R,24.0,R,26.0,R,31.0
145619,1,5,3,5,5,5,5,5,3,3,5,3,R,2788,R,1379,R,1409,R,0.0,R,0.0,R,2153.0,R,977.0,R,1176.0,A,,R,0.0,R,354.0,R,185.0,R,169.0,A,,R,0.0,R,353.0,R,184.0,R,169.0,A,,R,0.0,R,1.0,R,1.0,R,0.0,A,,R,0.0,R,0.0,R,0.0,R,0.0,R,0.0,A,,A,,A,,A,,A,,A,,A,,A,,A,,A,,A,,A,,A,,A,,A,
145637,3,3,1,1,3,3,5,1,3,5,1,3,R,67398,R,38395,R,28989,A,,R,14.0,R,29446.0,R,14192.0,R,15248.0,A,,R,6.0,R,8325.0,R,4198.0,R,4126.0,A,,R,1.0,R,8316.0,R,4190.0,R,4125.0,A,,R,1.0,R,9.0,R,8.0,R,1.0,A,,R,0.0,R,3950.0,R,47.0,R,1477.0,R,18.0,R,630.0,R,690.0,R,730.0,R,640.0,R,720.0,R,780.0,R,29.0,R,32.0,R,34.0,R,28.0,R,33.0,R,35.0,R,27.0,R,30.0,R,34.0
145646,5,5,1,5,1,1,5,1,3,5,5,5,R,6128,R,3206,R,2912,S,,S,,R,2768.0,R,1273.0,R,1491.0,S,,S,,R,441.0,R,228.0,R,210.0,S,,S,,R,441.0,R,228.0,R,210.0,S,,S,,A,,A,,A,,S,,S,,R,115.0,R,26.0,R,53.0,R,12.0,R,570.0,R,620.0,R,660.0,R,570.0,R,600.0,R,670.0,R,24.0,R,27.0,R,29.0,R,24.0,R,27.0,R,32.0,R,23.0,R,26.0,R,28.0
145691,1,5,1,1,5,5,5,1,5,5,5,3,R,3660,R,1737,R,1923,A,,R,0.0,R,2733.0,R,1256.0,R,1477.0,A,,R,0.0,R,253.0,R,132.0,R,121.0,A,,R,0.0,R,253.0,R,132.0,R,121.0,A,,R,0.0,A,,A,,A,,A,,A,,R,119.0,R,47.0,R,36.0,R,14.0,R,490.0,R,530.0,R,583.0,R,488.0,R,540.0,R,600.0,R,19.0,R,22.0,R,25.0,R,18.0,R,22.0,R,24.0,R,17.0,R,21.0,R,24.0
145725,5,5,1,1,5,5,5,1,5,5,1,3,R,8912,R,5867,R,3045,A,,R,0.0,R,4939.0,R,3155.0,R,1784.0,A,,R,0.0,R,534.0,R,339.0,R,195.0,A,,R,0.0,R,528.0,R,334.0,R,194.0,A,,R,0.0,R,6.0,R,5.0,R,1.0,A,,R,0.0,R,239.0,R,45.0,R,57.0,R,11.0,R,570.0,R,640.0,R,690.0,R,610.0,R,650.0,R,720.0,R,25.0,R,28.0,R,31.0,R,24.0,R,30.0,R,34.0,R,25.0,R,27.0,R,30.0
145813,1,3,1,3,3,3,5,1,3,3,5,3,R,20884,R,8709,R,12175,A,,R,0.0,R,18589.0,R,7477.0,R,11112.0,A,,R,0.0,R,4147.0,R,1777.0,R,2370.0,A,,R,0.0,R,4133.0,R,1770.0,R,2363.0,A,,R,0.0,R,14.0,R,7.0,R,7.0,A,,R,0.0,R,1472.0,R,35.0,R,407.0,R,10.0,R,510.0,R,560.0,R,620.0,R,500.0,R,550.0,R,610.0,R,22.0,R,24.0,R,27.0,R,21.0,R,24.0,R,27.0,R,19.0,R,23.0,R,26.0
146339,1,5,1,5,5,3,5,1,3,3,1,3,R,873,R,677,R,195,R,0.0,R,1.0,R,551.0,R,405.0,R,145.0,A,,R,1.0,R,178.0,R,127.0,R,51.0,A,,R,0.0,R,177.0,R,126.0,R,51.0,A,,R,0.0,R,1.0,R,1.0,R,0.0,A,,R,0.0,R,93.0,R,55.0,R,35.0,R,20.0,R,435.0,R,480.0,R,540.0,R,425.0,R,480.0,R,540.0,R,16.0,R,20.0,R,23.0,R,15.0,R,19.0,R,22.0,R,16.0,R,20.0,R,24.0
146427,5,5,1,1,1,5,5,1,3,5,1,5,R,4136,R,2351,R,1779,R,6.0,R,0.0,R,2942.0,R,1560.0,R,1376.0,R,6.0,R,0.0,R,249.0,R,142.0,R,107.0,R,0.0,R,0.0,R,249.0,R,142.0,R,107.0,A,,R,0.0,R,0.0,R,0.0,R,0.0,A,,R,0.0,R,54.0,R,22.0,R,26.0,R,10.0,R,530.0,R,630.0,R,680.0,R,590.0,R,620.0,R,705.0,R,21.0,R,26.0,R,30.0,R,20.0,R,25.0,R,31.0,R,20.0,R,25.0,R,27.0
146481,1,5,1,1,1,3,5,1,3,5,1,5,R,4811,R,2102,R,2709,R,0.0,R,0.0,R,2858.0,R,1176.0,R,1682.0,A,,R,0.0,R,425.0,R,188.0,R,237.0,A,,R,0.0,R,425.0,R,188.0,R,237.0,A,,R,0.0,R,0.0,R,0.0,R,0.0,A,,R,0.0,R,67.0,R,16.0,R,48.0,R,11.0,R,590.0,R,640.0,R,685.0,R,580.0,R,640.0,R,680.0,R,28.0,R,29.0,R,31.0,R,28.0,R,30.0,R,33.0,R,25.0,R,27.0,R,28.0
146612,1,5,1,1,5,5,5,1,3,5,1,5,R,5291,R,2782,R,2452,R,57.0,R,0.0,R,3848.0,R,1939.0,R,1868.0,R,41.0,R,0.0,R,620.0,R,334.0,R,281.0,R,5.0,R,0.0,R,615.0,R,330.0,R,280.0,R,5.0,R,0.0,R,5.0,R,4.0,R,1.0,R,0.0,R,0.0,R,176.0,R,28.0,R,30.0,R,5.0,R,490.0,R,550.0,R,610.0,R,500.0,R,550.0,R,610.0,R,22.0,R,25.0,R,26.0,R,21.0,R,23.0,R,25.0,R,21.0,R,24.0,R,28.0
146719,1,5,5,5,1,3,5,1,3,5,5,5,R,40468,R,13590,R,26872,S,,S,,R,32937.0,R,10297.0,R,22638.0,S,,S,,R,2951.0,R,872.0,R,2078.0,S,,S,,R,2946.0,R,870.0,R,2075.0,S,,S,,R,5.0,R,2.0,R,3.0,S,,S,,R,747.0,R,25.0,R,367.0,R,12.0,R,590.0,R,640.0,R,680.0,R,570.0,R,610.0,R,660.0,R,27.0,R,29.0,R,31.0,R,26.0,R,30.0,R,34.0,R,24.0,R,26.0,R,29.0
147013,1,3,1,3,3,3,3,1,3,3,3,3,R,2652,R,1287,R,1067,R,12.0,R,286.0,R,1694.0,R,899.0,R,785.0,R,10.0,R,0.0,R,436.0,R,243.0,R,193.0,R,0.0,R,0.0,R,435.0,R,242.0,R,193.0,A,,R,0.0,R,1.0,R,1.0,R,0.0,A,,R,0.0,A,,A,,A,,A,,A,,A,,A,,A,,A,,A,,A,,A,,A,,A,,A,,A,,A,,A,,A,
147129,1,3,1,3,5,3,5,1,3,5,5,3,R,45,R,3,R,42,A,,R,0.0,R,14.0,R,0.0,R,14.0,A,,R,0.0,R,14.0,A,,R,14.0,A,,R,0.0,R,0.0,A,,R,0.0,A,,R,0.0,R,14.0,A,,R,14.0,A,,R,0.0,R,1.0,C,7.0,R,0.0,Z,0.0,S,,S,,S,,S,,S,,S,,A,,A,,A,,A,,A,,A,,A,,A,,A,
147244,1,5,1,5,5,1,5,1,3,5,5,3,R,4009,R,2012,R,1978,A,,R,19.0,R,2167.0,R,940.0,R,1219.0,A,,R,8.0,R,329.0,R,152.0,R,177.0,A,,R,0.0,R,328.0,R,152.0,R,176.0,A,,R,0.0,R,1.0,R,0.0,R,1.0,A,,R,0.0,R,84.0,R,26.0,R,21.0,R,6.0,R,450.0,R,520.0,R,600.0,R,410.0,R,520.0,R,570.0,R,14.0,R,21.0,R,24.0,R,12.0,R,20.0,R,23.0,R,15.0,R,16.0,R,23.0
147341,1,5,1,1,5,3,5,1,3,5,5,5,R,1614,R,957,R,632,S,,S,,R,1398.0,R,802.0,R,574.0,S,,S,,R,211.0,R,130.0,R,78.0,S,,S,,R,211.0,R,130.0,R,78.0,S,,S,,R,0.0,R,0.0,R,0.0,S,,S,,R,64.0,R,30.0,R,8.0,R,4.0,R,510.0,R,560.0,R,630.0,R,500.0,R,560.0,R,600.0,R,20.0,R,24.0,R,27.0,R,19.0,R,22.0,R,26.0,R,17.0,R,22.0,R,26.0
147369,1,3,1,3,1,3,3,1,3,3,1,3,R,244,R,129,R,115,R,0.0,R,0.0,R,238.0,R,123.0,R,115.0,A,,R,0.0,R,162.0,R,86.0,R,76.0,A,,R,0.0,R,147.0,R,76.0,R,71.0,A,,R,0.0,R,15.0,R,10.0,R,5.0,A,,R,0.0,A,,A,,A,,A,,A,,A,,A,,A,,A,,A,,A,,A,,A,,A,,A,,A,,A,,A,,A,
147536,1,3,1,3,3,3,3,1,3,5,5,3,R,4145,R,1826,R,2319,S,,S,,R,3860.0,R,1653.0,R,2207.0,S,,S,,R,785.0,R,270.0,R,515.0,S,,S,,R,714.0,R,252.0,R,462.0,S,,S,,R,71.0,R,18.0,R,53.0,S,,S,,A,,A,,A,,A,,A,,A,,A,,A,,A,,A,,A,,A,,A,,A,,A,,A,,A,,A,,A,
147660,1,3,1,3,5,3,5,1,3,5,5,5,R,5241,R,2676,R,2565,R,0.0,R,0.0,R,3056.0,R,1484.0,R,1572.0,A,,R,0.0,R,516.0,R,284.0,R,232.0,A,,R,0.0,R,516.0,R,284.0,R,232.0,A,,R,0.0,R,0.0,R,0.0,R,0.0,A,,R,0.0,R,131.0,R,25.0,R,35.0,R,7.0,R,535.0,R,570.0,R,650.0,R,530.0,R,580.0,R,630.0,R,23.0,R,25.0,R,27.0,R,21.0,R,24.0,R,28.0,R,22.0,R,24.0,R,27.0
147679,1,3,5,3,1,3,3,5,3,3,1,3,R,3468,R,1480,R,1919,A,,R,69.0,R,2526.0,R,1027.0,R,1460.0,A,,R,39.0,R,455.0,R,220.0,R,217.0,A,,R,18.0,R,455.0,R,220.0,R,217.0,A,,R,18.0,A,,A,,A,,A,,A,,A,,A,,A,,A,,A,,A,,A,,A,,A,,A,,A,,A,,A,,A,,A,,A,,A,,A,,A,
147703,1,1,1,1,3,3,3,1,3,3,3,3,R,24177,R,10198,R,13971,A,,R,8.0,R,17033.0,R,6799.0,R,10231.0,A,,R,3.0,R,2202.0,R,1004.0,R,1198.0,A,,R,0.0,R,2179.0,R,990.0,R,1189.0,A,,R,0.0,R,23.0,R,14.0,R,9.0,A,,R,0.0,A,,A,,A,,A,,A,,A,,A,,A,,A,,A,,A,,A,,A,,A,,A,,A,,A,,A,,A,
147767,5,5,1,1,1,3,5,1,3,5,1,5,R,51769,R,24511,R,27258,R,0.0,R,0.0,R,3703.0,R,1705.0,R,1998.0,A,,R,0.0,C,2111.0,C,965.0,C,1146.0,A,,R,0.0,C,2111.0,C,965.0,C,1146.0,A,,R,0.0,A,,A,,A,,A,,A,,R,1063.0,R,50.0,R,614.0,R,29.0,R,730.0,R,750.0,R,770.0,R,760.0,R,780.0,R,790.0,R,33.0,R,34.0,R,35.0,R,34.0,R,35.0,R,36.0,R,31.0,R,34.0,R,35.0
147776,1,3,3,3,5,3,3,1,3,3,5,3,R,8481,R,3599,R,4882,A,,R,0.0,R,5971.0,R,2291.0,R,3680.0,A,,R,0.0,R,553.0,R,260.0,R,293.0,A,,R,0.0,R,514.0,R,246.0,R,268.0,A,,R,0.0,R,39.0,R,14.0,R,25.0,A,,R,0.0,A,,A,,A,,A,,A,,A,,A,,A,,A,,A,,A,,A,,A,,A,,A,,A,,A,,A,,A,
147828,1,3,1,3,5,3,5,1,3,3,5,3,R,4426,R,1833,R,2593,A,,R,0.0,R,2961.0,R,1201.0,R,1760.0,A,,R,0.0,R,649.0,R,313.0,R,336.0,A,,R,0.0,R,648.0,R,312.0,R,336.0,A,,R,0.0,R,1.0,R,1.0,Z,0.0,A,,R,0.0,R,219.0,R,34.0,R,107.0,R,16.0,R,480.0,R,540.0,R,600.0,R,480.0,R,540.0,R,590.0,R,18.0,R,23.0,R,28.0,R,18.0,R,24.0,R,28.0,R,18.0,R,22.0,R,27.0
148016,1,3,1,5,5,3,5,1,3,5,1,3,R,268,R,164,R,104,R,0.0,R,0.0,R,119.0,R,70.0,R,49.0,A,,R,0.0,R,84.0,R,51.0,R,33.0,A,,R,0.0,R,84.0,R,51.0,R,33.0,A,,R,0.0,A,,A,,A,,A,,A,,R,32.0,R,38.0,R,17.0,R,20.0,R,510.0,R,550.0,R,640.0,R,530.0,R,570.0,R,610.0,R,19.0,R,20.0,R,23.0,R,16.0,R,21.0,R,23.0,R,16.0,R,18.0,R,22.0
148131,1,5,1,1,5,5,5,1,5,5,1,3,R,2197,R,1475,R,722,A,,R,0.0,R,1096.0,R,677.0,R,419.0,A,,R,0.0,R,327.0,R,215.0,R,112.0,A,,R,0.0,R,327.0,R,215.0,R,112.0,A,,R,0.0,R,0.0,R,0.0,R,0.0,A,,R,0.0,R,62.0,R,20.0,R,27.0,R,9.0,R,540.0,R,590.0,R,630.0,R,530.0,R,570.0,R,620.0,R,21.0,R,23.0,R,25.0,R,20.0,R,23.0,R,24.0,R,20.0,R,23.0,R,26.0
148405,1,5,1,1,3,3,5,1,3,3,5,5,R,2979,R,1918,R,1022,S,,S,,R,1705.0,R,1055.0,R,622.0,S,,S,,R,191.0,R,110.0,R,80.0,S,,S,,R,191.0,R,110.0,R,80.0,S,,S,,A,,A,,A,,S,,S,,R,43.0,R,23.0,R,14.0,R,7.0,R,450.0,R,490.0,R,535.0,R,400.0,R,450.0,R,535.0,R,17.0,R,22.0,R,23.0,R,17.0,R,20.0,R,22.0,R,17.0,R,21.0,R,24.0
148487,1,5,1,1,3,3,5,5,3,5,5,3,R,5987,R,2588,R,3399,A,,R,0.0,R,5644.0,R,2432.0,R,3212.0,A,,R,0.0,R,600.0,R,259.0,R,341.0,A,,R,0.0,R,595.0,R,256.0,R,339.0,A,,R,0.0,R,5.0,R,3.0,R,2.0,A,,R,0.0,R,105.0,R,18.0,R,19.0,R,3.0,R,430.0,R,490.0,R,550.0,R,390.0,R,470.0,R,540.0,R,21.0,R,25.0,R,29.0,R,20.0,R,24.0,R,30.0,R,19.0,R,23.0,R,26.0
148496,1,5,1,1,5,3,5,1,3,5,5,5,R,6536,R,2335,R,4201,R,0.0,R,0.0,R,5216.0,R,1729.0,R,3487.0,A,,R,0.0,R,651.0,R,207.0,R,444.0,A,,R,0.0,R,648.0,R,206.0,R,442.0,A,,R,0.0,R,3.0,R,1.0,R,2.0,A,,R,0.0,R,88.0,R,14.0,R,7.0,R,1.0,R,480.0,R,510.0,R,570.0,R,454.0,R,515.0,R,570.0,R,17.0,R,18.0,R,22.0,R,16.0,R,17.0,R,20.0,R,15.0,R,16.0,R,18.0
148584,1,3,1,1,5,3,5,1,3,3,5,3,R,1888,R,723,R,1165,Z,0.0,R,0.0,R,1207.0,R,435.0,R,772.0,A,,R,0.0,R,238.0,R,89.0,R,149.0,A,,R,0.0,R,238.0,R,89.0,R,149.0,A,,R,0.0,R,0.0,R,0.0,R,0.0,A,,R,0.0,R,129.0,R,56.0,R,21.0,R,9.0,R,460.0,R,520.0,R,590.0,R,440.0,R,520.0,R,580.0,R,20.0,R,23.0,R,25.0,R,19.0,R,21.0,R,25.0,R,18.0,R,21.0,R,26.0
148627,1,3,1,5,5,3,3,1,3,5,5,3,R,7216,R,2736,R,4480,R,0.0,R,0.0,R,6188.0,R,2235.0,R,3953.0,A,,R,0.0,R,759.0,R,303.0,R,456.0,A,,R,0.0,R,754.0,R,301.0,R,453.0,A,,R,0.0,R,5.0,R,2.0,R,3.0,A,,R,0.0,A,,A,,A,,A,,A,,A,,A,,A,,A,,A,,A,,A,,A,,A,,A,,A,,A,,A,,A,
148654,1,5,1,1,5,3,5,1,3,5,1,3,R,2495,R,926,R,1569,A,,R,0.0,R,2105.0,R,752.0,R,1353.0,A,,R,0.0,R,259.0,R,95.0,R,164.0,A,,R,0.0,R,254.0,R,91.0,R,163.0,A,,R,0.0,R,5.0,R,4.0,R,1.0,A,,R,0.0,R,103.0,R,40.0,R,28.0,R,11.0,R,510.0,R,540.0,R,610.0,R,500.0,R,550.0,R,600.0,R,21.0,R,25.0,R,28.0,R,20.0,R,23.0,R,28.0,R,20.0,R,25.0,R,27.0
148955,5,3,1,3,3,3,3,3,3,3,3,3,R,0,R,0,R,0,R,0.0,R,0.0,A,,A,,A,,A,,R,0.0,A,,A,,A,,A,,R,0.0,A,,A,,A,,A,,R,0.0,A,,A,,A,,A,,A,,A,,A,,A,,A,,A,,A,,A,,A,,A,,A,,A,,A,,A,,A,,A,,A,,A,,A,,A,
149028,1,3,3,3,3,3,3,1,1,5,5,3,R,2,R,0,R,2,A,,R,0.0,R,2.0,A,,R,2.0,A,,R,0.0,R,2.0,A,,R,2.0,A,,R,0.0,R,2.0,A,,R,2.0,A,,R,0.0,R,0.0,A,,R,0.0,A,,R,0.0,A,,A,,A,,A,,A,,A,,A,,A,,A,,A,,A,,A,,A,,A,,A,,A,,A,,A,,A,
149222,1,5,1,1,5,3,5,1,3,3,5,3,R,10401,R,4235,R,6157,A,,R,9.0,R,9407.0,R,3797.0,R,5604.0,A,,R,6.0,R,1621.0,R,713.0,R,905.0,A,,R,3.0,R,1580.0,R,696.0,R,881.0,A,,R,3.0,R,41.0,R,17.0,R,24.0,A,,R,0.0,R,586.0,R,36.0,R,180.0,R,11.0,R,470.0,R,520.0,R,580.0,R,440.0,R,500.0,R,560.0,R,20.0,R,24.0,R,27.0,R,20.0,R,23.0,R,27.0,R,18.0,R,22.0,R,25.0
149231,1,5,1,3,3,3,5,1,3,3,3,3,R,8937,R,3358,R,5156,A,,R,423.0,R,8688.0,R,3231.0,R,5039.0,A,,R,418.0,R,1602.0,R,660.0,R,929.0,A,,R,13.0,R,1580.0,R,651.0,R,916.0,A,,R,13.0,R,22.0,R,9.0,R,13.0,A,,R,0.0,R,782.0,R,49.0,R,300.0,R,19.0,R,460.0,R,530.0,R,590.0,R,440.0,R,500.0,R,570.0,R,20.0,R,23.0,R,26.0,R,19.0,R,22.0,R,26.0,R,17.0,R,22.0,R,26.0
149310,3,3,1,3,3,3,3,3,1,3,5,3,R,28,R,14,R,14,A,,R,0.0,R,25.0,R,13.0,R,12.0,A,,R,0.0,R,22.0,R,12.0,R,10.0,A,,R,0.0,R,22.0,R,12.0,R,10.0,A,,R,0.0,A,,A,,A,,A,,A,,A,,A,,A,,A,,A,,A,,A,,A,,A,,A,,A,,A,,A,,A,,A,,A,,A,,A,,A,
149329,5,3,5,1,1,5,3,3,3,3,5,5,R,19,R,19,Z,0,A,,R,0.0,R,19.0,R,19.0,A,,A,,R,0.0,R,18.0,R,18.0,A,,A,,R,0.0,R,18.0,R,18.0,A,,A,,R,0.0,A,,A,,A,,A,,A,,A,,A,,A,,A,,A,,A,,A,,A,,A,,A,,A,,A,,A,,A,,A,,A,,A,,A,,A,
149505,1,5,1,1,1,3,5,1,3,3,3,3,R,652,R,255,R,397,A,,R,0.0,R,578.0,R,212.0,R,366.0,A,,R,0.0,R,159.0,R,67.0,R,92.0,A,,R,0.0,R,158.0,R,66.0,R,92.0,A,,R,0.0,R,1.0,R,1.0,R,0.0,A,,R,0.0,R,39.0,R,25.0,R,14.0,R,9.0,R,520.0,R,560.0,R,590.0,R,530.0,R,560.0,R,610.0,R,23.0,R,26.0,R,28.0,R,24.0,R,26.0,R,30.0,R,20.0,R,25.0,R,25.0
149514,1,3,1,3,5,3,3,1,3,3,5,3,R,264,R,131,R,133,A,,R,0.0,R,246.0,R,120.0,R,126.0,A,,R,0.0,R,21.0,R,4.0,R,17.0,A,,R,0.0,R,19.0,R,4.0,R,15.0,A,,R,0.0,R,2.0,R,0.0,R,2.0,A,,R,0.0,A,,A,,A,,A,,A,,A,,A,,A,,A,,A,,A,,A,,A,,A,,A,,A,,A,,A,,A,
149639,1,5,5,5,1,1,5,1,3,5,1,5,R,37,R,22,R,15,A,,R,0.0,R,36.0,R,22.0,R,14.0,A,,R,0.0,R,17.0,R,12.0,R,5.0,A,,R,0.0,R,17.0,R,12.0,R,5.0,A,,R,0.0,R,0.0,R,0.0,R,0.0,A,,R,0.0,R,0.0,R,0.0,R,0.0,R,0.0,A,,A,,A,,A,,A,,A,,A,,A,,A,,A,,A,,A,,A,,A,,A,
149772,1,3,1,1,3,3,3,1,3,3,3,3,R,8479,R,3479,R,5000,R,0.0,R,0.0,R,6356.0,R,2441.0,R,3915.0,A,,R,0.0,R,968.0,R,382.0,R,586.0,A,,R,0.0,R,951.0,R,379.0,R,572.0,A,,R,0.0,R,17.0,R,3.0,R,14.0,A,,R,0.0,A,,A,,A,,A,,A,,A,,A,,A,,A,,A,,A,,A,,A,,A,,A,,A,,A,,A,,A,
149781,1,5,1,1,1,3,5,1,3,5,5,5,R,1866,R,892,R,974,R,0.0,R,0.0,R,1679.0,R,788.0,R,891.0,A,,R,0.0,R,553.0,R,264.0,R,289.0,A,,R,0.0,R,553.0,R,264.0,R,289.0,A,,R,0.0,R,0.0,R,0.0,R,0.0,A,,R,0.0,R,144.0,R,26.0,R,105.0,R,19.0,R,650.0,R,680.0,R,720.0,R,610.0,R,670.0,R,720.0,R,27.0,R,30.0,R,32.0,R,28.0,R,32.0,R,35.0,R,25.0,R,28.0,R,30.0
150066,1,5,1,3,5,3,5,1,3,5,5,3,R,5661,R,2922,R,2714,A,,R,25.0,R,3024.0,R,1391.0,R,1625.0,A,,R,8.0,R,310.0,R,155.0,R,149.0,A,,R,6.0,R,307.0,R,153.0,R,148.0,A,,R,6.0,R,3.0,R,2.0,R,1.0,A,,R,0.0,R,175.0,R,56.0,R,35.0,R,11.0,R,480.0,R,535.0,R,590.0,R,460.0,R,520.0,R,580.0,R,16.0,R,20.0,R,23.0,R,15.0,R,19.0,R,22.0,R,16.0,R,20.0,R,23.0
150136,1,3,1,1,5,3,5,1,3,5,5,3,R,28668,R,10929,R,17739,A,,R,0.0,R,20525.0,R,7566.0,R,12959.0,A,,R,0.0,R,3826.0,R,1485.0,R,2341.0,A,,R,0.0,R,3790.0,R,1471.0,R,2319.0,A,,R,0.0,R,36.0,R,14.0,R,22.0,A,,R,0.0,R,1233.0,R,32.0,R,129.0,R,3.0,R,550.0,R,590.0,R,630.0,R,530.0,R,570.0,R,620.0,R,25.0,R,27.0,R,30.0,R,24.0,R,26.0,R,31.0,R,22.0,R,25.0,R,28.0
150145,1,5,1,5,3,3,5,1,5,3,5,3,R,833,R,333,R,500,A,,R,0.0,R,822.0,R,330.0,R,492.0,A,,R,0.0,R,226.0,R,101.0,R,125.0,A,,R,0.0,R,222.0,R,100.0,R,122.0,A,,R,0.0,R,4.0,R,1.0,R,3.0,A,,R,0.0,R,146.0,R,66.0,R,22.0,R,10.0,R,470.0,R,540.0,R,600.0,R,470.0,R,530.0,R,590.0,R,19.0,R,21.0,R,24.0,R,17.0,R,21.0,R,24.0,R,18.0,R,20.0,R,26.0
150163,1,5,1,1,5,5,5,1,3,5,5,3,R,9431,R,3945,R,5484,S,,S,,R,8098.0,R,3336.0,R,4761.0,S,,S,,R,1151.0,R,460.0,R,691.0,S,,S,,R,1151.0,R,460.0,R,691.0,S,,S,,R,0.0,R,0.0,R,0.0,S,,S,,R,398.0,R,35.0,R,225.0,R,20.0,R,590.0,R,630.0,R,680.0,R,590.0,R,630.0,R,680.0,R,26.0,R,28.0,R,31.0,R,25.0,R,28.0,R,32.0,R,25.0,R,27.0,R,29.0
150400,1,5,1,5,1,3,5,1,3,5,1,5,R,7197,R,3721,R,3476,S,,S,,R,3891.0,R,1787.0,R,2104.0,S,,S,,R,500.0,R,272.0,R,228.0,S,,S,,R,500.0,R,272.0,R,228.0,S,,S,,A,,A,,A,,S,,S,,R,259.0,R,52.0,R,29.0,R,6.0,R,570.0,R,630.0,R,680.0,R,570.0,R,650.0,R,750.0,R,26.0,R,29.0,R,31.0,R,24.0,R,28.0,R,33.0,R,26.0,R,28.0,R,29.0
150455,1,5,1,1,1,3,5,1,3,3,1,3,R,1765,R,856,R,893,R,14.0,R,2.0,R,1310.0,R,600.0,R,694.0,R,14.0,R,2.0,R,202.0,R,90.0,R,106.0,R,5.0,R,1.0,R,202.0,R,90.0,R,106.0,R,5.0,R,1.0,A,,A,,A,,A,,A,,R,64.0,R,32.0,R,44.0,R,22.0,R,608.0,R,640.0,R,690.0,R,570.0,R,610.0,R,673.0,R,23.0,R,26.0,R,30.0,R,21.0,R,27.0,R,31.0,R,22.0,R,25.0,R,28.0
150534,1,5,1,1,5,5,3,1,3,5,5,5,R,4492,R,1945,R,2547,A,,R,0.0,R,3488.0,R,1440.0,R,2048.0,A,,R,0.0,R,462.0,R,188.0,R,274.0,A,,R,0.0,R,462.0,R,188.0,R,274.0,A,,R,0.0,R,0.0,R,0.0,R,0.0,A,,R,0.0,A,,A,,A,,A,,A,,A,,A,,A,,A,,A,,A,,A,,A,,A,,A,,A,,A,,A,,A,
150604,1,5,1,5,5,5,5,3,3,5,5,5,R,2264,R,1085,R,1163,R,16.0,R,0.0,R,1598.0,R,719.0,R,869.0,R,10.0,R,0.0,R,256.0,R,137.0,R,119.0,R,0.0,R,0.0,R,256.0,R,137.0,R,119.0,A,,R,0.0,R,0.0,R,0.0,R,0.0,A,,R,0.0,R,99.0,R,39.0,R,12.0,R,5.0,R,500.0,R,560.0,R,600.0,R,520.0,R,550.0,R,600.0,R,21.0,R,24.0,R,27.0,R,19.0,R,22.0,R,25.0,R,23.0,R,25.0,R,25.0
150668,1,5,1,3,1,3,5,1,3,3,1,3,R,1175,R,447,R,709,S,,S,,R,1045.0,R,397.0,R,634.0,S,,S,,R,157.0,R,62.0,R,94.0,S,,S,,R,156.0,R,61.0,R,94.0,S,,S,,R,1.0,R,1.0,R,0.0,S,,S,,R,84.0,R,54.0,R,12.0,R,8.0,R,420.0,R,510.0,R,570.0,R,430.0,R,515.0,R,563.0,R,23.0,R,25.0,R,27.0,R,22.0,R,24.0,R,27.0,R,23.0,R,25.0,R,26.0
150677,1,5,1,5,5,3,5,3,3,3,1,3,R,4111,R,1258,R,2853,A,,R,0.0,R,3321.0,R,940.0,R,2381.0,A,,R,0.0,R,452.0,R,171.0,R,281.0,A,,R,0.0,R,452.0,R,171.0,R,281.0,A,,R,0.0,A,,A,,A,,A,,A,,R,135.0,R,30.0,R,34.0,R,8.0,R,480.0,R,550.0,R,600.0,R,470.0,R,530.0,R,600.0,R,20.0,R,22.0,R,27.0,R,20.0,R,23.0,R,30.0,R,17.0,R,21.0,R,27.0
150756,1,5,1,5,1,3,5,1,3,3,5,3,R,2702,R,1279,R,1412,R,11.0,R,0.0,R,2269.0,R,1041.0,R,1220.0,R,8.0,R,0.0,R,264.0,R,127.0,R,132.0,R,5.0,R,0.0,R,264.0,R,127.0,R,132.0,R,5.0,R,0.0,A,,A,,A,,A,,A,,R,71.0,R,27.0,R,37.0,R,14.0,R,540.0,R,600.0,R,640.0,R,530.0,R,570.0,R,600.0,R,22.0,R,26.0,R,30.0,A,,A,,A,,A,,A,,A,
150774,1,5,1,5,5,5,5,1,3,5,5,5,R,1670,R,828,R,842,S,,S,,R,1231.0,R,591.0,R,640.0,S,,S,,R,250.0,R,157.0,R,93.0,S,,S,,R,225.0,R,132.0,R,93.0,S,,S,,R,25.0,R,25.0,R,0.0,S,,S,,R,8.0,R,4.0,R,7.0,R,3.0,R,490.0,R,580.0,R,660.0,R,490.0,R,570.0,R,640.0,R,23.0,R,28.0,R,31.0,R,24.0,R,30.0,R,34.0,R,22.0,R,26.0,R,29.0
150941,1,5,1,1,5,3,5,1,3,5,5,3,R,1570,R,622,R,947,A,,R,1.0,R,1117.0,R,432.0,R,685.0,A,,R,0.0,R,268.0,R,113.0,R,155.0,A,,R,0.0,R,247.0,R,103.0,R,144.0,A,,R,0.0,R,21.0,R,10.0,R,11.0,A,,R,0.0,R,153.0,R,59.0,R,26.0,R,10.0,R,470.0,R,530.0,R,590.0,R,530.0,R,590.0,R,600.0,R,21.0,R,23.0,R,25.0,R,22.0,R,24.0,R,26.0,R,22.0,R,26.0,R,27.0
151102,1,3,1,1,3,3,5,1,3,3,3,3,R,6466,R,3314,R,3151,A,,R,1.0,R,5539.0,R,2841.0,R,2697.0,A,,R,1.0,R,1378.0,R,752.0,R,626.0,A,,R,0.0,R,1328.0,R,726.0,R,602.0,A,,R,0.0,R,50.0,R,26.0,R,24.0,A,,R,0.0,R,913.0,R,66.0,R,105.0,R,8.0,R,480.0,R,540.0,R,600.0,R,480.0,R,530.0,R,590.0,R,19.0,R,23.0,R,26.0,R,18.0,R,22.0,R,25.0,R,17.0,R,23.0,R,26.0
151111,1,5,1,1,3,3,5,1,3,5,5,3,R,15715,R,6228,R,9485,S,,S,,R,12791.0,R,4862.0,R,7927.0,S,,S,,R,3283.0,R,1281.0,R,2002.0,S,,S,,R,3191.0,R,1241.0,R,1950.0,S,,S,,R,92.0,R,40.0,R,52.0,S,,S,,R,1210.0,R,37.0,R,155.0,R,5.0,R,520.0,R,570.0,R,620.0,R,520.0,R,570.0,R,610.0,R,21.0,R,24.0,R,28.0,R,20.0,R,24.0,R,28.0,R,20.0,R,24.0,R,27.0
151263,1,3,5,5,5,5,3,1,3,3,5,3,R,9886,R,4032,R,5807,R,47.0,R,0.0,R,7193.0,R,2732.0,R,4429.0,R,32.0,R,0.0,R,804.0,R,344.0,R,460.0,R,0.0,R,0.0,R,802.0,R,342.0,R,460.0,A,,R,0.0,R,2.0,R,2.0,R,0.0,A,,R,0.0,A,,A,,A,,A,,A,,A,,A,,A,,A,,A,,A,,A,,A,,A,,A,,A,,A,,A,,A,
151290,1,3,1,5,5,3,3,3,3,3,3,3,R,6187,R,3277,R,2863,S,,S,,R,3520.0,R,1937.0,R,1571.0,S,,S,,R,443.0,R,268.0,R,172.0,S,,S,,R,443.0,R,268.0,R,172.0,S,,S,,R,0.0,R,0.0,R,0.0,S,,S,,A,,A,,A,,A,,A,,A,,A,,A,,A,,A,,A,,A,,A,,A,,A,,A,,A,,A,,A,
151306,1,3,1,5,3,3,5,1,3,3,3,3,R,4392,R,1438,R,2954,R,0.0,R,0.0,R,4157.0,R,1351.0,R,2806.0,A,,R,0.0,R,1283.0,R,479.0,R,804.0,A,,R,0.0,R,1264.0,R,470.0,R,794.0,A,,R,0.0,R,19.0,R,9.0,R,10.0,A,,R,0.0,R,614.0,R,48.0,R,116.0,R,9.0,R,510.0,R,560.0,R,610.0,R,510.0,R,560.0,R,610.0,R,22.0,R,24.0,R,28.0,R,21.0,R,23.0,R,26.0,R,20.0,R,24.0,R,27.0
151324,1,3,1,1,5,5,3,1,3,3,5,3,R,13601,R,4983,R,8414,R,189.0,R,15.0,R,12445.0,R,4481.0,R,7786.0,R,163.0,R,15.0,R,1568.0,R,627.0,R,905.0,R,32.0,R,4.0,R,1558.0,R,624.0,R,898.0,R,32.0,R,4.0,R,10.0,R,3.0,R,7.0,R,0.0,R,0.0,A,,A,,A,,A,,A,,A,,A,,A,,A,,A,,A,,A,,A,,A,,A,,A,,A,,A,,A,
151333,5,5,1,1,3,3,5,1,3,3,3,3,R,1953,R,630,R,1323,R,0.0,R,0.0,R,1654.0,R,518.0,R,1136.0,A,,R,0.0,R,482.0,R,171.0,R,311.0,A,,R,0.0,R,459.0,R,162.0,R,297.0,A,,R,0.0,R,23.0,R,9.0,R,14.0,A,,R,0.0,R,182.0,R,38.0,R,10.0,R,2.0,R,490.0,R,530.0,R,590.0,R,480.0,R,530.0,R,590.0,R,18.0,R,22.0,R,26.0,R,16.0,R,20.0,R,23.0,R,17.0,R,22.0,R,25.0
151342,5,3,1,1,5,3,5,1,3,3,3,3,R,2777,R,914,R,1861,S,,S,,R,2388.0,R,763.0,R,1623.0,S,,S,,R,886.0,R,321.0,R,565.0,S,,S,,R,810.0,R,301.0,R,509.0,S,,S,,R,76.0,R,20.0,R,56.0,S,,S,,R,243.0,R,27.0,R,11.0,R,1.0,R,490.0,R,540.0,R,590.0,R,480.0,R,530.0,R,580.0,R,21.0,R,22.0,R,25.0,R,21.0,R,22.0,R,26.0,R,19.0,R,21.0,R,25.0
151351,1,1,1,1,5,3,5,1,3,5,1,3,R,54279,R,26183,R,28089,S,,S,,R,43624.0,R,20810.0,R,22810.0,S,,S,,R,9550.0,R,4635.0,R,4913.0,S,,S,,R,9520.0,R,4615.0,R,4903.0,S,,S,,R,30.0,R,20.0,R,10.0,S,,S,,R,3908.0,R,41.0,R,1546.0,R,16.0,R,590.0,R,640.0,R,690.0,R,580.0,R,640.0,R,710.0,R,27.0,R,30.0,R,32.0,R,26.0,R,30.0,R,34.0,R,26.0,R,28.0,R,31.0
151360,5,5,1,1,5,3,5,1,3,3,3,3,R,2820,R,860,R,1960,R,0.0,R,0.0,R,2163.0,R,616.0,R,1547.0,A,,R,0.0,R,470.0,R,143.0,R,327.0,A,,R,0.0,R,431.0,R,134.0,R,297.0,A,,R,0.0,R,39.0,R,9.0,R,30.0,A,,R,0.0,R,137.0,R,29.0,R,11.0,R,2.0,R,480.0,R,530.0,R,580.0,R,460.0,R,530.0,R,590.0,R,21.0,R,23.0,R,27.0,R,22.0,R,24.0,R,28.0,R,20.0,R,23.0,R,27.0
151379,5,3,1,1,3,3,5,1,3,3,3,3,R,2062,R,655,R,1407,R,0.0,R,0.0,R,1714.0,R,527.0,R,1187.0,A,,R,0.0,R,645.0,R,220.0,R,425.0,A,,R,0.0,R,600.0,R,207.0,R,393.0,A,,R,0.0,R,45.0,R,13.0,R,32.0,A,,R,0.0,R,194.0,R,30.0,R,63.0,R,10.0,R,510.0,R,550.0,R,610.0,R,500.0,R,540.0,R,580.0,R,20.0,R,22.0,R,26.0,R,19.0,R,23.0,R,26.0,R,18.0,R,19.0,R,25.0
151388,5,5,1,1,5,3,5,1,3,3,3,3,R,1749,R,525,R,1223,S,,S,,R,1246.0,R,347.0,R,898.0,S,,S,,R,336.0,R,103.0,R,233.0,S,,S,,R,306.0,R,96.0,R,210.0,S,,S,,R,30.0,R,7.0,R,23.0,S,,S,,R,76.0,R,23.0,R,28.0,R,8.0,R,500.0,R,570.0,R,610.0,R,510.0,R,560.0,R,610.0,R,20.0,R,23.0,R,25.0,R,19.0,R,23.0,R,24.0,R,17.0,R,21.0,R,25.0
151467,1,3,1,3,3,3,3,3,3,5,1,3,R,154,R,22,R,132,A,,R,0.0,R,126.0,R,18.0,R,108.0,A,,R,0.0,R,31.0,R,1.0,R,30.0,A,,R,0.0,R,31.0,R,1.0,R,30.0,A,,R,0.0,A,,A,,A,,A,,A,,A,,A,,A,,A,,A,,A,,A,,A,,A,,A,,A,,A,,A,,A,,A,,A,,A,,A,,A,
151777,1,5,1,5,5,5,3,1,3,5,5,3,R,2470,R,1572,R,883,A,,R,15.0,R,2255.0,R,1415.0,R,828.0,A,,R,12.0,R,288.0,R,160.0,R,128.0,A,,R,0.0,R,288.0,R,160.0,R,128.0,A,,R,0.0,R,0.0,R,0.0,R,0.0,A,,R,0.0,A,,A,,A,,A,,A,,A,,A,,A,,A,,A,,A,,A,,A,,A,,A,,A,,A,,A,,A,
151786,1,5,1,5,5,3,3,1,3,5,5,5,R,3883,R,1607,R,2263,S,,S,,R,3702.0,R,1529.0,R,2160.0,S,,S,,R,620.0,R,286.0,R,333.0,S,,S,,R,603.0,R,284.0,R,318.0,S,,S,,R,17.0,R,2.0,R,15.0,S,,S,,A,,A,,A,,A,,A,,A,,A,,A,,A,,A,,A,,A,,A,,A,,A,,A,,A,,A,,A,
151801,1,5,1,5,1,5,5,1,3,3,5,5,R,3035,R,1187,R,1848,R,0.0,R,0.0,R,2495.0,R,949.0,R,1546.0,A,,R,0.0,R,500.0,R,199.0,R,301.0,A,,R,0.0,R,500.0,R,199.0,R,301.0,A,,R,0.0,R,0.0,R,0.0,R,0.0,A,,R,0.0,R,304.0,R,61.0,R,69.0,R,14.0,R,490.0,R,540.0,R,600.0,R,480.0,R,530.0,R,580.0,R,19.0,R,21.0,R,28.0,R,18.0,R,22.0,R,25.0,R,17.0,R,21.0,R,25.0
152080,5,5,1,1,1,5,5,1,5,5,1,5,R,28353,R,13735,R,14618,A,,R,0.0,R,3510.0,R,1793.0,R,1717.0,A,,R,0.0,R,2075.0,R,1060.0,R,1015.0,A,,R,0.0,R,2075.0,R,1060.0,R,1015.0,A,,R,0.0,A,,A,,A,,A,,A,,R,612.0,R,29.0,R,594.0,R,29.0,R,710.0,R,740.0,R,760.0,R,730.0,R,760.0,R,780.0,R,33.0,R,34.0,R,35.0,A,,A,,A,,A,,A,,A,
152099,1,5,1,5,5,3,3,1,3,5,5,3,R,626,R,432,R,194,A,,R,0.0,R,427.0,R,309.0,R,118.0,A,,R,0.0,R,126.0,R,99.0,R,27.0,A,,R,0.0,R,125.0,R,98.0,R,27.0,A,,R,0.0,R,1.0,R,1.0,R,0.0,A,,R,0.0,A,,A,,A,,A,,A,,A,,A,,A,,A,,A,,A,,A,,A,,A,,A,,A,,A,,A,,A,
152318,5,5,1,1,1,3,5,5,3,5,1,3,R,5384,R,4100,R,1284,A,,R,0.0,R,3920.0,R,2965.0,R,955.0,A,,R,0.0,R,568.0,R,444.0,R,124.0,A,,R,0.0,R,568.0,R,444.0,R,124.0,A,,R,0.0,A,,A,,A,,A,,A,,R,240.0,R,44.0,R,109.0,R,20.0,R,620.0,R,670.0,R,710.0,R,660.0,R,710.0,R,760.0,R,29.0,R,31.0,R,34.0,R,26.0,R,30.0,R,35.0,R,29.0,R,32.0,R,34.0
152336,1,5,1,5,5,5,5,1,3,5,5,3,R,1560,R,556,R,1004,R,0.0,R,0.0,R,1522.0,R,547.0,R,975.0,A,,R,0.0,R,442.0,R,143.0,R,299.0,A,,R,0.0,R,431.0,R,142.0,R,289.0,A,,R,0.0,R,11.0,R,1.0,R,10.0,A,,R,0.0,R,193.0,R,44.0,R,39.0,R,9.0,R,470.0,R,520.0,R,570.0,R,450.0,R,510.0,R,560.0,R,17.0,R,21.0,R,25.0,R,15.0,R,21.0,R,27.0,R,17.0,R,21.0,R,25.0
152381,1,5,1,3,5,3,5,1,5,5,5,5,R,1182,R,513,R,669,A,,R,0.0,R,900.0,R,497.0,R,403.0,A,,R,0.0,R,211.0,R,94.0,R,117.0,A,,R,0.0,R,207.0,R,93.0,R,114.0,A,,R,0.0,R,4.0,R,1.0,R,3.0,A,,R,0.0,R,107.0,R,51.0,R,5.0,R,2.0,R,440.0,R,490.0,R,540.0,R,435.0,R,480.0,R,530.0,R,15.0,R,15.0,R,18.0,R,14.0,R,15.0,R,17.0,R,16.0,R,17.0,R,19.0
152390,1,5,1,5,1,3,5,1,3,5,5,3,R,2377,R,0,R,2377,R,0.0,R,0.0,R,1928.0,A,,R,1928.0,A,,R,0.0,R,419.0,A,,R,419.0,A,,R,0.0,R,419.0,A,,R,419.0,A,,R,0.0,A,,A,,A,,A,,A,,R,132.0,R,32.0,R,75.0,R,18.0,R,560.0,R,620.0,R,650.0,R,540.0,R,580.0,R,660.0,R,25.0,R,27.0,R,30.0,R,25.0,R,29.0,R,33.0,R,22.0,R,25.0,R,27.0
152497,5,3,1,5,3,1,5,1,3,3,1,3,R,21,R,0,R,21,A,,R,0.0,R,21.0,A,,R,21.0,A,,R,0.0,R,14.0,A,,R,14.0,A,,R,0.0,R,14.0,A,,R,14.0,A,,R,0.0,R,0.0,A,,R,0.0,A,,R,0.0,R,8.0,R,57.0,R,0.0,R,0.0,N,480.0,N,510.0,N,570.0,N,470.0,N,510.0,N,570.0,A,,A,,A,,A,,A,,A,,A,,A,,A,
152530,1,5,1,1,1,3,5,1,3,5,1,3,R,2076,R,982,R,1094,A,,R,0.0,R,1580.0,R,718.0,R,862.0,A,,R,0.0,R,564.0,R,265.0,R,299.0,A,,R,0.0,R,563.0,R,265.0,R,298.0,A,,R,0.0,R,1.0,R,0.0,R,1.0,A,,R,0.0,R,340.0,R,60.0,R,188.0,R,33.0,R,540.0,R,600.0,R,670.0,R,530.0,R,600.0,R,670.0,R,23.0,R,27.0,R,30.0,R,22.0,R,26.0,R,32.0,R,23.0,R,25.0,R,28.0
152567,1,5,1,3,5,3,3,1,3,3,5,3,R,4102,R,2356,R,1746,A,,R,0.0,R,3474.0,R,2025.0,R,1449.0,A,,R,0.0,R,683.0,R,437.0,R,246.0,A,,R,0.0,R,680.0,R,436.0,R,244.0,A,,R,0.0,R,3.0,R,1.0,R,2.0,A,,R,0.0,A,,A,,A,,A,,A,,A,,A,,A,,A,,A,,A,,A,,A,,A,,A,,A,,A,,A,,A,
152600,5,5,1,5,5,5,5,1,3,5,1,3,R,6133,R,2727,R,3181,R,81.0,R,144.0,R,5656.0,R,2503.0,R,2961.0,R,71.0,R,121.0,C,596.0,C,234.0,C,362.0,R,0.0,R,0.0,C,595.0,C,234.0,C,361.0,A,,R,0.0,R,1.0,R,0.0,R,1.0,A,,R,0.0,R,163.0,R,27.0,R,34.0,R,6.0,R,540.0,R,610.0,R,660.0,R,540.0,R,590.0,R,650.0,R,25.0,R,29.0,R,30.0,R,22.0,R,28.0,R,32.0,R,22.0,R,27.0,R,29.0
152673,1,5,1,1,1,3,5,1,3,5,5,3,R,1897,R,1897,Z,0,A,,R,0.0,R,1191.0,R,1191.0,A,,A,,R,0.0,R,229.0,R,229.0,A,,A,,R,0.0,R,229.0,R,229.0,A,,A,,R,0.0,A,,A,,A,,A,,A,,R,117.0,R,51.0,R,28.0,R,12.0,R,540.0,R,590.0,R,630.0,R,560.0,R,610.0,R,670.0,R,24.0,R,26.0,R,29.0,R,22.0,R,25.0,R,27.0,R,24.0,R,26.0,R,28.0
152798,1,3,1,3,1,3,3,3,3,3,3,3,R,0,R,0,R,0,A,,R,0.0,A,,A,,A,,A,,R,0.0,A,,A,,A,,A,,R,0.0,A,,A,,A,,A,,R,0.0,A,,A,,A,,A,,R,0.0,A,,A,,A,,A,,A,,A,,A,,A,,A,,A,,A,,A,,A,,A,,A,,A,,A,,A,,A,
153001,1,5,5,5,5,3,5,5,3,3,5,3,R,1544,R,612,R,808,S,,S,,R,1108.0,R,475.0,R,576.0,S,,S,,R,217.0,R,95.0,R,117.0,S,,S,,R,217.0,R,95.0,R,117.0,S,,S,,R,0.0,R,0.0,R,0.0,S,,S,,R,2.0,R,1.0,R,83.0,R,38.0,S,,S,,S,,S,,S,,S,,R,18.0,R,21.0,R,25.0,R,16.0,R,20.0,R,24.0,R,17.0,R,21.0,R,25.0
153108,1,5,1,5,3,3,5,1,3,3,5,5,R,1978,R,1000,R,978,R,0.0,R,0.0,R,1562.0,R,808.0,R,754.0,A,,R,0.0,R,274.0,R,148.0,R,126.0,A,,R,0.0,R,274.0,R,148.0,R,126.0,A,,R,0.0,A,,A,,A,,A,,A,,R,22.0,R,8.0,R,158.0,R,58.0,R,490.0,R,540.0,R,580.0,R,445.0,R,540.0,R,625.0,R,19.0,R,22.0,R,25.0,R,17.0,R,21.0,R,25.0,R,18.0,R,21.0,R,25.0
153126,1,3,1,3,3,3,5,1,3,3,5,3,R,3087,R,2493,R,594,A,,R,0.0,R,2104.0,R,1670.0,R,434.0,A,,R,0.0,R,199.0,R,110.0,R,89.0,A,,R,0.0,R,199.0,R,110.0,R,89.0,A,,R,0.0,A,,A,,A,,A,,A,,R,18.0,R,9.0,R,24.0,R,12.0,R,480.0,R,490.0,R,525.0,R,410.0,R,490.0,R,520.0,R,18.0,R,22.0,R,26.0,R,16.0,R,20.0,R,24.0,R,17.0,R,22.0,R,25.0
153144,1,5,1,5,5,3,5,1,3,3,5,3,R,7171,R,3075,R,4096,A,,R,0.0,R,5068.0,R,1982.0,R,3086.0,A,,R,0.0,R,359.0,R,206.0,R,153.0,A,,R,0.0,R,359.0,R,206.0,R,153.0,A,,R,0.0,A,,A,,A,,A,,A,,R,30.0,R,8.0,R,74.0,R,21.0,R,520.0,R,570.0,R,660.0,R,560.0,R,600.0,R,620.0,R,22.0,R,25.0,R,28.0,R,21.0,R,24.0,R,29.0,R,20.0,R,25.0,R,28.0
153162,1,5,5,5,5,3,5,5,3,3,1,3,R,3087,R,1534,R,1460,R,93.0,R,0.0,R,2490.0,R,1204.0,R,1205.0,R,81.0,R,0.0,R,298.0,R,170.0,R,113.0,R,15.0,R,0.0,R,298.0,R,170.0,R,113.0,R,15.0,R,0.0,A,,A,,A,,A,,A,,R,28.0,R,9.0,R,83.0,R,28.0,R,580.0,R,630.0,R,655.0,R,570.0,R,605.0,R,663.0,R,23.0,R,26.0,R,30.0,R,23.0,R,27.0,R,31.0,R,23.0,R,25.0,R,28.0
153250,1,5,1,1,3,3,5,1,3,3,5,3,R,1595,R,948,R,647,R,0.0,R,0.0,R,1135.0,R,642.0,R,493.0,A,,R,0.0,R,461.0,R,241.0,R,220.0,A,,R,0.0,R,458.0,R,239.0,R,219.0,A,,R,0.0,R,3.0,R,2.0,R,1.0,A,,R,0.0,R,97.0,R,21.0,R,290.0,R,63.0,R,510.0,R,560.0,R,620.0,R,520.0,R,570.0,R,610.0,R,21.0,R,24.0,R,27.0,R,21.0,R,24.0,R,28.0,R,21.0,R,24.0,R,27.0
153269,1,3,1,5,5,5,5,1,3,5,5,3,R,7741,R,3553,R,4026,Z,0.0,R,162.0,R,4964.0,R,2092.0,R,2872.0,A,,R,0.0,R,639.0,R,243.0,R,396.0,A,,R,0.0,R,638.0,R,242.0,R,396.0,A,,R,0.0,R,1.0,R,1.0,R,0.0,A,,R,0.0,R,51.0,R,8.0,R,194.0,R,31.0,R,610.0,R,640.0,R,690.0,R,580.0,R,640.0,R,700.0,R,24.0,R,27.0,R,30.0,R,23.0,R,27.0,R,31.0,R,22.0,R,26.0,R,28.0
153278,1,5,1,5,5,3,5,1,3,3,5,3,R,1560,R,896,R,664,R,0.0,R,0.0,R,1356.0,R,758.0,R,598.0,A,,R,0.0,R,325.0,R,199.0,R,126.0,A,,R,0.0,R,320.0,R,199.0,R,121.0,A,,R,0.0,R,5.0,R,0.0,R,5.0,A,,R,0.0,R,44.0,R,14.0,R,85.0,R,26.0,R,470.0,R,530.0,R,580.0,R,480.0,R,530.0,R,580.0,R,19.0,R,23.0,R,25.0,R,16.0,R,21.0,R,24.0,R,18.0,R,21.0,R,24.0
153302,1,3,1,3,1,3,5,1,3,3,1,3,R,87,R,42,R,45,A,,R,0.0,R,85.0,R,41.0,R,44.0,A,,R,0.0,R,52.0,R,25.0,R,27.0,A,,R,0.0,R,52.0,R,25.0,R,27.0,A,,R,0.0,R,0.0,R,0.0,R,0.0,A,,R,0.0,R,5.0,R,10.0,R,31.0,R,60.0,R,460.0,R,510.0,R,510.0,R,450.0,R,530.0,R,550.0,R,20.0,R,22.0,R,26.0,R,20.0,R,23.0,R,28.0,R,16.0,R,21.0,R,25.0
153320,1,3,1,5,1,3,1,1,3,3,1,5,R,308,R,152,R,156,A,,R,0.0,R,153.0,R,70.0,R,83.0,A,,R,0.0,R,122.0,R,58.0,R,64.0,A,,R,0.0,R,117.0,R,53.0,R,64.0,A,,R,0.0,R,5.0,R,5.0,R,0.0,A,,R,0.0,R,15.0,R,13.0,R,71.0,R,60.0,R,460.0,R,560.0,R,620.0,R,480.0,R,520.0,R,560.0,R,18.0,R,21.0,R,25.0,R,17.0,R,21.0,R,25.0,R,17.0,R,18.0,R,24.0
153366,1,5,1,3,5,3,3,3,3,3,5,3,R,2259,R,1405,R,823,S,,S,,R,1880.0,R,1154.0,R,701.0,S,,S,,R,240.0,R,177.0,R,63.0,S,,S,,R,240.0,R,177.0,R,63.0,S,,S,,R,0.0,R,0.0,R,0.0,S,,S,,A,,A,,A,,A,,A,,A,,A,,A,,A,,A,,A,,A,,A,,A,,A,,A,,A,,A,,A,
153375,1,3,3,3,3,3,3,1,3,3,3,3,R,1665,R,714,R,941,S,,S,,R,1638.0,R,700.0,R,929.0,S,,S,,R,340.0,R,182.0,R,154.0,S,,S,,R,335.0,R,181.0,R,150.0,S,,S,,R,5.0,R,1.0,R,4.0,S,,S,,A,,A,,A,,A,,A,,A,,A,,A,,A,,A,,A,,A,,A,,A,,A,,A,,A,,A,,A,
153384,5,5,1,5,5,5,5,1,5,5,1,5,R,9988,R,4822,R,4840,R,326.0,R,0.0,R,1266.0,R,533.0,R,676.0,R,57.0,R,0.0,R,457.0,R,210.0,R,228.0,R,19.0,R,0.0,R,457.0,R,210.0,R,228.0,R,19.0,R,0.0,A,,A,,A,,A,,A,,R,136.0,R,30.0,R,97.0,R,21.0,R,698.0,R,730.0,R,760.0,R,720.0,R,760.0,R,790.0,R,31.0,R,33.0,R,34.0,R,31.0,R,34.0,R,35.0,R,27.0,R,30.0,R,34.0
153603,1,5,1,1,3,3,5,1,3,3,3,3,R,22995,R,12146,R,10849,R,0.0,R,0.0,R,20496.0,R,10670.0,R,9826.0,A,,R,0.0,R,5859.0,R,3147.0,R,2712.0,A,,R,0.0,R,5794.0,R,3099.0,R,2695.0,A,,R,0.0,R,65.0,R,48.0,R,17.0,A,,R,0.0,R,615.0,R,10.0,R,2963.0,R,51.0,R,550.0,R,620.0,R,660.0,R,560.0,R,620.0,R,690.0,R,21.0,R,24.0,R,28.0,R,19.0,R,23.0,R,27.0,R,19.0,R,24.0,R,27.0
153658,1,5,1,1,5,5,5,1,3,3,5,3,R,25682,R,11425,R,14209,S,,S,,R,21746.0,R,9346.0,R,12359.0,S,,S,,R,5064.0,R,2076.0,R,2957.0,S,,S,,R,5050.0,R,2074.0,R,2945.0,S,,S,,R,14.0,R,2.0,R,12.0,S,,S,,R,959.0,R,19.0,R,2970.0,R,59.0,R,570.0,R,610.0,R,660.0,R,560.0,R,610.0,R,660.0,R,22.0,R,25.0,R,28.0,R,20.0,R,24.0,R,28.0,R,20.0,R,24.0,R,27.0
153825,1,3,1,5,5,3,3,1,3,3,5,3,R,1652,R,978,R,674,A,,R,0.0,R,1517.0,R,888.0,R,629.0,A,,R,0.0,R,257.0,R,153.0,R,104.0,A,,R,0.0,R,255.0,R,151.0,R,104.0,A,,R,0.0,R,2.0,R,2.0,R,0.0,A,,R,0.0,A,,A,,A,,A,,A,,A,,A,,A,,A,,A,,A,,A,,A,,A,,A,,A,,A,,A,,A,
153834,1,5,1,5,5,3,5,1,3,5,5,3,R,2447,R,1352,R,1095,A,,R,0.0,R,1793.0,R,972.0,R,821.0,A,,R,0.0,R,352.0,R,182.0,R,170.0,A,,R,0.0,R,352.0,R,182.0,R,170.0,A,,R,0.0,R,0.0,R,0.0,R,0.0,A,,R,0.0,R,40.0,R,11.0,R,97.0,R,28.0,R,550.0,R,610.0,R,650.0,R,548.0,R,600.0,R,668.0,R,22.0,R,26.0,R,29.0,R,21.0,R,24.0,R,29.0,R,21.0,R,25.0,R,28.0
153861,1,3,1,3,1,3,3,1,3,5,5,3,R,129,R,41,R,88,R,0.0,R,0.0,R,125.0,R,38.0,R,87.0,A,,R,0.0,R,63.0,R,15.0,R,48.0,A,,R,0.0,R,63.0,R,15.0,R,48.0,A,,R,0.0,R,0.0,R,0.0,R,0.0,A,,R,0.0,A,,A,,A,,A,,A,,A,,A,,A,,A,,A,,A,,A,,A,,A,,A,,A,,A,,A,,A,
153977,1,3,1,3,3,3,5,1,3,3,3,3,R,164,R,20,R,144,A,,R,0.0,R,162.0,R,20.0,R,142.0,A,,R,0.0,R,79.0,R,13.0,R,66.0,A,,R,0.0,R,49.0,R,12.0,R,37.0,A,,R,0.0,R,30.0,R,1.0,R,29.0,A,,R,0.0,R,0.0,R,0.0,R,1.0,R,1.0,A,,A,,A,,A,,A,,A,,S,,S,,S,,S,,S,,S,,S,,S,,S,
154004,1,5,5,3,5,3,5,3,3,3,5,3,R,2756,R,1244,R,1508,A,,R,4.0,R,1945.0,R,880.0,R,1061.0,A,,R,4.0,R,337.0,R,164.0,R,173.0,A,,R,0.0,R,337.0,R,164.0,R,173.0,A,,R,0.0,A,,A,,A,,A,,A,,R,0.0,R,0.0,R,5.0,R,1.0,A,,A,,A,,A,,A,,A,,R,12.0,R,16.0,R,22.0,R,10.0,R,14.0,R,20.0,R,14.0,R,16.0,R,19.0
154013,1,5,1,5,5,3,5,1,5,3,5,3,R,1436,R,494,R,935,A,,R,7.0,R,1131.0,R,378.0,R,750.0,A,,R,3.0,R,208.0,R,78.0,R,130.0,A,,R,0.0,R,202.0,R,75.0,R,127.0,A,,R,0.0,R,6.0,R,3.0,R,3.0,A,,R,0.0,R,3.0,R,1.0,R,7.0,R,3.0,S,,S,,S,,S,,S,,S,,R,19.0,R,22.0,R,25.0,R,18.0,R,21.0,R,24.0,R,18.0,R,21.0,R,26.0
154095,1,3,1,1,3,3,5,3,3,3,3,3,R,4913,R,1881,R,3032,R,0.0,R,0.0,R,4638.0,R,1755.0,R,2883.0,A,,R,0.0,R,1552.0,R,557.0,R,995.0,A,,R,0.0,R,1543.0,R,551.0,R,992.0,A,,R,0.0,R,9.0,R,6.0,R,3.0,A,,R,0.0,R,18.0,R,1.0,R,716.0,R,46.0,R,460.0,R,550.0,R,580.0,R,400.0,R,580.0,R,630.0,R,20.0,R,22.0,R,26.0,R,18.0,R,21.0,R,25.0,R,18.0,R,21.0,R,25.0
154101,1,3,1,3,3,3,3,1,3,3,3,3,R,1155,R,621,R,534,A,,R,0.0,R,1005.0,R,529.0,R,476.0,A,,R,0.0,R,283.0,R,157.0,R,126.0,A,,R,0.0,R,283.0,R,157.0,R,126.0,A,,R,0.0,R,0.0,R,0.0,Z,0.0,A,,R,0.0,A,,A,,A,,A,,A,,A,,A,,A,,A,,A,,A,,A,,A,,A,,A,,A,,A,,A,,A,
154235,1,5,1,5,5,5,3,1,3,5,5,5,R,3456,R,1637,R,1757,R,62.0,R,0.0,R,2534.0,R,1164.0,R,1331.0,R,39.0,R,0.0,R,422.0,R,217.0,R,205.0,R,0.0,R,0.0,R,421.0,R,217.0,R,204.0,A,,R,0.0,R,1.0,R,0.0,R,1.0,A,,R,0.0,A,,A,,A,,A,,A,,A,,A,,A,,A,,A,,A,,A,,A,,A,,A,,A,,A,,A,,A,
154262,1,3,1,3,3,3,5,1,3,5,5,3,R,18,R,0,R,18,A,,R,0.0,R,8.0,A,,R,8.0,A,,R,0.0,R,7.0,A,,R,7.0,A,,R,0.0,R,4.0,A,,R,4.0,A,,R,0.0,R,3.0,A,,R,3.0,A,,R,0.0,A,,A,,R,6.0,R,86.0,A,,A,,A,,A,,A,,A,,R,16.0,R,18.0,R,19.0,R,13.0,R,17.0,R,17.0,R,16.0,R,18.0,R,18.0
154350,1,5,1,1,5,3,5,1,3,3,5,5,R,1646,R,696,R,932,R,18.0,R,0.0,R,1463.0,R,610.0,R,837.0,R,16.0,R,0.0,R,342.0,R,149.0,R,186.0,R,7.0,R,0.0,R,342.0,R,149.0,R,186.0,R,7.0,R,0.0,R,0.0,R,0.0,R,0.0,R,0.0,R,0.0,R,0.0,R,0.0,R,7.0,R,2.0,A,,A,,A,,A,,A,,A,,R,31.0,R,31.0,R,33.0,R,30.0,R,34.0,R,35.0,R,28.0,R,30.0,R,31.0
154493,1,5,1,3,3,3,5,1,3,3,3,3,R,695,R,414,R,281,A,,R,0.0,R,649.0,R,385.0,R,264.0,A,,R,0.0,R,158.0,R,94.0,R,64.0,A,,R,0.0,R,155.0,R,93.0,R,62.0,A,,R,0.0,R,3.0,R,1.0,R,2.0,A,,R,0.0,R,6.0,R,4.0,R,38.0,R,25.0,R,500.0,R,550.0,R,590.0,R,470.0,R,500.0,R,570.0,R,14.0,R,16.0,R,21.0,R,14.0,R,15.0,R,21.0,R,14.0,R,15.0,R,21.0
154518,1,5,1,5,3,3,3,1,3,3,5,3,R,1033,R,689,R,344,R,0.0,R,0.0,R,750.0,R,484.0,R,266.0,A,,R,0.0,R,180.0,R,117.0,R,63.0,A,,R,0.0,R,175.0,R,112.0,R,63.0,A,,R,0.0,R,5.0,R,5.0,R,0.0,A,,R,0.0,A,,A,,A,,A,,A,,A,,A,,A,,A,,A,,A,,A,,A,,A,,A,,A,,A,,A,,A,
154527,1,1,1,1,1,5,5,1,3,3,5,5,R,2543,R,1223,R,1320,A,,R,0.0,R,2528.0,R,1219.0,R,1309.0,A,,R,0.0,R,424.0,R,214.0,R,210.0,A,,R,0.0,R,424.0,R,214.0,R,210.0,A,,R,0.0,R,0.0,R,0.0,R,0.0,A,,R,0.0,R,16.0,R,4.0,R,103.0,R,24.0,R,490.0,R,515.0,R,605.0,R,488.0,R,530.0,R,630.0,R,19.0,R,23.0,R,27.0,R,19.0,R,22.0,R,26.0,R,18.0,R,22.0,R,26.0
154590,1,5,1,5,5,3,5,1,3,3,5,3,R,1112,R,752,R,360,A,,R,0.0,R,634.0,R,422.0,R,212.0,A,,R,0.0,R,296.0,R,197.0,R,99.0,A,,R,0.0,R,294.0,R,197.0,R,97.0,A,,R,0.0,R,2.0,R,0.0,R,2.0,A,,R,0.0,R,48.0,R,16.0,R,93.0,R,31.0,R,440.0,R,480.0,R,540.0,R,390.0,R,470.0,R,560.0,R,16.0,R,19.0,R,22.0,R,13.0,R,18.0,R,21.0,R,15.0,R,17.0,R,23.0
154688,1,5,1,3,3,3,5,1,3,3,5,3,R,911,R,430,R,476,R,5.0,R,0.0,R,839.0,R,391.0,R,443.0,R,5.0,R,0.0,R,236.0,R,130.0,R,106.0,R,0.0,R,0.0,R,231.0,R,126.0,R,105.0,A,,R,0.0,R,5.0,R,4.0,R,1.0,A,,R,0.0,R,0.0,R,0.0,R,19.0,R,8.0,A,,A,,A,,A,,A,,A,,R,13.0,R,17.0,R,21.0,R,12.0,R,16.0,R,22.0,R,14.0,R,15.0,R,19.0
154712,1,5,1,5,5,5,5,5,5,5,5,3,R,3575,R,1800,R,1775,A,,R,0.0,R,2733.0,R,1366.0,R,1367.0,A,,R,0.0,R,627.0,R,318.0,R,309.0,A,,R,0.0,R,626.0,R,318.0,R,308.0,A,,R,0.0,R,1.0,R,0.0,R,1.0,A,,R,0.0,R,124.0,R,20.0,R,266.0,R,42.0,R,560.0,R,630.0,R,660.0,R,557.0,R,600.0,R,650.0,R,22.0,R,26.0,R,29.0,R,21.0,R,25.0,R,30.0,R,20.0,R,25.0,R,28.0
154721,1,3,1,3,3,3,5,1,3,3,3,3,R,1860,R,1268,R,592,A,,R,0.0,R,1462.0,R,971.0,R,491.0,A,,R,0.0,R,174.0,R,92.0,R,82.0,A,,R,0.0,R,174.0,R,92.0,R,82.0,A,,R,0.0,A,,A,,A,,A,,A,,R,0.0,Z,0.0,A,,A,,A,,A,,A,,A,,A,,A,,A,,A,,A,,A,,A,,A,,A,,A,,A,
154749,1,3,3,3,5,3,5,1,5,3,5,3,R,977,R,561,R,416,S,,S,,R,935.0,R,532.0,R,403.0,S,,S,,R,160.0,R,90.0,R,70.0,S,,S,,R,160.0,R,90.0,R,70.0,S,,S,,A,,A,,A,,S,,S,,R,2.0,R,1.0,R,2.0,R,1.0,S,,S,,S,,S,,S,,S,,S,,S,,S,,S,,S,,S,,S,,S,,S,
155025,1,5,1,3,3,3,5,3,3,3,3,3,R,1592,R,508,R,1084,A,,R,0.0,R,1556.0,R,490.0,R,1066.0,A,,R,0.0,R,409.0,R,140.0,R,269.0,A,,R,0.0,R,406.0,R,140.0,R,266.0,A,,R,0.0,R,3.0,R,0.0,R,3.0,A,,R,0.0,A,,A,,R,156.0,R,38.0,A,,A,,A,,A,,A,,A,,R,18.0,R,21.0,R,24.0,R,16.0,R,20.0,R,24.0,R,17.0,R,19.0,R,23.0
155061,5,3,5,5,3,3,5,1,3,3,3,3,R,2174,R,842,R,1330,Z,0.0,R,2.0,R,1995.0,R,778.0,R,1215.0,A,,R,2.0,R,886.0,R,371.0,R,513.0,A,,R,2.0,R,850.0,R,357.0,R,491.0,A,,R,2.0,R,36.0,R,14.0,R,22.0,A,,R,0.0,R,40.0,R,5.0,R,802.0,R,91.0,R,490.0,R,550.0,R,600.0,R,480.0,R,530.0,R,600.0,R,19.0,R,22.0,R,25.0,R,18.0,R,21.0,R,24.0,R,17.0,R,21.0,R,25.0
155070,1,5,1,3,1,3,3,1,3,5,5,3,R,167,R,89,R,78,A,,R,0.0,R,91.0,R,53.0,R,38.0,A,,R,0.0,C,48.0,C,25.0,C,23.0,A,,R,0.0,C,38.0,C,23.0,C,15.0,A,,R,0.0,C,10.0,C,2.0,C,8.0,A,,R,0.0,A,,A,,A,,A,,A,,A,,A,,A,,A,,A,,A,,A,,A,,A,,A,,A,,A,,A,,A,
155089,1,3,1,3,3,3,5,1,3,3,3,3,R,1134,R,581,R,553,A,,R,0.0,R,631.0,R,324.0,R,307.0,A,,R,0.0,R,248.0,R,143.0,R,105.0,A,,R,0.0,R,247.0,R,142.0,R,105.0,A,,R,0.0,R,1.0,R,1.0,R,0.0,A,,R,0.0,R,37.0,R,15.0,R,131.0,R,53.0,R,465.0,R,495.0,R,550.0,R,450.0,R,500.0,R,540.0,R,17.0,R,19.0,R,22.0,R,15.0,R,18.0,R,22.0,R,16.0,R,18.0,R,22.0
155140,1,1,1,3,3,3,3,3,3,3,3,3,R,334,R,150,R,183,A,,R,1.0,R,295.0,R,131.0,R,163.0,A,,R,1.0,R,223.0,R,100.0,R,122.0,A,,R,1.0,R,215.0,R,96.0,R,118.0,A,,R,1.0,R,8.0,R,4.0,R,4.0,A,,R,0.0,A,,A,,A,,A,,A,,A,,A,,A,,A,,A,,A,,A,,A,,A,,A,,A,,A,,A,,A,
155283,3,3,1,3,3,3,3,3,1,5,3,3,R,341,R,29,R,312,R,0.0,R,0.0,R,337.0,R,29.0,R,308.0,A,,R,0.0,R,195.0,R,9.0,R,186.0,A,,R,0.0,R,195.0,R,9.0,R,186.0,A,,R,0.0,Z,0.0,Z,0.0,Z,0.0,A,,R,0.0,A,,A,,A,,A,,A,,A,,A,,A,,A,,A,,A,,A,,A,,A,,A,,A,,A,,A,,A,
155317,1,3,3,3,3,3,5,1,3,3,3,3,R,19226,R,8766,R,10460,A,,R,0.0,R,16958.0,R,7375.0,R,9583.0,A,,R,0.0,R,5259.0,R,2400.0,R,2859.0,A,,R,0.0,R,5159.0,R,2356.0,R,2803.0,A,,R,0.0,R,100.0,R,44.0,R,56.0,A,,R,0.0,R,580.0,R,11.0,R,3585.0,R,68.0,R,530.0,R,590.0,R,650.0,R,520.0,R,570.0,R,640.0,R,21.0,R,24.0,R,27.0,R,20.0,R,23.0,R,27.0,R,18.0,R,23.0,R,27.0
155335,1,3,1,3,3,3,3,1,3,3,3,3,R,985,R,355,R,625,A,,R,5.0,R,469.0,R,305.0,R,163.0,A,,R,1.0,R,177.0,R,82.0,R,94.0,A,,R,1.0,R,172.0,R,81.0,R,90.0,A,,R,1.0,R,5.0,R,1.0,R,4.0,A,,R,0.0,A,,A,,A,,A,,A,,A,,A,,A,,A,,A,,A,,A,,A,,A,,A,,A,,A,,A,,A,
155399,1,5,1,5,3,3,5,3,3,5,3,3,R,13437,R,6322,R,7115,A,,R,0.0,R,10663.0,R,4824.0,R,5839.0,A,,R,0.0,R,3187.0,R,1472.0,R,1715.0,A,,R,0.0,R,3124.0,R,1443.0,R,1681.0,A,,R,0.0,R,63.0,R,29.0,R,34.0,A,,R,0.0,R,199.0,R,6.0,R,2682.0,R,84.0,R,530.0,R,580.0,R,630.0,R,510.0,R,560.0,R,630.0,R,20.0,R,23.0,R,27.0,R,18.0,R,23.0,R,27.0,R,19.0,R,22.0,R,26.0
155414,1,3,1,3,3,3,3,3,3,3,3,3,R,1831,R,1194,R,637,S,,S,,R,1556.0,R,973.0,R,583.0,S,,S,,R,263.0,R,151.0,R,112.0,S,,S,,R,263.0,R,151.0,R,112.0,S,,S,,A,,A,,A,,S,,S,,A,,A,,A,,A,,A,,A,,A,,A,,A,,A,,A,,A,,A,,A,,A,,A,,A,,A,,A,
155423,3,3,1,3,3,3,3,3,1,3,3,3,R,670,R,370,R,295,S,,S,,R,273.0,R,194.0,R,76.0,S,,S,,R,211.0,R,151.0,R,57.0,S,,S,,R,167.0,R,125.0,R,40.0,S,,S,,R,44.0,R,26.0,R,17.0,S,,S,,A,,A,,A,,A,,A,,A,,A,,A,,A,,A,,A,,A,,A,,A,,A,,A,,A,,A,,A,
155496,1,3,3,3,1,3,5,1,3,3,5,5,R,56,R,31,R,25,A,,R,0.0,R,56.0,R,31.0,R,25.0,A,,R,0.0,R,38.0,R,19.0,R,19.0,A,,R,0.0,R,38.0,R,19.0,R,19.0,A,,R,0.0,A,,A,,A,,A,,A,,R,2.0,R,5.0,R,23.0,R,61.0,S,,S,,S,,S,,S,,S,,R,14.0,R,19.0,R,26.0,R,11.0,R,19.0,R,26.0,R,13.0,R,19.0,R,23.0
155511,1,3,1,3,3,3,5,1,3,3,3,3,R,1209,R,818,R,386,S,,S,,R,1013.0,R,685.0,R,323.0,S,,S,,R,241.0,R,165.0,R,73.0,S,,S,,R,241.0,R,165.0,R,73.0,S,,S,,A,,A,,A,,S,,S,,R,59.0,R,24.0,R,100.0,R,41.0,R,468.0,R,510.0,R,573.0,R,468.0,R,520.0,R,553.0,R,17.0,R,21.0,R,24.0,R,16.0,R,19.0,R,22.0,R,16.0,R,19.0,R,22.0
155520,1,5,5,3,5,3,5,1,3,3,5,3,R,1085,R,577,R,508,A,,R,0.0,R,797.0,R,433.0,R,364.0,A,,R,0.0,R,209.0,R,113.0,R,96.0,A,,R,0.0,R,209.0,R,113.0,R,96.0,A,,R,0.0,A,,A,,A,,A,,A,,R,18.0,R,9.0,R,141.0,R,67.0,R,463.0,R,480.0,R,570.0,R,465.0,R,505.0,R,548.0,R,17.0,R,19.0,R,23.0,R,15.0,R,19.0,R,22.0,R,16.0,R,18.0,R,22.0
155627,1,3,1,3,5,3,5,1,3,3,5,3,R,3600,R,2780,R,814,A,,R,6.0,R,2881.0,R,2274.0,R,602.0,A,,R,5.0,R,293.0,R,189.0,R,101.0,A,,R,3.0,R,283.0,R,181.0,R,99.0,A,,R,3.0,R,10.0,R,8.0,R,2.0,A,,R,0.0,R,17.0,R,6.0,R,75.0,R,26.0,R,460.0,R,480.0,R,590.0,R,420.0,R,490.0,R,550.0,R,16.0,R,19.0,R,21.0,R,14.0,R,18.0,R,21.0,R,16.0,R,18.0,R,22.0
155681,1,3,3,3,3,3,5,1,3,3,3,3,R,2856,R,1337,R,1519,A,,R,0.0,R,2518.0,R,1162.0,R,1356.0,A,,R,0.0,R,877.0,R,440.0,R,437.0,A,,R,0.0,R,871.0,R,437.0,R,434.0,A,,R,0.0,R,6.0,R,3.0,R,3.0,A,,R,0.0,R,0.0,R,0.0,R,145.0,R,17.0,A,,A,,A,,A,,A,,A,,R,18.0,R,21.0,R,24.0,R,16.0,R,20.0,R,23.0,R,17.0,R,19.0,R,24.0
155812,1,5,1,5,5,3,5,5,3,5,5,3,R,1201,R,777,R,424,A,,R,0.0,R,1079.0,R,683.0,R,396.0,A,,R,0.0,R,221.0,R,117.0,R,104.0,A,,R,0.0,R,220.0,R,116.0,R,104.0,A,,R,0.0,R,1.0,R,1.0,R,0.0,A,,R,0.0,R,17.0,R,8.0,R,109.0,R,49.0,R,448.0,R,510.0,R,560.0,R,478.0,R,515.0,R,533.0,R,18.0,R,20.0,R,24.0,R,16.0,R,20.0,R,22.0,R,17.0,R,19.0,R,23.0
155900,1,3,1,3,3,3,3,1,3,3,3,3,R,1333,R,851,R,481,A,,R,1.0,R,866.0,R,549.0,R,316.0,A,,R,1.0,R,204.0,R,138.0,R,65.0,A,,R,1.0,R,195.0,R,131.0,R,63.0,A,,R,1.0,R,9.0,R,7.0,R,2.0,A,,R,0.0,A,,A,,A,,A,,A,,A,,A,,A,,A,,A,,A,,A,,A,,A,,A,,A,,A,,A,,A,
155937,1,3,1,3,3,3,5,1,3,3,5,5,R,826,R,584,R,242,A,,R,0.0,R,438.0,R,281.0,R,157.0,A,,R,0.0,R,142.0,R,82.0,R,60.0,A,,R,0.0,R,141.0,R,82.0,R,59.0,A,,R,0.0,R,1.0,R,0.0,R,1.0,A,,R,0.0,R,2.0,R,1.0,R,4.0,R,3.0,S,,S,,S,,S,,S,,S,,S,,S,,S,,S,,S,,S,,S,,S,,S,
155973,1,3,1,3,3,3,5,1,3,3,5,5,R,585,R,415,R,170,A,,R,0.0,R,378.0,R,259.0,R,119.0,A,,R,0.0,R,129.0,R,83.0,R,46.0,A,,R,0.0,R,129.0,R,83.0,R,46.0,A,,R,0.0,A,,A,,A,,A,,A,,R,6.0,R,5.0,R,79.0,R,61.0,R,420.0,R,530.0,R,560.0,R,410.0,R,500.0,R,570.0,R,18.0,R,20.0,R,23.0,R,15.0,R,20.0,R,23.0,R,17.0,R,20.0,R,24.0
156125,1,1,1,5,3,3,5,1,3,3,3,3,R,8637,R,3578,R,5059,S,,S,,R,8200.0,R,3367.0,R,4833.0,S,,S,,R,1786.0,R,808.0,R,978.0,S,,S,,R,1723.0,R,779.0,R,944.0,S,,S,,R,63.0,R,29.0,R,34.0,S,,S,,R,97.0,R,5.0,R,1365.0,R,76.0,R,490.0,R,550.0,R,630.0,R,480.0,R,540.0,R,620.0,R,18.0,R,22.0,R,26.0,R,16.0,R,21.0,R,25.0,R,17.0,R,20.0,R,25.0
156189,1,3,1,5,5,3,5,1,3,3,5,3,R,1871,R,763,R,1108,A,,R,0.0,R,1601.0,R,648.0,R,953.0,A,,R,0.0,R,189.0,R,82.0,R,107.0,A,,R,0.0,R,186.0,R,81.0,R,105.0,A,,R,0.0,R,3.0,R,1.0,R,2.0,A,,R,0.0,R,3.0,R,2.0,R,152.0,R,80.0,S,,S,,S,,S,,S,,S,,R,16.0,R,18.0,R,21.0,R,14.0,R,17.0,R,21.0,R,15.0,R,17.0,R,20.0
156213,1,5,1,5,5,5,3,5,3,3,1,5,R,1550,R,664,R,886,R,0.0,R,0.0,R,993.0,R,388.0,R,605.0,A,,R,0.0,R,358.0,R,143.0,R,215.0,A,,R,0.0,R,356.0,R,142.0,R,214.0,A,,R,0.0,R,2.0,R,1.0,R,1.0,A,,R,0.0,A,,A,,A,,A,,A,,A,,A,,A,,A,,A,,A,,A,,A,,A,,A,,A,,A,,A,,A,
156286,1,5,1,1,1,3,5,1,3,5,5,3,R,3462,R,1300,R,2159,A,,R,3.0,R,3240.0,R,1218.0,R,2021.0,A,,R,1.0,R,632.0,R,241.0,R,391.0,A,,R,0.0,R,631.0,R,241.0,R,390.0,A,,R,0.0,R,1.0,R,0.0,R,1.0,A,,R,0.0,R,48.0,R,8.0,R,251.0,R,40.0,R,535.0,R,580.0,R,613.0,R,540.0,R,565.0,R,630.0,R,22.0,R,25.0,R,28.0,R,22.0,R,25.0,R,29.0,R,20.0,R,24.0,R,27.0
156295,1,1,1,5,1,3,5,1,3,5,5,3,R,2073,R,937,R,1136,S,,S,,R,678.0,R,272.0,R,406.0,S,,S,,R,413.0,R,177.0,R,236.0,S,,S,,R,413.0,R,177.0,R,236.0,S,,S,,A,,A,,A,,S,,S,,R,24.0,R,6.0,R,81.0,R,20.0,R,588.0,R,630.0,R,680.0,R,568.0,R,610.0,R,655.0,R,24.0,R,26.0,R,27.0,R,23.0,R,26.0,R,29.0,R,20.0,R,23.0,R,26.0
156356,1,3,3,3,3,3,3,1,3,3,3,3,R,2534,R,1112,R,1331,A,,R,91.0,R,877.0,R,302.0,R,564.0,A,,R,11.0,R,151.0,R,87.0,R,62.0,A,,R,2.0,R,148.0,R,87.0,R,60.0,A,,R,1.0,R,3.0,R,0.0,R,2.0,A,,R,1.0,A,,A,,A,,A,,A,,A,,A,,A,,A,,A,,A,,A,,A,,A,,A,,A,,A,,A,,A,
156365,1,3,1,5,3,5,3,1,3,3,3,3,R,1015,R,463,R,550,A,,R,2.0,R,998.0,R,458.0,R,538.0,A,,R,2.0,R,684.0,R,327.0,R,357.0,A,,R,0.0,R,649.0,R,319.0,R,330.0,A,,R,0.0,R,35.0,R,8.0,R,27.0,A,,R,0.0,A,,A,,A,,A,,A,,A,,A,,A,,A,,A,,A,,A,,A,,A,,A,,A,,A,,A,,A,
156408,1,5,1,1,1,3,5,1,3,5,1,5,R,3226,R,1594,R,1563,Z,0.0,R,69.0,R,1753.0,R,825.0,R,928.0,A,,R,0.0,R,361.0,R,176.0,R,185.0,A,,R,0.0,R,361.0,R,176.0,R,185.0,A,,R,0.0,A,,A,,A,,A,,A,,R,32.0,R,9.0,R,167.0,R,46.0,R,610.0,R,645.0,R,683.0,R,620.0,R,675.0,R,740.0,R,26.0,R,29.0,R,32.0,R,25.0,R,30.0,R,34.0,R,24.0,R,27.0,R,30.0
156541,1,5,1,3,5,3,3,1,3,3,5,3,R,4281,R,1619,R,2645,A,,R,17.0,R,3056.0,R,1180.0,R,1864.0,A,,R,12.0,R,645.0,R,323.0,R,322.0,A,,R,0.0,R,574.0,R,285.0,R,289.0,A,,R,0.0,R,71.0,R,38.0,R,33.0,A,,R,0.0,A,,A,,A,,A,,A,,A,,A,,A,,A,,A,,A,,A,,A,,A,,A,,A,,A,,A,,A,
156620,1,1,1,1,3,3,5,1,3,1,1,5,R,17082,R,6356,R,10726,A,,R,0.0,R,13340.0,R,4865.0,R,8475.0,A,,R,0.0,R,2782.0,R,1079.0,R,1703.0,A,,R,0.0,R,2601.0,R,1007.0,R,1594.0,A,,R,0.0,R,181.0,R,72.0,R,109.0,A,,R,0.0,R,78.0,R,3.0,R,2418.0,R,87.0,R,480.0,R,530.0,R,600.0,R,450.0,R,525.0,R,590.0,R,17.0,R,21.0,R,24.0,R,16.0,R,21.0,R,24.0,R,16.0,R,19.0,R,24.0
156745,1,3,5,5,5,3,1,1,3,3,5,3,R,1815,R,835,R,967,S,,S,,R,1341.0,R,612.0,R,722.0,S,,S,,R,307.0,R,177.0,R,130.0,S,,S,,R,307.0,R,177.0,R,130.0,S,,S,,R,0.0,R,0.0,R,0.0,S,,S,,R,9.0,R,3.0,R,136.0,R,44.0,P,520.0,P,580.0,P,610.0,P,510.0,P,550.0,P,620.0,R,21.0,R,23.0,R,26.0,R,20.0,R,23.0,R,26.0,R,20.0,R,22.0,R,26.0
157030,1,3,1,3,1,3,1,1,3,5,1,3,R,42,R,16,R,26,A,,R,0.0,R,15.0,R,7.0,R,8.0,A,,R,0.0,R,12.0,R,5.0,R,7.0,A,,R,0.0,R,12.0,R,5.0,R,7.0,A,,R,0.0,R,0.0,R,0.0,R,0.0,A,,R,0.0,R,0.0,R,0.0,R,6.0,R,50.0,A,,A,,A,,A,,A,,A,,R,13.0,R,18.0,R,22.0,R,10.0,R,17.0,R,23.0,R,14.0,R,17.0,R,20.0
157058,1,5,1,1,3,3,5,1,3,3,3,3,R,2001,R,718,R,1283,S,,S,,R,1852.0,R,652.0,R,1200.0,S,,S,,R,345.0,R,143.0,R,202.0,S,,S,,R,317.0,R,129.0,R,188.0,S,,S,,R,28.0,R,14.0,R,14.0,S,,S,,R,36.0,R,10.0,R,145.0,R,42.0,R,420.0,R,460.0,R,500.0,R,400.0,R,450.0,R,510.0,R,14.0,R,16.0,R,20.0,R,12.0,R,15.0,R,20.0,R,15.0,R,16.0,R,18.0
157076,1,5,1,3,3,3,5,1,3,3,3,3,R,2009,R,1105,R,901,S,,S,,R,1346.0,R,708.0,R,637.0,S,,S,,R,243.0,R,126.0,R,116.0,S,,S,,R,243.0,R,126.0,R,116.0,S,,S,,R,0.0,R,0.0,R,0.0,S,,S,,R,37.0,R,15.0,R,162.0,R,67.0,R,430.0,R,490.0,R,550.0,R,320.0,R,520.0,R,580.0,R,12.0,R,20.0,R,24.0,R,9.0,R,20.0,R,24.0,R,11.0,R,20.0,R,24.0
157085,1,3,1,1,3,3,5,1,3,3,1,3,R,28233,R,11628,R,16352,S,,S,,R,26083.0,R,10580.0,R,15273.0,S,,S,,R,6437.0,R,2617.0,R,3783.0,S,,S,,R,6360.0,R,2578.0,R,3746.0,S,,S,,R,77.0,R,39.0,R,37.0,S,,S,,R,556.0,R,9.0,R,3532.0,R,55.0,R,550.0,R,590.0,R,640.0,R,530.0,R,580.0,R,650.0,R,21.0,R,25.0,R,28.0,R,21.0,R,24.0,R,29.0,R,20.0,R,24.0,R,27.0
157100,1,3,1,3,1,3,5,1,5,5,5,5,R,747,R,550,R,196,A,,R,1.0,R,466.0,R,322.0,R,143.0,A,,R,1.0,R,166.0,R,117.0,R,49.0,A,,R,0.0,R,164.0,R,116.0,R,48.0,A,,R,0.0,R,2.0,R,1.0,R,1.0,A,,R,0.0,R,7.0,R,4.0,R,80.0,R,48.0,R,450.0,R,490.0,R,510.0,R,450.0,R,480.0,R,530.0,R,18.0,R,20.0,R,23.0,R,16.0,R,21.0,R,23.0,R,16.0,R,18.0,R,22.0
157289,1,5,1,1,5,5,5,1,5,5,5,3,R,14821,R,6174,R,8647,A,,R,0.0,R,11937.0,R,4979.0,R,6958.0,A,,R,0.0,R,3117.0,R,1359.0,R,1758.0,A,,R,0.0,R,2917.0,R,1259.0,R,1658.0,A,,R,0.0,R,200.0,R,100.0,R,100.0,A,,R,0.0,R,478.0,R,15.0,R,2736.0,R,88.0,R,510.0,R,570.0,R,630.0,R,510.0,R,560.0,R,620.0,R,19.0,R,23.0,R,27.0,R,19.0,R,23.0,R,28.0,R,17.0,R,22.0,R,26.0
157377,1,5,1,5,5,5,5,1,3,5,5,3,R,1120,R,582,R,538,A,,R,0.0,R,1066.0,R,551.0,R,515.0,A,,R,0.0,R,265.0,R,132.0,R,133.0,A,,R,0.0,R,261.0,R,132.0,R,129.0,A,,R,0.0,R,4.0,R,0.0,R,4.0,A,,R,0.0,R,7.0,R,3.0,R,63.0,R,24.0,R,530.0,R,570.0,R,590.0,R,500.0,R,530.0,R,530.0,R,20.0,R,23.0,R,25.0,R,19.0,R,22.0,R,25.0,R,18.0,R,21.0,R,24.0
157386,1,3,1,5,3,3,5,1,3,3,3,3,R,8818,R,3224,R,5594,A,,R,0.0,R,7241.0,R,2588.0,R,4653.0,A,,R,0.0,R,1227.0,R,497.0,R,730.0,A,,R,0.0,R,1218.0,R,494.0,R,724.0,A,,R,0.0,R,9.0,R,3.0,R,6.0,A,,R,0.0,R,0.0,Z,0.0,R,1.0,R,0.0,A,,A,,A,,A,,A,,A,,S,,S,,S,,S,,S,,S,,S,,S,,S,
157401,1,5,1,1,3,3,5,1,3,3,3,5,R,11038,R,4271,R,6767,S,,S,,R,9511.0,R,3661.0,R,5850.0,S,,S,,R,1659.0,R,606.0,R,1053.0,S,,S,,R,1646.0,R,601.0,R,1045.0,S,,S,,R,13.0,R,5.0,R,8.0,S,,S,,R,332.0,R,20.0,R,1337.0,R,81.0,R,480.0,R,540.0,R,600.0,R,470.0,R,530.0,R,590.0,R,19.0,R,22.0,R,26.0,R,19.0,R,22.0,R,27.0,R,17.0,R,22.0,R,25.0
157447,1,3,1,1,3,3,5,5,1,3,3,3,R,6417,R,2327,R,4090,A,,R,0.0,R,6162.0,R,2227.0,R,3935.0,A,,R,0.0,R,1295.0,R,533.0,R,762.0,A,,R,0.0,R,1245.0,R,511.0,R,734.0,A,,R,0.0,R,50.0,R,22.0,R,28.0,A,,R,0.0,R,64.0,R,5.0,R,1023.0,R,79.0,R,458.0,R,515.0,R,573.0,R,458.0,R,510.0,R,560.0,R,19.0,R,22.0,R,25.0,R,18.0,R,22.0,R,25.0,R,17.0,R,20.0,R,24.0
157748,1,3,1,3,1,3,5,1,3,3,1,3,R,289,R,172,R,117,A,,R,0.0,R,280.0,R,166.0,R,114.0,A,,R,0.0,R,175.0,R,103.0,R,72.0,A,,R,0.0,R,158.0,R,91.0,R,67.0,A,,R,0.0,R,17.0,R,12.0,R,5.0,A,,R,0.0,R,52.0,R,30.0,R,68.0,R,39.0,R,528.0,R,570.0,R,613.0,R,500.0,R,545.0,R,590.0,R,20.0,R,22.0,R,25.0,R,19.0,R,22.0,R,26.0,R,17.0,R,19.0,R,23.0
157757,1,3,3,3,3,3,5,1,3,3,5,3,R,807,R,293,R,514,A,,R,0.0,R,796.0,R,290.0,R,506.0,A,,R,0.0,R,117.0,R,47.0,R,70.0,A,,R,0.0,R,114.0,R,45.0,R,69.0,A,,R,0.0,R,3.0,R,2.0,R,1.0,A,,R,0.0,R,18.0,R,15.0,R,86.0,R,74.0,R,428.0,R,505.0,R,570.0,R,425.0,R,480.0,R,533.0,R,16.0,R,19.0,R,22.0,R,14.0,R,19.0,R,22.0,R,15.0,R,18.0,R,22.0
157809,1,5,1,1,5,3,5,1,5,3,5,3,R,3030,R,1466,R,1563,A,,R,1.0,R,2940.0,R,1417.0,R,1522.0,A,,R,1.0,R,396.0,R,213.0,R,183.0,A,,R,0.0,R,396.0,R,213.0,R,183.0,A,,R,0.0,R,0.0,R,0.0,R,0.0,A,,R,0.0,R,16.0,R,4.0,R,139.0,R,35.0,R,510.0,R,540.0,R,590.0,R,490.0,R,510.0,R,560.0,R,20.0,R,23.0,R,27.0,R,19.0,R,23.0,R,27.0,R,18.0,R,22.0,R,26.0
157818,1,5,1,5,1,3,5,1,3,5,1,3,R,1986,R,792,R,1182,S,,S,,R,1688.0,R,634.0,R,1045.0,S,,S,,R,281.0,R,121.0,R,159.0,S,,S,,R,281.0,R,121.0,R,159.0,S,,S,,R,0.0,R,0.0,R,0.0,S,,S,,R,12.0,R,4.0,R,169.0,R,60.0,R,570.0,R,630.0,R,670.0,R,530.0,R,580.0,R,620.0,R,24.0,R,27.0,R,30.0,R,24.0,R,28.0,R,33.0,R,23.0,R,26.0,R,28.0
157863,1,3,1,5,5,3,5,1,3,3,5,3,R,834,R,463,R,337,A,,R,34.0,R,459.0,R,268.0,R,177.0,A,,R,14.0,R,198.0,R,142.0,R,56.0,A,,R,0.0,R,198.0,R,142.0,R,56.0,A,,R,0.0,R,0.0,R,0.0,R,0.0,A,,R,0.0,R,31.0,R,16.0,R,117.0,R,59.0,R,460.0,R,500.0,R,560.0,R,460.0,R,520.0,R,545.0,R,14.0,R,17.0,R,21.0,R,13.0,R,16.0,R,21.0,R,15.0,R,17.0,R,21.0
157951,1,3,1,1,3,3,5,1,3,3,3,3,R,7720,R,2814,R,4818,R,70.0,R,18.0,R,7492.0,R,2702.0,R,4704.0,R,68.0,R,18.0,R,2822.0,R,1075.0,R,1699.0,R,35.0,R,13.0,R,2796.0,R,1064.0,R,1684.0,R,35.0,R,13.0,R,26.0,R,11.0,R,15.0,R,0.0,R,0.0,R,6.0,R,1.0,R,73.0,R,3.0,R,450.0,R,500.0,R,520.0,R,370.0,R,445.0,R,490.0,R,16.0,R,18.0,R,20.0,R,14.0,R,17.0,R,21.0,R,15.0,R,16.0,R,18.0
158477,1,5,1,5,5,5,5,1,3,5,1,5,R,1834,R,908,R,926,A,,R,0.0,R,998.0,R,455.0,R,543.0,A,,R,0.0,R,255.0,R,146.0,R,109.0,A,,R,0.0,R,255.0,R,146.0,R,109.0,A,,R,0.0,R,0.0,R,0.0,R,0.0,A,,R,0.0,R,43.0,R,17.0,R,140.0,R,55.0,R,520.0,R,560.0,R,620.0,R,520.0,R,550.0,R,590.0,R,21.0,R,24.0,R,28.0,R,21.0,R,24.0,R,30.0,R,19.0,R,23.0,R,25.0
158802,1,3,1,3,5,3,5,1,3,3,5,3,R,8065,R,1870,R,6167,R,28.0,R,0.0,R,3267.0,R,659.0,R,2596.0,R,12.0,R,0.0,R,248.0,R,58.0,R,190.0,R,0.0,R,0.0,R,246.0,R,58.0,R,188.0,A,,R,0.0,R,2.0,R,0.0,R,2.0,A,,R,0.0,R,22.0,R,9.0,R,94.0,R,38.0,R,503.0,R,555.0,R,590.0,R,473.0,R,530.0,R,563.0,R,19.0,R,21.0,R,23.0,R,19.0,R,21.0,R,24.0,R,16.0,R,18.0,R,22.0
159009,1,1,1,1,3,3,5,1,3,3,3,5,R,24521,R,8607,R,15914,R,0.0,R,0.0,R,5806.0,R,1694.0,R,4112.0,A,,R,0.0,R,916.0,R,318.0,R,598.0,A,,R,0.0,R,883.0,R,305.0,R,578.0,A,,R,0.0,R,33.0,R,13.0,R,20.0,A,,R,0.0,R,131.0,R,14.0,R,424.0,R,46.0,R,450.0,R,500.0,R,590.0,R,410.0,R,470.0,R,560.0,R,15.0,R,17.0,R,19.0,R,14.0,R,16.0,R,19.0,R,15.0,R,16.0,R,17.0
159382,1,5,1,1,3,3,1,5,3,3,3,3,R,706,R,233,R,473,A,,R,0.0,R,654.0,R,209.0,R,445.0,A,,R,0.0,R,482.0,R,154.0,R,328.0,A,,R,0.0,R,447.0,R,141.0,R,306.0,A,,R,0.0,R,35.0,R,13.0,R,22.0,A,,R,0.0,R,25.0,R,5.0,R,457.0,R,95.0,R,450.0,R,500.0,R,580.0,R,430.0,R,510.0,R,560.0,R,17.0,R,20.0,R,22.0,R,16.0,R,20.0,R,23.0,R,16.0,R,17.0,R,21.0
159391,1,5,1,5,1,3,5,1,3,5,5,5,R,42558,R,16319,R,26239,A,,R,0.0,R,31491.0,R,11762.0,R,19729.0,A,,R,0.0,R,7521.0,R,3051.0,R,4470.0,A,,R,0.0,R,7494.0,R,3038.0,R,4456.0,A,,R,0.0,R,27.0,R,13.0,R,14.0,A,,R,0.0,R,599.0,R,14.0,R,3653.0,R,86.0,R,590.0,R,630.0,R,670.0,R,560.0,R,605.0,R,660.0,R,24.0,R,26.0,R,29.0,R,23.0,R,26.0,R,31.0,R,22.0,R,25.0,R,27.0
159416,1,3,1,1,3,3,5,1,3,3,3,3,R,949,R,291,R,658,A,,R,0.0,R,785.0,R,251.0,R,534.0,A,,R,0.0,R,285.0,R,119.0,R,166.0,A,,R,0.0,R,267.0,R,108.0,R,159.0,A,,R,0.0,R,18.0,R,11.0,R,7.0,A,,R,0.0,R,5.0,R,2.0,R,261.0,R,92.0,R,530.0,R,580.0,R,590.0,R,470.0,R,480.0,R,560.0,R,19.0,R,22.0,R,24.0,R,19.0,R,22.0,R,25.0,R,17.0,R,19.0,R,23.0
159568,1,3,1,3,3,3,3,1,3,3,3,3,R,549,R,328,R,221,A,,R,0.0,R,460.0,R,269.0,R,191.0,A,,R,0.0,R,220.0,R,140.0,R,80.0,A,,R,0.0,R,214.0,R,134.0,R,80.0,A,,R,0.0,R,6.0,R,6.0,R,0.0,A,,R,0.0,A,,A,,A,,A,,A,,A,,A,,A,,A,,A,,A,,A,,A,,A,,A,,A,,A,,A,,A,
159647,1,3,1,1,3,3,5,1,5,3,3,5,R,9263,R,4483,R,4753,R,27.0,R,0.0,R,6722.0,R,3264.0,R,3439.0,R,19.0,R,0.0,R,2263.0,R,1263.0,R,1000.0,R,0.0,R,0.0,R,2254.0,R,1259.0,R,995.0,A,,R,0.0,R,9.0,R,4.0,R,5.0,A,,R,0.0,R,96.0,R,4.0,R,1939.0,R,86.0,R,500.0,R,580.0,R,630.0,R,545.0,R,610.0,R,660.0,R,21.0,R,24.0,R,27.0,R,21.0,R,24.0,R,29.0,R,20.0,R,24.0,R,26.0
159656,1,5,1,5,1,1,3,1,3,5,1,5,R,6142,R,1916,R,4207,R,19.0,R,0.0,R,5388.0,R,1647.0,R,3722.0,R,19.0,R,0.0,R,695.0,R,247.0,R,448.0,R,0.0,R,0.0,R,692.0,R,246.0,R,446.0,A,,R,0.0,R,3.0,R,1.0,R,2.0,A,,R,0.0,A,,A,,A,,A,,A,,A,,A,,A,,A,,A,,A,,A,,A,,A,,A,,A,,A,,A,,A,
159717,1,3,1,1,3,3,1,1,3,3,3,3,R,3294,R,1333,R,1961,A,,R,0.0,R,2225.0,R,907.0,R,1318.0,A,,R,0.0,R,1063.0,R,434.0,R,629.0,A,,R,0.0,R,1052.0,R,429.0,R,623.0,A,,R,0.0,R,11.0,R,5.0,R,6.0,A,,R,0.0,R,94.0,R,9.0,R,935.0,R,88.0,R,430.0,R,500.0,R,560.0,R,380.0,R,480.0,R,560.0,R,18.0,R,21.0,R,24.0,R,18.0,R,21.0,R,24.0,R,16.0,R,19.0,R,23.0
159939,1,3,1,3,3,3,5,1,3,3,3,3,R,7253,R,2887,R,4366,A,,R,0.0,R,4843.0,R,1775.0,R,3068.0,A,,R,0.0,R,845.0,R,428.0,R,417.0,A,,R,0.0,R,830.0,R,417.0,R,413.0,A,,R,0.0,R,15.0,R,11.0,R,4.0,A,,R,0.0,R,41.0,R,5.0,R,667.0,R,79.0,R,470.0,R,590.0,R,650.0,R,490.0,R,560.0,R,670.0,R,17.0,R,20.0,R,23.0,R,16.0,R,20.0,R,24.0,R,16.0,R,18.0,R,22.0
159966,1,1,1,1,3,3,1,1,3,3,3,3,R,3320,R,1214,R,2106,A,,R,0.0,R,3188.0,R,1152.0,R,2036.0,A,,R,0.0,R,1169.0,R,453.0,R,716.0,A,,R,0.0,R,1164.0,R,452.0,R,712.0,A,,R,0.0,R,5.0,R,1.0,R,4.0,A,,R,0.0,R,29.0,R,2.0,R,1008.0,R,86.0,R,490.0,R,540.0,R,600.0,R,438.0,R,475.0,R,545.0,R,18.0,R,21.0,R,24.0,R,18.0,R,21.0,R,25.0,R,17.0,R,20.0,R,24.0
159993,1,1,3,1,3,3,1,1,3,3,3,3,R,4878,R,2005,R,2873,A,,R,0.0,R,3637.0,R,1335.0,R,2302.0,A,,R,0.0,C,1049.0,C,366.0,C,683.0,A,,R,0.0,C,1020.0,C,359.0,C,661.0,A,,R,0.0,C,29.0,C,7.0,C,22.0,A,,R,0.0,R,101.0,R,10.0,R,902.0,R,88.0,R,520.0,R,560.0,R,620.0,R,530.0,R,650.0,R,730.0,R,19.0,R,21.0,R,24.0,R,19.0,R,22.0,R,25.0,R,17.0,R,19.0,R,23.0
160038,1,3,1,1,3,3,5,1,3,3,3,3,R,3194,R,918,R,2258,A,,R,18.0,R,2994.0,R,842.0,R,2136.0,A,,R,16.0,R,1033.0,R,335.0,R,698.0,A,,R,0.0,R,1001.0,R,325.0,R,676.0,A,,R,0.0,R,32.0,R,10.0,R,22.0,A,,R,0.0,R,28.0,R,3.0,R,949.0,R,92.0,R,495.0,R,545.0,R,620.0,R,430.0,R,545.0,R,623.0,R,18.0,R,21.0,R,24.0,R,18.0,R,21.0,R,25.0,R,16.0,R,19.0,R,23.0
160065,1,3,1,3,3,3,3,1,3,3,3,3,R,404,R,96,R,308,A,,R,0.0,R,400.0,R,95.0,R,305.0,A,,R,0.0,C,33.0,R,8.0,C,25.0,A,,R,0.0,C,32.0,R,8.0,C,24.0,A,,R,0.0,C,1.0,Z,0.0,C,1.0,A,,R,0.0,A,,A,,A,,A,,A,,A,,A,,A,,A,,A,,A,,A,,A,,A,,A,,A,,A,,A,,A,
160074,1,3,1,5,3,3,3,1,3,3,5,3,R,381,R,36,R,345,R,0.0,R,0.0,R,316.0,R,31.0,R,285.0,A,,R,0.0,R,66.0,R,12.0,R,54.0,A,,R,0.0,R,59.0,R,12.0,R,47.0,A,,R,0.0,R,7.0,R,0.0,R,7.0,A,,R,0.0,A,,A,,A,,A,,A,,A,,A,,A,,A,,A,,A,,A,,A,,A,,A,,A,,A,,A,,A,
160612,1,3,1,1,3,3,5,1,3,3,3,3,R,5485,R,2060,R,3425,A,,R,0.0,R,5171.0,R,1968.0,R,3203.0,A,,R,0.0,R,2349.0,R,918.0,R,1431.0,A,,R,0.0,R,1739.0,R,682.0,R,1057.0,A,,R,0.0,R,610.0,R,236.0,R,374.0,A,,R,0.0,R,0.0,R,0.0,R,2235.0,R,95.0,A,,A,,A,,A,,A,,A,,R,19.0,R,21.0,R,24.0,R,18.0,R,24.0,R,24.0,R,16.0,R,19.0,R,23.0
160621,1,1,1,1,3,3,1,1,3,5,5,5,R,12221,R,3347,R,8802,A,,R,72.0,R,6095.0,R,1672.0,R,4373.0,A,,R,50.0,R,1711.0,R,552.0,R,1159.0,A,,R,0.0,R,1626.0,R,522.0,R,1104.0,A,,R,0.0,R,85.0,R,30.0,R,55.0,A,,R,0.0,R,340.0,R,20.0,R,1323.0,R,77.0,R,418.0,R,460.0,R,510.0,R,380.0,R,430.0,R,490.0,R,15.0,R,17.0,R,19.0,R,13.0,R,16.0,R,20.0,R,15.0,R,16.0,R,17.0
160630,1,3,1,3,3,3,5,1,3,3,3,3,R,2920,R,757,R,2163,R,0.0,R,0.0,R,1758.0,R,447.0,R,1311.0,A,,R,0.0,R,154.0,R,62.0,R,92.0,A,,R,0.0,R,151.0,R,61.0,R,90.0,A,,R,0.0,R,3.0,R,1.0,R,2.0,A,,R,0.0,R,0.0,R,0.0,R,128.0,R,83.0,A,,A,,A,,A,,A,,A,,R,14.0,R,16.0,R,18.0,R,12.0,R,14.0,R,18.0,R,14.0,R,15.0,R,17.0
160658,1,3,1,1,3,3,5,1,3,3,3,3,R,10679,R,3952,R,6727,R,0.0,R,0.0,R,9486.0,R,3414.0,R,6072.0,A,,R,0.0,R,3064.0,R,1275.0,R,1789.0,A,,R,0.0,R,3048.0,R,1263.0,R,1785.0,A,,R,0.0,R,16.0,R,12.0,R,4.0,A,,R,0.0,R,30.0,R,1.0,R,1401.0,R,46.0,R,560.0,R,600.0,R,645.0,R,560.0,R,590.0,R,610.0,R,23.0,R,25.0,R,27.0,R,23.0,R,26.0,R,30.0,R,21.0,R,24.0,R,26.0
160755,1,5,1,1,1,5,5,1,3,5,1,5,R,27936,R,10307,R,17629,S,,S,,R,4077.0,R,1404.0,R,2673.0,S,,S,,R,1867.0,R,677.0,R,1190.0,S,,S,,R,1867.0,R,677.0,R,1190.0,S,,S,,A,,A,,A,,S,,S,,R,262.0,R,14.0,R,573.0,R,31.0,R,690.0,R,720.0,R,750.0,R,700.0,R,730.0,R,760.0,R,31.0,R,32.0,R,33.0,R,31.0,R,34.0,R,35.0,R,27.0,R,29.0,R,32.0
160904,1,5,1,1,1,3,5,1,3,5,5,3,R,9608,R,2501,R,7102,A,,R,5.0,R,7156.0,R,1687.0,R,5467.0,A,,R,2.0,R,692.0,R,174.0,R,518.0,A,,R,0.0,R,685.0,R,173.0,R,512.0,A,,R,0.0,R,7.0,R,1.0,R,6.0,A,,R,0.0,R,182.0,R,26.0,R,362.0,R,52.0,R,500.0,R,530.0,R,568.0,R,453.0,R,520.0,R,570.0,R,19.0,R,21.0,R,25.0,R,19.0,R,21.0,R,25.0,R,17.0,R,20.0,R,24.0
160959,5,5,1,5,1,3,3,1,3,5,1,5,R,446,R,125,R,321,A,,R,0.0,R,290.0,R,79.0,R,211.0,A,,R,0.0,R,81.0,R,13.0,R,68.0,A,,R,0.0,R,80.0,R,13.0,R,67.0,A,,R,0.0,R,1.0,R,0.0,R,1.0,A,,R,0.0,A,,A,,A,,A,,A,,A,,A,,A,,A,,A,,A,,A,,A,,A,,A,,A,,A,,A,,A,
160977,5,5,1,5,1,5,5,1,3,5,1,5,R,8937,R,4253,R,4684,S,,S,,R,1164.0,R,542.0,R,622.0,S,,S,,R,505.0,R,261.0,R,244.0,S,,S,,R,505.0,R,261.0,R,244.0,S,,S,,A,,A,,A,,S,,S,,R,70.0,R,14.0,R,42.0,R,8.0,R,700.0,R,720.0,R,740.0,R,700.0,R,730.0,R,770.0,R,31.0,R,32.0,R,33.0,A,,A,,A,,A,,A,,A,
161004,5,5,1,1,1,5,5,5,5,5,1,5,R,10966,R,4865,R,6101,A,,R,0.0,R,879.0,R,420.0,R,459.0,A,,R,0.0,R,504.0,R,251.0,R,253.0,A,,R,0.0,R,504.0,R,251.0,R,253.0,A,,R,0.0,A,,A,,A,,A,,A,,R,185.0,R,37.0,R,110.0,R,22.0,R,730.0,R,750.0,R,760.0,R,750.0,R,760.0,R,790.0,R,33.0,R,34.0,R,35.0,R,34.0,R,35.0,R,36.0,R,30.0,R,32.0,R,34.0
161022,5,3,1,5,3,3,5,3,1,3,3,3,R,18,R,4,R,14,S,,S,,R,6.0,R,1.0,R,5.0,S,,S,,R,6.0,R,1.0,R,5.0,S,,S,,R,4.0,R,1.0,R,3.0,S,,S,,R,2.0,Z,0.0,R,2.0,S,,S,,R,5.0,R,83.0,R,0.0,R,0.0,R,430.0,R,455.0,R,480.0,R,420.0,R,455.0,R,490.0,A,,A,,A,,A,,A,,A,,A,,A,,A,
161086,5,5,1,5,5,5,5,1,5,5,5,5,R,17786,R,8479,R,9307,S,,S,,R,1215.0,R,591.0,R,624.0,S,,S,,R,605.0,R,300.0,R,305.0,S,,S,,R,605.0,R,300.0,R,305.0,S,,S,,A,,A,,A,,S,,S,,R,219.0,R,36.0,R,108.0,R,18.0,R,710.0,R,740.0,R,760.0,R,730.0,R,770.0,R,790.0,R,32.0,R,33.0,R,34.0,R,33.0,R,35.0,R,35.0,R,29.0,R,31.0,R,33.0
161226,5,5,1,1,1,1,5,1,5,5,1,5,R,1306,R,463,R,843,A,,R,0.0,R,1275.0,R,445.0,R,830.0,A,,R,0.0,R,230.0,R,87.0,R,143.0,A,,R,0.0,R,224.0,R,84.0,R,140.0,A,,R,0.0,R,6.0,R,3.0,R,3.0,A,,R,0.0,R,21.0,R,9.0,A,,A,,R,510.0,R,570.0,R,615.0,R,405.0,R,470.0,R,595.0,A,,A,,A,,A,,A,,A,,A,,A,,A,
161235,1,3,1,3,3,3,3,3,3,3,3,3,R,539,R,196,R,343,A,,R,0.0,R,534.0,R,194.0,R,340.0,A,,R,0.0,R,71.0,R,26.0,R,45.0,A,,R,0.0,R,68.0,R,25.0,R,43.0,A,,R,0.0,R,3.0,R,1.0,R,2.0,A,,R,0.0,A,,A,,A,,A,,A,,A,,A,,A,,A,,A,,A,,A,,A,,A,,A,,A,,A,,A,,A,
161253,5,5,1,1,1,3,3,1,3,5,5,3,R,13995,R,5849,R,8110,S,,S,,R,13395.0,R,5593.0,R,7771.0,S,,S,,R,1868.0,R,950.0,R,910.0,S,,S,,R,1809.0,R,918.0,R,884.0,S,,S,,R,59.0,R,32.0,R,26.0,S,,S,,A,,A,,A,,A,,A,,A,,A,,A,,A,,A,,A,,A,,A,,A,,A,,A,,A,,A,,A,
161299,1,5,1,3,1,3,5,1,3,5,1,5,R,1145,R,806,R,315,A,,R,24.0,R,703.0,R,530.0,R,173.0,A,,R,0.0,R,230.0,R,186.0,R,44.0,A,,R,0.0,R,230.0,R,186.0,R,44.0,A,,R,0.0,R,0.0,R,0.0,R,0.0,A,,R,0.0,R,79.0,R,34.0,R,18.0,R,8.0,R,540.0,R,590.0,R,640.0,R,530.0,R,580.0,R,630.0,R,23.0,R,26.0,R,30.0,R,21.0,R,23.0,R,27.0,R,24.0,R,26.0,R,28.0
161341,1,3,1,5,1,3,3,1,3,3,5,3,R,755,R,258,R,497,A,,R,0.0,R,733.0,R,249.0,R,484.0,A,,R,0.0,R,132.0,R,58.0,R,74.0,A,,R,0.0,R,110.0,R,53.0,R,57.0,A,,R,0.0,R,22.0,R,5.0,R,17.0,A,,R,0.0,A,,A,,A,,A,,A,,A,,A,,A,,A,,A,,A,,A,,A,,A,,A,,A,,A,,A,,A,
161457,1,3,1,3,5,3,3,1,3,5,5,5,R,5091,R,1677,R,3414,S,,S,,R,4523.0,R,1442.0,R,3081.0,S,,S,,R,589.0,R,184.0,R,405.0,S,,S,,R,588.0,R,184.0,R,404.0,S,,S,,R,1.0,Z,0.0,R,1.0,S,,S,,A,,A,,A,,A,,A,,A,,A,,A,,A,,A,,A,,A,,A,,A,,A,,A,,A,,A,,A,
161509,1,5,1,5,1,1,3,1,3,5,1,5,R,913,R,198,R,545,R,135.0,R,35.0,R,708.0,R,147.0,R,426.0,R,107.0,R,28.0,R,121.0,R,29.0,R,58.0,R,29.0,R,5.0,R,120.0,R,29.0,R,57.0,R,29.0,R,5.0,R,1.0,R,0.0,R,1.0,R,0.0,R,0.0,A,,A,,A,,A,,A,,A,,A,,A,,A,,A,,A,,A,,A,,A,,A,,A,,A,,A,,A,
161518,1,3,1,5,1,3,5,1,3,3,5,3,R,2216,R,782,R,1434,A,,R,0.0,R,1811.0,R,636.0,R,1175.0,A,,R,0.0,R,279.0,R,117.0,R,162.0,A,,R,0.0,R,279.0,R,117.0,R,162.0,A,,R,0.0,R,0.0,R,0.0,R,0.0,A,,R,0.0,R,19.0,R,7.0,R,0.0,R,0.0,R,470.0,R,520.0,R,580.0,R,440.0,R,510.0,R,560.0,A,,A,,A,,A,,A,,A,,A,,A,,A,
161554,3,5,1,5,1,3,1,1,3,5,1,3,R,5823,R,2324,R,3499,S,,S,,R,4618.0,R,1646.0,R,2972.0,S,,S,,R,718.0,R,280.0,R,438.0,S,,S,,R,687.0,R,269.0,R,418.0,S,,S,,R,31.0,R,11.0,R,20.0,S,,S,,R,83.0,R,12.0,R,9.0,R,1.0,R,505.0,R,560.0,R,640.0,R,490.0,R,560.0,R,640.0,R,23.0,R,25.0,R,26.0,R,17.0,R,19.0,R,25.0,R,19.0,R,25.0,R,28.0
161563,1,3,5,5,1,3,3,1,5,3,1,3,R,853,R,417,R,436,A,,R,0.0,R,828.0,R,398.0,R,430.0,A,,R,0.0,R,194.0,R,98.0,R,96.0,A,,R,0.0,R,194.0,R,98.0,R,96.0,A,,R,0.0,A,,A,,A,,A,,A,,A,,A,,A,,A,,A,,A,,A,,A,,A,,A,,A,,A,,A,,A,,A,,A,,A,,A,,A,
161572,1,5,1,5,5,3,3,1,3,3,3,3,R,8865,R,2155,R,6516,R,194.0,R,0.0,R,7252.0,R,1762.0,R,5332.0,R,158.0,R,0.0,R,723.0,R,184.0,R,524.0,R,15.0,R,0.0,R,720.0,R,183.0,R,522.0,R,15.0,R,0.0,R,3.0,R,1.0,R,2.0,R,0.0,R,0.0,A,,A,,A,,A,,A,,A,,A,,A,,A,,A,,A,,A,,A,,A,,A,,A,,A,,A,,A,
161873,1,3,1,5,5,3,5,1,3,5,5,3,R,173,R,61,R,110,A,,R,2.0,R,148.0,R,51.0,R,95.0,A,,R,2.0,R,41.0,R,20.0,R,20.0,A,,R,1.0,R,25.0,R,8.0,R,17.0,A,,R,0.0,R,16.0,R,12.0,R,3.0,A,,R,1.0,R,5.0,R,12.0,R,0.0,R,0.0,R,530.0,R,540.0,R,580.0,R,480.0,R,520.0,R,530.0,A,,A,,A,,A,,A,,A,,A,,A,,A,
162007,1,3,1,5,3,3,5,5,3,3,3,5,R,6245,R,1884,R,4361,A,,R,0.0,R,5217.0,R,1509.0,R,3708.0,A,,R,0.0,R,991.0,R,359.0,R,632.0,A,,R,0.0,R,965.0,R,346.0,R,619.0,A,,R,0.0,R,26.0,R,13.0,R,13.0,A,,R,0.0,R,7.0,R,1.0,A,,A,,R,423.0,R,485.0,R,540.0,R,373.0,R,450.0,R,543.0,A,,A,,A,,A,,A,,A,,A,,A,,A,
162061,1,3,1,5,5,3,3,1,3,5,1,5,R,349,R,272,R,75,S,,S,,R,272.0,R,216.0,R,55.0,S,,S,,R,70.0,R,59.0,R,11.0,S,,S,,R,64.0,R,54.0,R,10.0,S,,S,,R,6.0,R,5.0,R,1.0,S,,S,,A,,A,,A,,A,,A,,A,,A,,A,,A,,A,,A,,A,,A,,A,,A,,A,,A,,A,,A,
162210,1,3,5,3,5,3,5,1,3,3,5,3,R,1691,R,672,R,961,A,,R,58.0,R,767.0,R,310.0,R,441.0,A,,R,16.0,R,106.0,R,59.0,R,47.0,A,,R,0.0,R,103.0,R,58.0,R,45.0,A,,R,0.0,R,3.0,R,1.0,R,2.0,A,,R,0.0,R,32.0,R,30.0,R,3.0,R,3.0,R,400.0,R,480.0,R,590.0,R,400.0,R,440.0,R,510.0,S,,S,,S,,S,,S,,S,,S,,S,,S,
162283,1,3,3,3,3,3,5,3,3,3,3,3,R,4703,R,1346,R,3357,R,0.0,R,0.0,R,2331.0,R,590.0,R,1741.0,A,,R,0.0,R,407.0,R,108.0,R,299.0,A,,R,0.0,R,370.0,R,95.0,R,275.0,A,,R,0.0,R,37.0,R,13.0,R,24.0,A,,R,0.0,R,4.0,R,1.0,R,3.0,R,1.0,S,,S,,S,,S,,S,,S,,S,,S,,S,,S,,S,,S,,S,,S,,S,
162584,1,3,1,5,5,3,5,1,3,3,5,3,R,4556,R,2113,R,2443,A,,R,0.0,R,4075.0,R,1871.0,R,2204.0,A,,R,0.0,R,614.0,R,326.0,R,288.0,A,,R,0.0,R,613.0,R,326.0,R,287.0,A,,R,0.0,R,1.0,Z,0.0,R,1.0,A,,R,0.0,R,0.0,R,0.0,R,0.0,R,0.0,A,,A,,A,,A,,A,,A,,A,,A,,A,,A,,A,,A,,A,,A,,A,
162654,1,5,1,5,1,5,5,1,3,5,1,5,R,3520,R,1370,R,2150,S,,S,,R,2566.0,R,907.0,R,1659.0,S,,S,,R,261.0,R,91.0,R,170.0,S,,S,,R,257.0,R,90.0,R,167.0,S,,S,,R,4.0,R,1.0,R,3.0,S,,S,,R,68.0,R,26.0,R,21.0,R,8.0,R,560.0,R,625.0,R,683.0,R,520.0,R,580.0,R,683.0,R,26.0,R,27.0,R,30.0,R,24.0,R,27.0,R,31.0,R,21.0,R,26.0,R,27.0
162760,5,5,1,1,5,5,3,1,3,5,5,5,R,3287,R,1370,R,1917,A,,R,0.0,R,2568.0,R,1036.0,R,1532.0,A,,R,0.0,R,303.0,R,114.0,R,189.0,A,,R,0.0,R,303.0,R,114.0,R,189.0,A,,R,0.0,R,0.0,R,0.0,R,0.0,A,,R,0.0,A,,A,,A,,A,,A,,A,,A,,A,,A,,A,,A,,A,,A,,A,,A,,A,,A,,A,,A,
162928,1,5,1,3,1,3,5,1,5,5,1,3,R,38926,R,17355,R,21538,A,,R,33.0,R,2943.0,R,1371.0,R,1552.0,A,,R,20.0,R,1418.0,R,660.0,R,752.0,A,,R,6.0,R,1418.0,R,660.0,R,752.0,A,,R,6.0,A,,A,,A,,A,,A,,R,587.0,R,41.0,R,203.0,R,14.0,R,750.0,R,760.0,R,780.0,R,780.0,R,790.0,R,800.0,R,34.0,R,35.0,R,35.0,R,35.0,R,35.0,R,36.0,R,33.0,R,35.0,R,36.0
163046,1,3,1,1,1,3,5,1,3,5,1,5,R,10162,R,3956,R,5988,R,126.0,R,92.0,R,7757.0,R,3031.0,R,4570.0,R,88.0,R,68.0,R,1112.0,R,468.0,R,635.0,R,9.0,R,0.0,R,1111.0,R,467.0,R,635.0,R,9.0,R,0.0,R,1.0,R,1.0,R,0.0,R,0.0,R,0.0,R,195.0,R,18.0,R,49.0,R,4.0,R,610.0,R,650.0,R,690.0,R,570.0,R,620.0,R,660.0,R,27.0,R,30.0,R,32.0,R,27.0,R,31.0,R,34.0,R,24.0,R,26.0,R,29.0
163268,1,5,1,1,1,3,5,1,3,5,1,3,R,13150,R,6163,R,6633,S,,S,,R,9762.0,R,4556.0,R,4938.0,S,,S,,R,1977.0,R,1092.0,R,820.0,S,,S,,R,1961.0,R,1081.0,R,816.0,S,,S,,R,16.0,R,11.0,R,4.0,S,,S,,R,636.0,R,32.0,R,71.0,R,4.0,R,610.0,R,650.0,R,700.0,R,610.0,R,650.0,R,710.0,R,23.0,R,27.0,R,30.0,R,23.0,R,26.0,R,32.0,R,22.0,R,26.0,R,28.0
163286,5,5,1,5,1,5,5,1,5,5,1,3,R,59377,R,29365,R,30012,R,0.0,R,0.0,R,26625.0,R,12323.0,R,14302.0,A,,R,0.0,R,6197.0,R,3080.0,R,3117.0,A,,R,0.0,R,6176.0,R,3069.0,R,3107.0,A,,R,0.0,R,21.0,R,11.0,R,10.0,A,,R,0.0,R,2578.0,R,42.0,R,504.0,R,8.0,R,670.0,R,710.0,R,740.0,R,700.0,R,750.0,R,780.0,R,32.0,R,33.0,R,35.0,R,32.0,R,34.0,R,35.0,R,29.0,R,32.0,R,35.0
163295,1,5,1,5,5,1,5,1,3,5,1,3,R,3127,R,705,R,2422,A,,R,0.0,R,2417.0,R,463.0,R,1954.0,A,,R,0.0,R,277.0,R,64.0,R,213.0,A,,R,0.0,R,277.0,R,64.0,R,213.0,A,,R,0.0,R,0.0,R,0.0,R,0.0,A,,R,0.0,R,31.0,R,11.0,R,21.0,R,8.0,R,455.0,R,540.0,R,580.0,R,460.0,R,590.0,R,640.0,R,26.0,R,28.0,R,30.0,R,26.0,R,29.0,R,32.0,R,23.0,R,24.0,R,27.0
163338,1,5,1,5,5,3,5,1,3,3,5,3,R,8032,R,3053,R,4979,A,,R,0.0,R,7258.0,R,2733.0,R,4525.0,A,,R,0.0,R,728.0,R,321.0,R,407.0,A,,R,0.0,R,717.0,R,317.0,R,400.0,A,,R,0.0,R,11.0,R,4.0,R,7.0,A,,R,0.0,R,0.0,R,0.0,R,0.0,R,0.0,A,,A,,A,,A,,A,,A,,A,,A,,A,,A,,A,,A,,A,,A,,A,
163453,1,3,3,5,1,3,5,5,3,3,5,3,R,22741,R,7001,R,15740,R,0.0,R,0.0,R,18865.0,R,5588.0,R,13277.0,A,,R,0.0,R,2282.0,R,805.0,R,1477.0,A,,R,0.0,R,2273.0,R,801.0,R,1472.0,A,,R,0.0,R,9.0,R,4.0,R,5.0,A,,R,0.0,R,593.0,R,26.0,R,69.0,R,3.0,R,410.0,R,480.0,R,530.0,R,450.0,R,500.0,R,550.0,R,17.0,R,19.0,R,21.0,R,15.0,R,18.0,R,21.0,R,15.0,R,17.0,R,19.0
163462,1,3,1,1,1,3,5,1,3,5,5,5,R,5422,R,2427,R,2994,A,,R,1.0,R,3896.0,R,1719.0,R,2177.0,A,,R,0.0,R,480.0,R,242.0,R,238.0,A,,R,0.0,R,479.0,R,241.0,R,238.0,A,,R,0.0,R,1.0,R,1.0,R,0.0,A,,R,0.0,R,73.0,R,15.0,R,5.0,R,1.0,R,520.0,R,580.0,R,660.0,R,510.0,R,560.0,R,620.0,R,19.0,R,23.0,R,23.0,A,,A,,A,,A,,A,,A,
163532,5,5,5,1,1,3,3,3,3,3,3,3,R,68,R,68,R,0,A,,R,0.0,R,54.0,R,54.0,A,,A,,R,0.0,R,43.0,R,43.0,A,,A,,R,0.0,R,43.0,R,43.0,A,,A,,R,0.0,A,,A,,A,,A,,A,,A,,A,,A,,A,,A,,A,,A,,A,,A,,A,,A,,A,,A,,A,,A,,A,,A,,A,,A,
163578,1,5,5,1,5,5,3,1,3,3,5,3,R,2309,R,543,R,1766,R,0.0,R,0.0,R,1997.0,R,466.0,R,1531.0,A,,R,0.0,R,191.0,R,36.0,R,155.0,A,,R,0.0,R,191.0,R,36.0,R,155.0,A,,R,0.0,R,0.0,R,0.0,R,0.0,A,,R,0.0,A,,A,,A,,A,,A,,A,,A,,A,,A,,A,,A,,A,,A,,A,,A,,A,,A,,A,,A,
163851,1,5,1,5,5,5,5,1,3,5,1,3,R,8090,R,3422,R,4662,S,,S,,R,7170.0,R,2984.0,R,4184.0,S,,S,,R,1376.0,R,589.0,R,786.0,S,,S,,R,1374.0,R,588.0,R,785.0,S,,S,,R,2.0,R,1.0,R,1.0,S,,S,,R,175.0,R,13.0,R,21.0,R,2.0,R,600.0,R,640.0,R,670.0,R,580.0,R,610.0,R,640.0,R,26.0,R,26.0,R,28.0,R,25.0,R,27.0,R,30.0,R,23.0,R,26.0,R,27.0
163912,1,5,1,5,1,3,5,1,3,5,1,5,R,3109,R,1182,R,1927,A,,R,0.0,R,2344.0,R,845.0,R,1499.0,A,,R,0.0,R,442.0,R,165.0,R,277.0,A,,R,0.0,R,442.0,R,165.0,R,277.0,A,,R,0.0,R,0.0,R,0.0,R,0.0,A,,R,0.0,R,146.0,R,33.0,R,19.0,R,4.0,R,570.0,R,630.0,R,690.0,R,540.0,R,590.0,R,640.0,R,24.0,R,28.0,R,30.0,R,23.0,R,27.0,R,31.0,R,17.0,R,22.0,R,27.0
163976,5,5,1,5,5,5,5,1,3,5,1,3,R,1059,R,518,R,541,R,0.0,R,0.0,R,469.0,R,206.0,R,263.0,A,,R,0.0,R,133.0,R,62.0,R,71.0,A,,R,0.0,R,133.0,R,62.0,R,71.0,A,,R,0.0,A,,A,,A,,A,,A,,R,62.0,R,47.0,R,24.0,R,18.0,R,650.0,R,710.0,R,760.0,R,600.0,R,660.0,R,740.0,R,29.0,R,31.0,R,32.0,R,31.0,R,34.0,R,35.0,R,23.0,R,27.0,R,29.0
164076,1,5,1,5,3,3,5,1,3,5,5,3,R,18948,R,7370,R,11578,A,,R,0.0,R,15689.0,R,5906.0,R,9783.0,A,,R,0.0,R,3014.0,R,1198.0,R,1816.0,A,,R,0.0,R,2996.0,R,1191.0,R,1805.0,A,,R,0.0,R,18.0,R,7.0,R,11.0,A,,R,0.0,R,458.0,R,15.0,R,47.0,R,2.0,R,540.0,R,600.0,R,650.0,R,510.0,R,560.0,R,620.0,R,19.0,R,25.0,R,28.0,R,20.0,R,22.0,R,27.0,R,17.0,R,22.0,R,26.0
164155,1,1,5,5,1,3,5,1,3,5,5,5,R,14727,R,10231,R,4496,A,,R,0.0,R,1379.0,R,938.0,R,441.0,A,,R,0.0,R,1175.0,R,805.0,R,370.0,A,,R,0.0,R,1175.0,R,805.0,R,370.0,A,,R,0.0,A,,A,,A,,A,,A,,R,854.0,R,74.0,R,519.0,R,45.0,R,600.0,R,650.0,R,700.0,R,600.0,R,650.0,R,720.0,R,24.0,R,28.0,R,31.0,R,24.0,R,28.0,R,33.0,R,25.0,R,27.0,R,30.0
164173,1,3,1,3,3,3,3,1,3,3,1,3,R,5233,R,2220,R,3013,A,,R,0.0,R,4354.0,R,1764.0,R,2590.0,A,,R,0.0,R,793.0,R,336.0,R,457.0,A,,R,0.0,R,793.0,R,336.0,R,457.0,A,,R,0.0,R,0.0,R,0.0,R,0.0,A,,R,0.0,A,,A,,A,,A,,A,,A,,A,,A,,A,,A,,A,,A,,A,,A,,A,,A,,A,,A,,A,
164216,1,5,1,1,1,3,5,1,3,5,1,3,R,2539,R,1082,R,1457,S,,S,,R,1664.0,R,638.0,R,1026.0,S,,S,,R,230.0,R,104.0,R,126.0,S,,S,,R,230.0,R,104.0,R,126.0,S,,S,,A,,A,,A,,S,,S,,R,40.0,R,17.0,R,8.0,R,3.0,R,605.0,R,655.0,R,690.0,R,580.0,R,610.0,R,655.0,R,25.0,R,28.0,R,30.0,A,,A,,A,,A,,A,,A,
164270,1,5,1,5,5,5,3,1,3,5,5,5,R,3856,R,1737,R,2119,A,,R,0.0,R,3223.0,R,1407.0,R,1816.0,A,,R,0.0,R,424.0,R,199.0,R,225.0,A,,R,0.0,R,424.0,R,199.0,R,225.0,A,,R,0.0,A,,A,,A,,A,,A,,A,,A,,A,,A,,A,,A,,A,,A,,A,,A,,A,,A,,A,,A,,A,,A,,A,,A,,A,
164368,1,3,5,3,1,3,3,1,3,5,1,3,R,2268,R,1094,R,1127,R,47.0,R,0.0,R,1210.0,R,558.0,R,627.0,R,25.0,R,0.0,R,177.0,R,116.0,R,61.0,R,0.0,R,0.0,R,177.0,R,116.0,R,61.0,A,,R,0.0,A,,A,,A,,A,,A,,A,,A,,A,,A,,A,,A,,A,,A,,A,,A,,A,,A,,A,,A,,A,,A,,A,,A,,A,
164447,1,3,1,1,5,3,3,1,3,3,5,3,R,2258,R,1071,R,1186,S,,S,,R,2188.0,R,1041.0,R,1146.0,S,,S,,R,277.0,R,167.0,R,110.0,S,,S,,R,275.0,R,167.0,R,108.0,S,,S,,R,2.0,R,0.0,R,2.0,S,,S,,A,,A,,A,,A,,A,,A,,A,,A,,A,,A,,A,,A,,A,,A,,A,,A,,A,,A,,A,
164465,5,5,1,5,1,5,5,1,3,5,1,3,R,12727,R,4935,R,5793,R,807.0,R,1192.0,R,1250.0,R,493.0,R,597.0,R,58.0,R,102.0,R,488.0,R,197.0,R,239.0,R,14.0,R,38.0,R,488.0,R,197.0,R,239.0,R,14.0,R,38.0,A,,A,,A,,A,,A,,R,187.0,R,38.0,R,84.0,R,17.0,R,690.0,R,740.0,R,770.0,R,670.0,R,760.0,R,780.0,R,31.0,R,33.0,R,35.0,R,32.0,R,35.0,R,35.0,R,28.0,R,31.0,R,35.0
164492,1,5,1,1,5,5,5,1,5,5,5,5,R,3965,R,2587,R,1373,S,,S,,R,3551.0,R,2317.0,R,1231.0,S,,S,,R,249.0,R,166.0,R,83.0,S,,S,,R,248.0,R,165.0,R,83.0,S,,S,,R,1.0,R,1.0,R,0.0,S,,S,,R,3.0,R,1.0,R,0.0,R,0.0,S,,S,,S,,S,,S,,S,,A,,A,,A,,A,,A,,A,,A,,A,,A,
164535,3,3,1,3,1,3,3,3,1,5,1,5,R,27,R,6,R,21,R,0.0,R,0.0,R,9.0,R,2.0,R,7.0,A,,R,0.0,R,9.0,R,2.0,R,7.0,A,,R,0.0,R,9.0,R,2.0,R,7.0,A,,R,0.0,A,,A,,A,,A,,A,,A,,A,,A,,A,,A,,A,,A,,A,,A,,A,,A,,A,,A,,A,,A,,A,,A,,A,,A,
164562,1,1,1,3,1,3,3,1,3,3,1,3,R,4694,R,2198,R,2496,A,,R,0.0,R,4062.0,R,1815.0,R,2247.0,A,,R,0.0,R,479.0,R,209.0,R,270.0,A,,R,0.0,R,479.0,R,209.0,R,270.0,A,,R,0.0,A,,A,,A,,A,,A,,A,,A,,A,,A,,A,,A,,A,,A,,A,,A,,A,,A,,A,,A,,A,,A,,A,,A,,A,
164580,1,5,1,1,1,5,5,1,3,5,1,5,R,7995,R,4977,R,3018,R,0.0,R,0.0,R,1578.0,R,812.0,R,766.0,A,,R,0.0,R,626.0,R,352.0,R,274.0,A,,R,0.0,R,626.0,R,352.0,R,274.0,A,,R,0.0,A,,A,,A,,A,,A,,R,187.0,R,30.0,R,39.0,R,6.0,R,660.0,R,690.0,R,720.0,R,720.0,R,750.0,R,780.0,R,30.0,R,31.0,R,33.0,R,29.0,R,33.0,R,35.0,R,28.0,R,31.0,R,32.0
164614,3,3,1,5,1,3,5,5,3,5,1,5,R,14,R,8,R,6,A,,R,0.0,R,14.0,R,8.0,R,6.0,A,,R,0.0,R,4.0,R,3.0,R,1.0,A,,R,0.0,R,3.0,R,2.0,R,1.0,A,,R,0.0,R,1.0,R,1.0,R,0.0,A,,R,0.0,R,0.0,R,0.0,R,1.0,R,33.0,A,,A,,A,,A,,A,,A,,S,,S,,S,,S,,S,,S,,S,,S,,S,
164632,1,1,1,3,1,3,5,1,3,3,5,3,R,966,R,15,R,806,S,,S,,R,710.0,R,3.0,R,603.0,S,,S,,R,111.0,R,0.0,R,110.0,S,,S,,R,111.0,A,,R,110.0,S,,S,,A,,A,,A,,S,,S,,R,4.0,R,4.0,R,0.0,R,0.0,S,,S,,S,,S,,S,,S,,A,,A,,A,,A,,A,,A,,A,,A,,A,
164739,5,5,1,1,1,3,5,1,3,5,1,5,R,10482,R,6213,R,4268,S,,S,,R,5077.0,R,2856.0,R,2221.0,S,,S,,R,1120.0,R,664.0,R,456.0,S,,S,,R,1120.0,R,664.0,R,456.0,S,,S,,A,,A,,A,,S,,S,,R,284.0,R,25.0,R,40.0,R,4.0,R,620.0,R,650.0,R,690.0,R,630.0,R,680.0,R,720.0,R,29.0,R,31.0,R,32.0,R,26.0,R,31.0,R,33.0,R,27.0,R,29.0,R,31.0
164748,1,5,1,3,5,1,3,1,3,5,5,5,R,7167,R,3510,R,3656,S,,S,,R,3577.0,R,1890.0,R,1687.0,S,,S,,R,1502.0,R,811.0,R,691.0,S,,S,,R,1396.0,R,753.0,R,643.0,S,,S,,R,106.0,R,58.0,R,48.0,S,,S,,A,,A,,A,,A,,A,,A,,A,,A,,A,,A,,A,,A,,A,,A,,A,,A,,A,,A,,A,
164924,1,5,1,1,1,5,5,1,5,5,1,5,R,36069,R,14358,R,21711,A,,R,0.0,R,5645.0,R,2510.0,R,3135.0,A,,R,0.0,R,2335.0,R,1056.0,R,1279.0,A,,R,0.0,R,2335.0,R,1056.0,R,1279.0,A,,R,0.0,A,,A,,A,,A,,A,,R,662.0,R,28.0,R,379.0,R,16.0,R,710.0,R,730.0,R,760.0,R,720.0,R,760.0,R,780.0,R,33.0,R,34.0,R,34.0,R,34.0,R,35.0,R,35.0,R,30.0,R,32.0,R,34.0
164988,1,5,1,1,1,3,5,1,3,5,1,3,R,80495,R,32176,R,48314,R,5.0,R,0.0,R,8733.0,R,3906.0,R,4827.0,R,0.0,R,0.0,R,3145.0,R,1315.0,R,1830.0,A,,R,0.0,R,3145.0,R,1315.0,R,1830.0,A,,R,0.0,R,0.0,R,0.0,R,0.0,A,,R,0.0,R,892.0,R,28.0,R,311.0,R,10.0,R,680.0,R,710.0,R,740.0,R,720.0,R,760.0,R,780.0,R,32.0,R,33.0,R,34.0,R,33.0,R,35.0,R,35.0,R,29.0,R,31.0,R,34.0
165015,5,5,1,1,1,3,5,1,3,5,1,5,R,11282,R,4886,R,6396,A,,R,0.0,R,3984.0,R,1507.0,R,2477.0,A,,R,0.0,R,865.0,R,354.0,R,511.0,A,,R,0.0,R,865.0,R,354.0,R,511.0,A,,R,0.0,A,,A,,A,,A,,A,,R,269.0,R,31.0,R,91.0,R,11.0,R,690.0,R,720.0,R,750.0,R,700.0,R,750.0,R,780.0,R,31.0,R,33.0,R,34.0,R,32.0,R,34.0,R,35.0,R,28.0,R,31.0,R,34.0
165024,1,3,1,1,5,3,5,1,3,3,5,3,R,8631,R,3745,R,4756,S,,S,,R,7698.0,R,3247.0,R,4330.0,S,,S,,R,1580.0,R,705.0,R,841.0,S,,S,,R,1515.0,R,669.0,R,813.0,S,,S,,R,65.0,R,36.0,R,28.0,S,,S,,R,178.0,R,11.0,R,13.0,R,1.0,R,530.0,R,580.0,R,630.0,R,510.0,R,550.0,R,600.0,R,18.0,R,21.0,R,27.0,A,,A,,A,,A,,A,,A,
165060,5,5,1,5,5,5,3,3,1,3,1,3,R,23,R,3,R,20,A,,R,0.0,R,12.0,R,1.0,R,11.0,A,,R,0.0,R,8.0,R,1.0,R,7.0,A,,R,0.0,R,8.0,R,1.0,R,7.0,A,,R,0.0,A,,A,,A,,A,,A,,A,,A,,A,,A,,A,,A,,A,,A,,A,,A,,A,,A,,A,,A,,A,,A,,A,,A,,A,
165264,1,3,1,5,3,5,3,1,3,3,3,3,R,37,R,12,R,25,A,,R,0.0,R,15.0,R,6.0,R,9.0,A,,R,0.0,R,6.0,R,4.0,R,2.0,A,,R,0.0,R,2.0,R,1.0,R,1.0,A,,R,0.0,R,4.0,R,3.0,R,1.0,A,,R,0.0,A,,A,,A,,A,,A,,A,,A,,A,,A,,A,,A,,A,,A,,A,,A,,A,,A,,A,,A,
165334,1,5,1,1,1,3,5,1,3,5,1,3,R,10730,R,4551,R,6179,A,,R,0.0,R,4471.0,R,1706.0,R,2765.0,A,,R,0.0,R,629.0,R,273.0,R,356.0,A,,R,0.0,R,629.0,R,273.0,R,356.0,A,,R,0.0,A,,A,,A,,A,,A,,R,104.0,R,17.0,R,27.0,R,4.0,R,640.0,R,680.0,R,710.0,R,600.0,R,640.0,R,690.0,R,30.0,R,31.0,R,33.0,R,31.0,R,33.0,R,35.0,R,26.0,R,28.0,R,30.0
165529,1,5,1,1,1,3,5,1,3,5,5,5,R,6903,R,2847,R,4056,S,,S,,R,6354.0,R,2598.0,R,3756.0,S,,S,,R,524.0,R,234.0,R,290.0,S,,S,,R,523.0,R,234.0,R,289.0,S,,S,,R,1.0,Z,0.0,R,1.0,S,,S,,R,31.0,R,6.0,R,0.0,Z,0.0,R,510.0,R,560.0,R,630.0,R,510.0,R,570.0,R,610.0,A,,A,,A,,A,,A,,A,,A,,A,,A,
165574,1,3,1,1,5,3,3,1,3,5,5,3,R,5382,R,2170,R,3179,R,33.0,R,0.0,R,3967.0,R,1557.0,R,2387.0,R,23.0,R,0.0,R,339.0,R,152.0,R,187.0,R,0.0,R,0.0,R,337.0,R,152.0,R,185.0,A,,R,0.0,R,2.0,R,0.0,R,2.0,A,,R,0.0,A,,A,,A,,A,,A,,A,,A,,A,,A,,A,,A,,A,,A,,A,,A,,A,,A,,A,,A,
165608,3,3,1,3,1,3,3,3,1,5,1,3,R,22,R,0,R,22,R,0.0,R,0.0,R,14.0,A,,R,14.0,A,,R,0.0,R,14.0,A,,R,14.0,A,,R,0.0,R,9.0,A,,R,9.0,A,,R,0.0,R,5.0,A,,R,5.0,A,,R,0.0,A,,A,,A,,A,,A,,A,,A,,A,,A,,A,,A,,A,,A,,A,,A,,A,,A,,A,,A,
165644,1,3,1,5,5,3,5,1,3,3,5,3,R,904,R,502,R,402,A,,R,0.0,R,533.0,R,299.0,R,234.0,A,,R,0.0,R,87.0,R,47.0,R,40.0,A,,R,0.0,R,87.0,R,47.0,R,40.0,A,,R,0.0,R,0.0,R,0.0,R,0.0,A,,R,0.0,R,15.0,R,17.0,R,2.0,R,2.0,R,438.0,R,515.0,R,585.0,R,445.0,R,520.0,R,595.0,S,,S,,S,,S,,S,,S,,S,,S,,S,
165662,1,5,1,1,1,5,5,1,3,5,1,3,R,11092,R,3084,R,8007,S,,S,,R,5267.0,R,1323.0,R,3944.0,S,,S,,R,997.0,R,310.0,R,687.0,S,,S,,R,997.0,R,310.0,R,687.0,S,,S,,A,,A,,A,,S,,S,,R,204.0,R,20.0,R,74.0,R,7.0,R,650.0,R,690.0,R,720.0,R,600.0,R,650.0,R,690.0,R,30.0,R,31.0,R,33.0,R,32.0,R,34.0,R,35.0,R,26.0,R,28.0,R,30.0
165671,1,5,1,1,1,3,5,1,3,3,1,3,R,5937,R,1442,R,4495,A,,R,0.0,R,4785.0,R,1047.0,R,3738.0,A,,R,0.0,R,537.0,R,122.0,R,415.0,A,,R,0.0,R,537.0,R,122.0,R,415.0,A,,R,0.0,A,,A,,A,,A,,A,,R,71.0,R,13.0,R,11.0,R,2.0,R,590.0,R,640.0,R,680.0,R,580.0,R,610.0,R,650.0,R,26.0,R,29.0,R,31.0,A,,A,,A,,A,,A,,A,
165699,1,5,1,3,1,5,5,1,3,5,1,3,R,5562,R,1994,R,3568,A,,R,0.0,R,4021.0,R,1387.0,R,2634.0,A,,R,0.0,R,901.0,R,288.0,R,613.0,A,,R,0.0,R,901.0,R,288.0,R,613.0,A,,R,0.0,R,0.0,R,0.0,R,0.0,A,,R,0.0,R,132.0,R,15.0,R,17.0,R,2.0,R,590.0,R,640.0,R,680.0,R,570.0,R,620.0,R,660.0,R,26.0,R,27.0,R,29.0,R,23.0,R,27.0,R,28.0,R,23.0,R,25.0,R,29.0
165802,1,3,1,3,3,3,3,1,3,3,3,3,R,3436,R,1373,R,2063,R,0.0,R,0.0,R,2431.0,R,889.0,R,1542.0,A,,R,0.0,R,205.0,R,101.0,R,104.0,A,,R,0.0,R,205.0,R,101.0,R,104.0,A,,R,0.0,R,0.0,R,0.0,R,0.0,A,,R,0.0,A,,A,,A,,A,,A,,A,,A,,A,,A,,A,,A,,A,,A,,A,,A,,A,,A,,A,,A,
165820,1,3,5,1,5,3,5,1,3,5,5,3,R,4353,R,1979,R,2374,A,,R,0.0,R,3915.0,R,1746.0,R,2169.0,A,,R,0.0,R,611.0,R,318.0,R,293.0,A,,R,0.0,R,607.0,R,315.0,R,292.0,A,,R,0.0,R,4.0,R,3.0,R,1.0,A,,R,0.0,R,115.0,R,19.0,R,6.0,R,1.0,R,520.0,R,560.0,R,620.0,R,510.0,R,550.0,R,600.0,R,19.0,R,24.0,R,25.0,R,14.0,R,16.0,R,23.0,R,16.0,R,20.0,R,24.0
165866,1,3,1,1,5,3,5,5,3,5,5,3,R,4342,R,1843,R,2497,S,,S,,R,3685.0,R,1485.0,R,2200.0,S,,S,,R,499.0,R,213.0,R,286.0,S,,S,,R,497.0,R,213.0,R,284.0,S,,S,,R,2.0,R,0.0,R,2.0,S,,S,,R,34.0,R,7.0,R,4.0,R,1.0,R,550.0,R,600.0,R,655.0,R,520.0,R,550.0,R,600.0,S,,S,,S,,S,,S,,S,,S,,S,,S,
165936,1,3,1,1,5,5,5,1,3,3,1,3,R,2579,R,1020,R,1559,A,,R,0.0,R,1516.0,R,633.0,R,883.0,A,,R,0.0,R,327.0,R,149.0,R,178.0,A,,R,0.0,R,321.0,R,144.0,R,177.0,A,,R,0.0,R,6.0,R,5.0,R,1.0,A,,R,0.0,R,60.0,R,18.0,R,21.0,R,6.0,R,598.0,R,635.0,R,690.0,R,570.0,R,615.0,R,680.0,R,26.0,R,28.0,R,32.0,R,24.0,R,30.0,R,35.0,R,22.0,R,26.0,R,29.0
166018,5,5,1,5,1,5,3,1,3,5,1,5,R,2216,R,796,R,1086,R,293.0,R,41.0,R,1559.0,R,464.0,R,796.0,R,266.0,R,33.0,R,259.0,R,88.0,R,98.0,R,65.0,R,8.0,R,259.0,R,88.0,R,98.0,R,65.0,R,8.0,A,,A,,A,,A,,A,,A,,A,,A,,A,,A,,A,,A,,A,,A,,A,,A,,A,,A,,A,,A,,A,,A,,A,,A,
166027,5,5,1,5,1,5,5,5,5,5,1,5,R,56937,R,26301,R,30636,A,,R,0.0,R,1965.0,R,914.0,R,1051.0,A,,R,0.0,R,1645.0,R,765.0,R,880.0,A,,R,0.0,R,1645.0,R,765.0,R,880.0,A,,R,0.0,A,,A,,A,,A,,A,,R,862.0,R,52.0,R,356.0,R,22.0,R,740.0,R,760.0,R,780.0,R,760.0,R,790.0,R,800.0,R,34.0,R,35.0,R,36.0,R,35.0,R,35.0,R,36.0,R,33.0,R,35.0,R,36.0
166054,1,5,5,5,1,1,3,1,3,5,1,5,R,21,R,14,R,7,A,,R,0.0,R,19.0,R,14.0,R,5.0,A,,R,0.0,R,14.0,R,10.0,R,4.0,A,,R,0.0,R,14.0,R,10.0,R,4.0,A,,R,0.0,A,,A,,A,,A,,A,,A,,A,,A,,A,,A,,A,,A,,A,,A,,A,,A,,A,,A,,A,,A,,A,,A,,A,,A,
166124,5,5,1,5,1,5,5,1,5,5,1,5,R,8670,R,4037,R,4633,S,,S,,R,1829.0,R,835.0,R,994.0,S,,S,,R,823.0,R,385.0,R,438.0,S,,S,,R,823.0,R,385.0,R,438.0,S,,S,,A,,A,,A,,S,,S,,R,288.0,R,35.0,R,155.0,R,19.0,R,630.0,R,680.0,R,720.0,R,620.0,R,660.0,R,700.0,R,28.0,R,30.0,R,32.0,R,26.0,R,31.0,R,34.0,R,25.0,R,28.0,R,30.0
166391,1,5,1,5,1,3,5,1,3,5,1,5,R,3060,R,1114,R,1946,A,,R,0.0,R,2517.0,R,850.0,R,1667.0,A,,R,0.0,R,314.0,R,113.0,R,201.0,A,,R,0.0,R,312.0,R,112.0,R,200.0,A,,R,0.0,R,2.0,R,1.0,R,1.0,A,,R,0.0,R,25.0,R,8.0,R,11.0,R,4.0,R,550.0,R,600.0,R,650.0,R,535.0,R,590.0,R,610.0,R,18.0,R,21.0,R,26.0,R,17.0,R,20.0,R,27.0,R,17.0,R,22.0,R,24.0
166407,5,3,1,3,1,3,3,1,3,1,1,3,R,0,R,0,R,0,R,0.0,R,0.0,A,,A,,A,,A,,R,0.0,A,,A,,A,,A,,R,0.0,A,,A,,A,,A,,R,0.0,A,,A,,A,,A,,R,0.0,A,,A,,A,,A,,A,,A,,A,,A,,A,,A,,A,,A,,A,,A,,A,,A,,A,,A,,A,
166452,1,5,1,1,1,5,3,1,3,5,1,3,R,2509,R,621,R,1888,A,,R,0.0,R,2369.0,R,572.0,R,1797.0,A,,R,0.0,R,189.0,R,61.0,R,128.0,A,,R,0.0,R,189.0,R,61.0,R,128.0,A,,R,0.0,R,0.0,R,0.0,R,0.0,A,,R,0.0,A,,A,,A,,A,,A,,A,,A,,A,,A,,A,,A,,A,,A,,A,,A,,A,,A,,A,,A,
166489,1,3,1,3,1,1,3,1,3,3,1,3,R,109,R,53,R,55,S,,S,,R,92.0,R,49.0,R,42.0,S,,S,,R,12.0,R,5.0,R,7.0,S,,S,,R,12.0,R,5.0,R,7.0,S,,S,,A,,A,,A,,S,,S,,A,,A,,A,,A,,A,,A,,A,,A,,A,,A,,A,,A,,A,,A,,A,,A,,A,,A,,A,
166513,1,3,1,1,1,3,5,1,3,3,1,3,R,12628,R,6683,R,5944,A,,R,1.0,R,10764.0,R,5707.0,R,5056.0,A,,R,1.0,R,2083.0,R,1267.0,R,816.0,A,,R,0.0,R,2033.0,R,1242.0,R,791.0,A,,R,0.0,R,50.0,R,25.0,R,25.0,A,,R,0.0,R,625.0,R,30.0,R,52.0,R,3.0,R,590.0,R,630.0,R,670.0,R,590.0,R,620.0,R,680.0,R,26.0,R,27.0,R,30.0,R,24.0,R,27.0,R,30.0,R,25.0,R,27.0,R,30.0
166629,1,5,1,1,1,1,5,1,3,5,1,3,R,50424,R,24227,R,26196,R,0.0,R,1.0,R,29129.0,R,11725.0,R,17404.0,A,,R,0.0,R,5286.0,R,2447.0,R,2839.0,A,,R,0.0,R,5247.0,R,2438.0,R,2809.0,A,,R,0.0,R,39.0,R,9.0,R,30.0,A,,R,0.0,R,1429.0,R,27.0,R,207.0,R,4.0,R,650.0,R,690.0,R,720.0,R,650.0,R,700.0,R,760.0,R,29.0,R,31.0,R,33.0,R,29.0,R,32.0,R,35.0,R,27.0,R,29.0,R,31.0
166638,1,3,1,1,1,3,5,1,3,5,1,5,R,20918,R,7728,R,13190,R,0.0,R,0.0,R,17353.0,R,6208.0,R,11145.0,A,,R,0.0,R,2463.0,R,1103.0,R,1360.0,A,,R,0.0,R,2406.0,R,1068.0,R,1338.0,A,,R,0.0,R,57.0,R,35.0,R,22.0,A,,R,0.0,R,695.0,R,28.0,R,54.0,R,2.0,R,540.0,R,590.0,R,650.0,R,540.0,R,590.0,R,640.0,R,24.0,R,27.0,R,30.0,R,24.0,R,28.0,R,31.0,R,22.0,R,26.0,R,28.0
166656,1,3,1,1,1,3,5,1,3,5,1,5,R,6010,R,1266,R,4729,A,,R,15.0,R,5121.0,R,1014.0,R,4097.0,A,,R,10.0,R,670.0,R,156.0,R,512.0,A,,R,2.0,R,669.0,R,156.0,R,511.0,A,,R,2.0,R,1.0,R,0.0,R,1.0,A,,R,0.0,R,56.0,R,8.0,R,8.0,R,1.0,R,540.0,R,595.0,R,640.0,R,540.0,R,610.0,R,700.0,R,23.0,R,27.0,R,33.0,R,22.0,R,28.0,R,31.0,R,23.0,R,28.0,R,33.0
166674,1,3,1,1,1,1,3,1,3,3,1,3,R,3027,R,670,R,2357,A,,R,0.0,R,2345.0,R,438.0,R,1907.0,A,,R,0.0,R,432.0,R,101.0,R,331.0,A,,R,0.0,R,431.0,R,101.0,R,330.0,A,,R,0.0,R,1.0,R,0.0,R,1.0,A,,R,0.0,A,,A,,A,,A,,A,,A,,A,,A,,A,,A,,A,,A,,A,,A,,A,,A,,A,,A,,A,
166683,5,5,1,5,1,3,1,5,3,5,1,3,R,26904,R,16568,R,8939,R,660.0,R,737.0,R,1274.0,R,601.0,R,630.0,R,22.0,R,21.0,R,1091.0,R,551.0,R,540.0,R,0.0,R,0.0,R,1091.0,R,551.0,R,540.0,A,,R,0.0,A,,A,,A,,A,,A,,R,903.0,R,83.0,R,334.0,R,31.0,R,730.0,R,760.0,R,780.0,R,780.0,R,790.0,R,800.0,R,34.0,R,35.0,R,36.0,R,34.0,R,35.0,R,36.0,R,34.0,R,35.0,R,36.0
166692,1,3,1,1,1,3,3,1,3,5,1,5,R,1120,R,938,R,176,R,0.0,R,6.0,R,1059.0,R,888.0,R,167.0,A,,R,4.0,R,399.0,R,336.0,R,63.0,A,,R,0.0,R,399.0,R,336.0,R,63.0,A,,R,0.0,A,,A,,A,,A,,A,,A,,A,,A,,A,,A,,A,,A,,A,,A,,A,,A,,A,,A,,A,,A,,A,,A,,A,,A,
166850,1,3,1,1,1,3,3,1,3,5,1,3,R,13693,R,5913,R,7704,R,76.0,R,0.0,R,10079.0,R,4381.0,R,5692.0,R,6.0,R,0.0,R,1071.0,R,539.0,R,532.0,R,0.0,R,0.0,R,1071.0,R,539.0,R,532.0,A,,R,0.0,R,0.0,R,0.0,R,0.0,A,,R,0.0,A,,A,,A,,A,,A,,A,,A,,A,,A,,A,,A,,A,,A,,A,,A,,A,,A,,A,,A,
166939,5,5,1,1,1,5,5,1,3,5,1,5,R,5030,Z,0,R,5030,A,,R,0.0,R,1926.0,A,,R,1926.0,A,,R,0.0,R,587.0,A,,R,587.0,A,,R,0.0,R,587.0,A,,R,587.0,A,,R,0.0,A,,A,,A,,A,,A,,R,114.0,R,20.0,R,14.0,R,2.0,R,690.0,R,720.0,R,750.0,R,660.0,R,700.0,R,750.0,R,31.0,R,32.0,R,33.0,R,31.0,R,35.0,R,35.0,R,27.0,R,29.0,R,31.0
167057,1,3,1,3,1,1,3,1,3,3,1,3,R,959,R,427,R,400,R,132.0,R,0.0,R,410.0,R,206.0,R,147.0,R,57.0,R,0.0,R,105.0,R,52.0,R,39.0,R,14.0,R,0.0,R,105.0,R,52.0,R,39.0,R,14.0,R,0.0,R,0.0,R,0.0,R,0.0,R,0.0,R,0.0,A,,A,,A,,A,,A,,A,,A,,A,,A,,A,,A,,A,,A,,A,,A,,A,,A,,A,,A,
167260,1,5,1,1,1,5,5,1,3,5,1,5,R,2117,R,1365,R,752,A,,R,0.0,R,1866.0,R,1193.0,R,673.0,A,,R,0.0,R,333.0,R,226.0,R,107.0,A,,R,0.0,R,333.0,R,226.0,R,107.0,A,,R,0.0,A,,A,,A,,A,,A,,R,53.0,R,18.0,R,4.0,R,1.0,R,490.0,R,560.0,R,610.0,R,510.0,R,550.0,R,580.0,S,,S,,S,,S,,S,,S,,S,,S,,S,
167288,1,3,1,1,1,3,3,3,3,3,1,3,R,1543,R,497,R,1044,R,0.0,R,2.0,R,1425.0,R,449.0,R,975.0,A,,R,1.0,R,191.0,R,83.0,R,108.0,A,,R,0.0,R,189.0,R,82.0,R,107.0,A,,R,0.0,R,2.0,R,1.0,R,1.0,A,,R,0.0,A,,A,,A,,A,,A,,A,,A,,A,,A,,A,,A,,A,,A,,A,,A,,A,,A,,A,,A,
167358,1,5,1,5,1,5,5,1,3,5,1,5,R,96631,R,41706,R,54914,A,,R,11.0,R,5459.0,R,2203.0,R,3251.0,A,,R,5.0,R,2744.0,R,1107.0,R,1637.0,A,,R,0.0,R,2744.0,R,1107.0,R,1637.0,A,,R,0.0,A,,A,,A,,A,,A,,R,754.0,R,27.0,R,227.0,R,8.0,R,710.0,R,730.0,R,760.0,R,750.0,R,770.0,R,790.0,R,33.0,R,34.0,R,35.0,R,33.0,R,35.0,R,35.0,R,31.0,R,33.0,R,35.0
167394,1,3,1,5,5,3,5,1,3,5,5,3,R,1442,R,363,R,734,A,,R,345.0,R,1264.0,R,328.0,R,699.0,A,,R,237.0,R,196.0,R,78.0,R,118.0,A,,R,0.0,R,196.0,R,78.0,R,118.0,A,,R,0.0,Z,0.0,Z,0.0,Z,0.0,A,,R,0.0,R,7.0,R,4.0,R,0.0,R,0.0,R,590.0,R,620.0,R,670.0,R,560.0,R,620.0,R,650.0,A,,A,,A,,A,,A,,A,,A,,A,,A,
167598,1,5,1,1,1,3,3,1,3,5,1,3,R,2490,R,542,R,1948,R,0.0,R,0.0,R,2223.0,R,449.0,R,1774.0,A,,R,0.0,R,213.0,R,42.0,R,171.0,A,,R,0.0,R,213.0,R,42.0,R,171.0,A,,R,0.0,R,0.0,R,0.0,R,0.0,A,,R,0.0,A,,A,,A,,A,,A,,A,,A,,A,,A,,A,,A,,A,,A,,A,,A,,A,,A,,A,,A,
167729,1,3,1,1,3,5,5,1,3,5,3,3,R,4852,R,1530,R,3322,R,0.0,R,0.0,R,4637.0,R,1450.0,R,3187.0,A,,R,0.0,R,810.0,R,313.0,R,497.0,A,,R,0.0,R,793.0,R,305.0,R,488.0,A,,R,0.0,R,17.0,R,8.0,R,9.0,A,,R,0.0,R,45.0,R,6.0,A,,A,,R,510.0,R,560.0,R,590.0,R,480.0,R,530.0,R,570.0,A,,A,,A,,A,,A,,A,,A,,A,,A,
167783,1,5,1,1,1,3,5,1,3,3,1,5,R,4871,R,0,R,4817,S,,S,,R,3215.0,A,,R,3189.0,S,,S,,R,363.0,A,,R,357.0,S,,S,,R,363.0,A,,R,357.0,S,,S,,A,,A,,A,,S,,S,,R,69.0,R,19.0,R,9.0,R,2.0,R,640.0,R,680.0,R,710.0,R,590.0,R,650.0,R,680.0,R,26.0,R,29.0,R,31.0,R,28.0,R,31.0,R,34.0,R,26.0,R,26.0,R,27.0
167792,5,5,1,5,1,5,3,1,5,5,1,5,R,179,R,67,R,112,R,0.0,R,0.0,R,174.0,R,64.0,R,110.0,A,,R,0.0,R,102.0,R,37.0,R,65.0,A,,R,0.0,R,102.0,R,37.0,R,65.0,A,,R,0.0,A,,A,,A,,A,,A,,A,,A,,A,,A,,A,,A,,A,,A,,A,,A,,A,,A,,A,,A,,A,,A,,A,,A,,A,
167835,5,5,1,5,1,3,5,1,3,5,1,5,R,9869,R,0,R,9869,A,,R,0.0,R,1947.0,A,,R,1947.0,A,,R,0.0,R,649.0,A,,R,649.0,A,,R,0.0,R,649.0,A,,R,649.0,A,,R,0.0,A,,A,,A,,A,,A,,R,212.0,R,33.0,R,100.0,R,15.0,R,718.0,R,750.0,R,770.0,R,690.0,R,730.0,R,770.0,R,32.0,R,33.0,R,34.0,R,34.0,R,35.0,R,35.0,R,28.0,R,30.0,R,33.0
167871,5,3,3,3,1,1,3,3,1,5,1,3,R,181,R,58,R,123,Z,0.0,R,0.0,R,89.0,R,37.0,R,52.0,A,,R,0.0,R,76.0,R,30.0,R,46.0,A,,R,0.0,R,34.0,R,4.0,R,30.0,A,,R,0.0,R,42.0,R,26.0,R,16.0,A,,R,0.0,A,,A,,A,,A,,A,,A,,A,,A,,A,,A,,A,,A,,A,,A,,A,,A,,A,,A,,A,
167899,1,5,1,1,1,5,5,1,5,5,1,5,R,3614,R,2001,R,1613,A,,R,0.0,R,2538.0,R,1390.0,R,1148.0,A,,R,0.0,R,476.0,R,272.0,R,204.0,A,,R,0.0,R,476.0,R,272.0,R,204.0,A,,R,0.0,A,,A,,A,,A,,A,,R,22.0,R,5.0,R,0.0,R,0.0,R,530.0,R,550.0,R,650.0,R,540.0,R,570.0,R,610.0,A,,A,,A,,A,,A,,A,,A,,A,,A,
167987,1,5,1,1,1,1,5,1,5,5,5,3,R,9794,R,4216,R,5578,S,,S,,R,9026.0,R,3811.0,R,5215.0,S,,S,,R,1376.0,R,652.0,R,724.0,S,,S,,R,1362.0,R,647.0,R,715.0,S,,S,,R,14.0,R,5.0,R,9.0,S,,S,,R,179.0,R,13.0,R,11.0,R,1.0,R,520.0,R,580.0,R,640.0,R,520.0,R,570.0,R,620.0,R,22.0,R,24.0,R,27.0,R,27.0,R,28.0,R,29.0,R,19.0,R,22.0,R,26.0
167996,1,5,1,1,1,3,3,1,3,5,5,5,R,7915,R,3612,R,4303,A,,R,0.0,R,5743.0,R,2454.0,R,3289.0,A,,R,0.0,R,647.0,R,298.0,R,349.0,A,,R,0.0,R,636.0,R,290.0,R,346.0,A,,R,0.0,R,11.0,R,8.0,R,3.0,A,,R,0.0,A,,A,,A,,A,,A,,A,,A,,A,,A,,A,,A,,A,,A,,A,,A,,A,,A,,A,,A,
168005,5,5,1,1,1,3,5,5,3,3,1,3,R,10101,R,3550,R,6551,R,0.0,R,0.0,R,8560.0,R,2916.0,R,5644.0,A,,R,0.0,R,1214.0,R,388.0,R,826.0,A,,R,0.0,R,1209.0,R,385.0,R,824.0,A,,R,0.0,R,5.0,R,3.0,R,2.0,A,,R,0.0,R,188.0,R,15.0,R,26.0,R,2.0,R,560.0,R,620.0,R,660.0,R,530.0,R,570.0,R,620.0,R,24.0,R,26.0,R,32.0,A,,A,,A,,A,,A,,A,
168148,5,5,1,1,1,5,5,1,3,5,1,5,R,34003,R,13888,R,18598,R,1357.0,R,160.0,R,3444.0,R,1416.0,R,1905.0,R,123.0,R,0.0,R,1739.0,R,718.0,R,959.0,R,62.0,R,0.0,R,1739.0,R,718.0,R,959.0,R,62.0,R,0.0,R,0.0,R,0.0,R,0.0,R,0.0,R,0.0,R,621.0,R,36.0,R,308.0,R,18.0,R,710.0,R,740.0,R,760.0,R,750.0,R,770.0,R,790.0,R,33.0,R,34.0,R,35.0,A,,A,,A,,A,,A,,A,
168218,5,5,1,5,1,5,5,5,3,5,1,5,R,8184,R,0,R,8184,A,,R,0.0,R,1138.0,A,,R,1138.0,A,,R,0.0,R,573.0,A,,R,573.0,A,,R,0.0,R,573.0,A,,R,573.0,A,,R,0.0,A,,A,,A,,A,,A,,R,243.0,R,42.0,R,96.0,R,17.0,R,720.0,R,750.0,R,770.0,R,720.0,R,760.0,R,780.0,R,33.0,R,34.0,R,35.0,R,34.0,R,35.0,R,35.0,R,29.0,R,32.0,R,34.0
168227,1,3,1,1,1,5,5,3,3,5,1,5,R,6453,R,4334,R,2112,R,7.0,R,0.0,R,5509.0,R,3652.0,R,1852.0,R,5.0,R,0.0,R,980.0,R,687.0,R,293.0,R,0.0,R,0.0,R,979.0,R,687.0,R,292.0,A,,R,0.0,R,1.0,R,0.0,R,1.0,A,,R,0.0,R,321.0,R,33.0,R,30.0,R,3.0,R,570.0,R,610.0,R,660.0,R,570.0,R,610.0,R,660.0,R,25.0,R,27.0,R,31.0,R,25.0,R,27.0,R,32.0,R,26.0,R,28.0,R,32.0
168254,1,5,1,5,5,3,5,1,3,3,5,3,R,6534,R,3416,R,3118,R,0.0,R,0.0,R,5440.0,R,2834.0,R,2606.0,A,,R,0.0,R,731.0,R,400.0,R,331.0,A,,R,0.0,R,730.0,R,400.0,R,330.0,A,,R,0.0,R,1.0,R,0.0,R,1.0,A,,R,0.0,R,138.0,R,19.0,R,8.0,R,1.0,R,570.0,R,620.0,R,650.0,R,560.0,R,610.0,R,660.0,R,25.0,R,26.0,R,27.0,R,22.0,R,24.0,R,25.0,R,19.0,R,25.0,R,26.0
168263,1,3,1,1,3,1,5,1,5,3,3,3,R,6273,R,2606,R,3535,R,132.0,R,0.0,R,5065.0,R,2011.0,R,2956.0,R,98.0,R,0.0,R,712.0,R,353.0,R,341.0,R,18.0,R,0.0,R,705.0,R,350.0,R,337.0,R,18.0,R,0.0,R,7.0,R,3.0,R,4.0,R,0.0,R,0.0,R,0.0,R,0.0,R,0.0,R,0.0,A,,A,,A,,A,,A,,A,,A,,A,,A,,A,,A,,A,,A,,A,,A,
168281,1,5,1,1,1,5,5,1,3,5,1,3,R,4702,R,1604,R,3067,A,,R,31.0,R,3354.0,R,1053.0,R,2295.0,A,,R,6.0,R,522.0,R,168.0,R,354.0,A,,R,0.0,R,522.0,R,168.0,R,354.0,A,,R,0.0,A,,A,,A,,A,,A,,R,110.0,R,21.0,R,14.0,R,3.0,R,620.0,R,670.0,R,720.0,R,590.0,R,640.0,R,700.0,R,29.0,R,31.0,R,33.0,R,32.0,R,34.0,R,35.0,R,25.0,R,27.0,R,30.0
168342,5,5,1,1,1,5,5,5,5,5,1,5,R,11465,R,5195,R,5828,R,442.0,R,0.0,R,1145.0,R,519.0,R,587.0,R,39.0,R,0.0,R,541.0,R,253.0,R,277.0,R,11.0,R,0.0,R,541.0,R,253.0,R,277.0,R,11.0,R,0.0,A,,A,,A,,A,,A,,R,229.0,R,42.0,R,97.0,R,18.0,R,730.0,R,760.0,R,770.0,R,740.0,R,770.0,R,790.0,R,33.0,R,34.0,R,35.0,R,34.0,R,35.0,R,35.0,R,31.0,R,33.0,R,35.0
168421,5,5,1,1,1,3,3,1,3,5,1,5,R,11809,R,8344,R,3464,A,,R,1.0,R,6908.0,R,4502.0,R,2405.0,A,,R,1.0,R,1360.0,R,958.0,R,402.0,A,,R,0.0,R,1357.0,R,955.0,R,402.0,A,,R,0.0,R,3.0,R,3.0,Z,0.0,A,,R,0.0,A,,A,,A,,A,,A,,A,,A,,A,,A,,A,,A,,A,,A,,A,,A,,A,,A,,A,,A,
168430,1,3,1,1,5,3,5,1,3,5,5,3,R,4745,R,1826,R,2919,S,,S,,R,4264.0,R,1632.0,R,2632.0,S,,S,,R,909.0,R,376.0,R,533.0,S,,S,,R,901.0,R,373.0,R,528.0,S,,S,,R,8.0,R,3.0,R,5.0,S,,S,,R,80.0,R,9.0,R,0.0,R,0.0,R,505.0,R,570.0,R,635.0,R,503.0,R,575.0,R,645.0,A,,A,,A,,A,,A,,A,,A,,A,,A,
168528,1,5,1,3,3,3,5,5,3,3,3,3,R,3054,R,1854,R,1196,S,,S,,R,2088.0,R,1186.0,R,901.0,S,,S,,R,484.0,R,294.0,R,190.0,S,,S,,R,484.0,R,294.0,R,190.0,S,,S,,R,0.0,R,0.0,R,0.0,S,,S,,R,115.0,R,24.0,R,29.0,R,6.0,R,455.0,R,500.0,R,570.0,R,425.0,R,500.0,R,550.0,R,18.0,R,23.0,R,26.0,R,17.0,R,20.0,R,23.0,R,16.0,R,23.0,R,25.0
168546,1,5,5,5,5,3,3,5,3,3,5,3,R,5438,R,2247,R,3191,R,0.0,R,0.0,R,4522.0,R,1830.0,R,2692.0,A,,R,0.0,R,363.0,R,171.0,R,192.0,A,,R,0.0,R,363.0,R,171.0,R,192.0,A,,R,0.0,A,,A,,A,,A,,A,,A,,A,,A,,A,,A,,A,,A,,A,,A,,A,,A,,A,,A,,A,,A,,A,,A,,A,,A,
168591,1,3,1,3,5,3,3,1,3,3,3,5,R,3975,R,1877,R,2098,S,,S,,R,2610.0,R,1095.0,R,1515.0,S,,S,,R,346.0,R,164.0,R,182.0,S,,S,,R,346.0,R,164.0,R,182.0,S,,S,,R,0.0,R,0.0,R,0.0,S,,S,,A,,A,,A,,A,,A,,A,,A,,A,,A,,A,,A,,A,,A,,A,,A,,A,,A,,A,,A,
168740,1,5,1,5,1,5,5,1,3,3,5,5,R,1286,R,576,R,710,R,0.0,R,0.0,R,1124.0,R,478.0,R,646.0,A,,R,0.0,R,272.0,R,125.0,R,147.0,A,,R,0.0,R,255.0,R,116.0,R,139.0,A,,R,0.0,R,17.0,R,9.0,R,8.0,A,,R,0.0,R,107.0,R,39.0,R,90.0,R,33.0,R,540.0,R,610.0,R,690.0,R,530.0,R,590.0,R,680.0,R,20.0,R,23.0,R,28.0,R,19.0,R,24.0,R,30.0,R,19.0,R,22.0,R,26.0
168786,1,3,1,3,3,3,5,1,3,3,1,3,R,2291,R,989,R,1300,A,,R,2.0,R,1628.0,R,636.0,R,992.0,A,,R,0.0,R,296.0,R,140.0,R,156.0,A,,R,0.0,R,295.0,R,140.0,R,155.0,A,,R,0.0,R,1.0,R,0.0,R,1.0,A,,R,0.0,R,141.0,R,48.0,R,15.0,R,5.0,R,490.0,R,550.0,R,620.0,R,500.0,R,530.0,R,590.0,R,20.0,R,23.0,R,25.0,R,17.0,R,22.0,R,24.0,R,18.0,R,22.0,R,25.0
168847,1,3,1,5,5,3,5,1,3,5,3,3,R,864,R,200,R,664,A,,R,0.0,R,756.0,R,166.0,R,590.0,A,,R,0.0,R,356.0,R,73.0,R,283.0,A,,R,0.0,R,241.0,R,52.0,R,189.0,A,,R,0.0,R,115.0,R,21.0,R,94.0,A,,R,0.0,R,108.0,R,30.0,R,3.0,R,1.0,R,490.0,R,550.0,R,590.0,R,470.0,R,530.0,R,580.0,S,,S,,S,,S,,S,,S,,S,,S,,S,
169080,1,5,1,1,5,3,5,1,3,3,1,3,R,4719,R,2260,R,2459,A,,R,0.0,R,3365.0,R,1525.0,R,1840.0,A,,R,0.0,R,725.0,R,364.0,R,361.0,A,,R,0.0,R,725.0,R,364.0,R,361.0,A,,R,0.0,R,0.0,R,0.0,R,0.0,A,,R,0.0,R,323.0,R,45.0,R,99.0,R,14.0,R,530.0,R,600.0,R,670.0,R,540.0,R,600.0,R,670.0,R,22.0,R,25.0,R,30.0,R,21.0,R,25.0,R,30.0,R,20.0,R,25.0,R,28.0
169248,1,5,1,1,3,3,5,1,3,3,5,3,R,18102,R,7012,R,11084,S,,S,,R,16474.0,R,6261.0,R,10207.0,S,,S,,R,2044.0,R,812.0,R,1232.0,S,,S,,R,2013.0,R,799.0,R,1214.0,S,,S,,R,31.0,R,13.0,R,18.0,S,,S,,R,1227.0,R,60.0,R,123.0,R,6.0,R,490.0,R,550.0,R,620.0,R,470.0,R,540.0,R,590.0,R,21.0,R,24.0,R,27.0,R,20.0,R,24.0,R,28.0,R,19.0,R,23.0,R,27.0
169327,1,3,1,5,3,3,3,1,3,5,3,3,R,593,R,338,R,231,S,,S,,R,295.0,R,168.0,R,122.0,S,,S,,R,91.0,R,59.0,R,32.0,S,,S,,R,85.0,R,56.0,R,29.0,S,,S,,R,6.0,R,3.0,R,3.0,S,,S,,A,,A,,A,,A,,A,,A,,A,,A,,A,,A,,A,,A,,A,,A,,A,,A,,A,,A,,A,
169363,1,5,1,5,5,3,5,1,3,5,5,5,R,2465,R,1451,R,1014,A,,R,0.0,R,1777.0,R,1014.0,R,763.0,A,,R,0.0,R,298.0,R,169.0,R,129.0,A,,R,0.0,R,289.0,R,165.0,R,124.0,A,,R,0.0,R,9.0,R,4.0,R,5.0,A,,R,0.0,R,0.0,R,0.0,R,7.0,R,2.0,A,,A,,A,,A,,A,,A,,R,19.0,R,26.0,R,29.0,R,15.0,R,28.0,R,30.0,R,18.0,R,22.0,R,26.0
169442,1,3,1,3,3,1,3,1,3,3,3,3,R,1132,R,285,R,847,A,,R,0.0,R,1050.0,R,247.0,R,803.0,A,,R,0.0,R,262.0,R,64.0,R,198.0,A,,R,0.0,R,258.0,R,63.0,R,195.0,A,,R,0.0,R,4.0,R,1.0,R,3.0,A,,R,0.0,A,,A,,A,,A,,A,,A,,A,,A,,A,,A,,A,,A,,A,,A,,A,,A,,A,,A,,A,
169479,1,3,1,3,3,3,3,1,3,3,3,3,R,3869,R,1655,R,2214,Z,0.0,R,0.0,R,3755.0,R,1603.0,R,2152.0,A,,R,0.0,R,587.0,R,287.0,R,300.0,A,,R,0.0,R,485.0,R,250.0,R,235.0,A,,R,0.0,R,102.0,R,37.0,R,65.0,A,,R,0.0,A,,A,,A,,A,,A,,A,,A,,A,,A,,A,,A,,A,,A,,A,,A,,A,,A,,A,,A,
169576,3,3,3,3,1,5,3,3,1,5,3,3,R,16,R,0,R,16,A,,R,0.0,R,8.0,A,,R,8.0,A,,R,0.0,R,4.0,A,,R,4.0,A,,R,0.0,R,4.0,A,,R,4.0,A,,R,0.0,A,,A,,A,,A,,A,,A,,A,,A,,A,,A,,A,,A,,A,,A,,A,,A,,A,,A,,A,,A,,A,,A,,A,,A,
169655,5,3,1,5,1,5,3,5,3,3,1,3,R,1396,R,1286,R,110,S,,S,,R,1391.0,R,1281.0,R,110.0,S,,S,,R,722.0,R,677.0,R,45.0,S,,S,,R,722.0,R,677.0,R,45.0,S,,S,,A,,A,,A,,S,,S,,A,,A,,A,,A,,A,,A,,A,,A,,A,,A,,A,,A,,A,,A,,A,,A,,A,,A,,A,
169716,1,5,1,1,5,5,5,1,5,5,1,5,R,5750,R,2129,R,3611,R,10.0,R,0.0,R,4608.0,R,1639.0,R,2963.0,R,6.0,R,0.0,R,552.0,R,217.0,R,335.0,R,0.0,R,0.0,R,527.0,R,205.0,R,322.0,A,,R,0.0,R,25.0,R,12.0,R,13.0,A,,R,0.0,R,275.0,R,50.0,R,53.0,R,10.0,R,510.0,R,560.0,R,630.0,R,510.0,R,560.0,R,630.0,R,22.0,R,25.0,R,28.0,R,21.0,R,23.0,R,30.0,R,20.0,R,25.0,R,27.0
169798,1,3,1,5,3,3,5,1,3,3,3,3,R,20351,R,8114,R,12237,A,,R,0.0,R,16555.0,R,6361.0,R,10194.0,A,,R,0.0,R,1898.0,R,757.0,R,1141.0,A,,R,0.0,R,1853.0,R,729.0,R,1124.0,A,,R,0.0,R,45.0,R,28.0,R,17.0,A,,R,0.0,R,1350.0,R,71.0,R,119.0,R,6.0,R,470.0,R,530.0,R,600.0,R,440.0,R,510.0,R,570.0,R,18.0,R,22.0,R,26.0,R,18.0,R,22.0,R,26.0,R,17.0,R,21.0,R,26.0
169910,1,5,1,5,5,1,5,5,5,5,5,3,R,9548,R,3604,R,5944,A,,R,0.0,R,7694.0,R,2867.0,R,4827.0,A,,R,0.0,R,1595.0,R,728.0,R,867.0,A,,R,0.0,R,1568.0,R,708.0,R,860.0,A,,R,0.0,R,27.0,R,20.0,R,7.0,A,,R,0.0,R,1059.0,R,66.0,R,18.0,R,1.0,R,450.0,R,500.0,R,570.0,R,440.0,R,500.0,R,550.0,R,18.0,R,20.0,R,26.0,R,16.0,R,19.0,R,25.0,R,16.0,R,19.0,R,25.0
169983,1,5,1,5,5,5,5,1,3,5,5,5,R,1951,R,1354,R,597,A,,R,0.0,R,1543.0,R,1096.0,R,447.0,A,,R,0.0,R,228.0,R,178.0,R,50.0,A,,R,0.0,R,228.0,R,178.0,R,50.0,A,,R,0.0,R,0.0,R,0.0,R,0.0,A,,R,0.0,R,121.0,R,53.0,R,16.0,R,7.0,R,520.0,R,590.0,R,640.0,R,540.0,R,620.0,R,670.0,R,26.0,R,27.0,R,29.0,R,24.0,R,25.0,R,29.0,R,23.0,R,27.0,R,28.0
170000,5,5,1,3,5,3,3,1,3,3,3,3,R,288,R,143,R,145,A,,R,0.0,R,286.0,R,141.0,R,145.0,A,,R,0.0,R,89.0,R,53.0,R,36.0,A,,R,0.0,R,69.0,R,44.0,R,25.0,A,,R,0.0,R,20.0,R,9.0,R,11.0,A,,R,0.0,A,,A,,A,,A,,A,,A,,A,,A,,A,,A,,A,,A,,A,,A,,A,,A,,A,,A,,A,
170037,1,3,1,3,5,3,3,1,3,3,1,3,R,2011,R,893,R,1118,A,,R,0.0,R,1472.0,R,598.0,R,874.0,A,,R,0.0,R,305.0,R,128.0,R,177.0,A,,R,0.0,R,267.0,R,118.0,R,149.0,A,,R,0.0,R,38.0,R,10.0,R,28.0,A,,R,0.0,A,,A,,A,,A,,A,,A,,A,,A,,A,,A,,A,,A,,A,,A,,A,,A,,A,,A,,A,
170082,1,5,1,1,3,3,5,1,3,5,5,5,R,24297,R,9078,R,15193,R,26.0,R,0.0,R,23008.0,R,8495.0,R,14490.0,R,23.0,R,0.0,R,4836.0,R,1793.0,R,3037.0,R,6.0,R,0.0,R,4805.0,R,1783.0,R,3016.0,R,6.0,R,0.0,R,31.0,R,10.0,R,21.0,R,0.0,R,0.0,R,2841.0,R,59.0,R,235.0,R,5.0,R,480.0,R,540.0,R,600.0,R,460.0,R,530.0,R,590.0,R,21.0,R,24.0,R,28.0,R,20.0,R,24.0,R,28.0,R,18.0,R,24.0,R,27.0
170286,1,3,1,5,1,3,5,5,5,5,1,3,R,2773,R,1374,R,1399,A,,R,0.0,R,571.0,R,268.0,R,303.0,A,,R,0.0,R,353.0,R,173.0,R,180.0,A,,R,0.0,R,350.0,R,171.0,R,179.0,A,,R,0.0,R,3.0,R,2.0,R,1.0,A,,R,0.0,R,78.0,R,22.0,R,101.0,R,29.0,R,670.0,R,725.0,R,760.0,R,670.0,R,700.0,R,750.0,R,30.0,R,32.0,R,33.0,R,31.0,R,34.0,R,35.0,R,27.0,R,29.0,R,31.0
170301,1,3,1,1,3,3,5,1,3,3,1,3,R,5206,R,2152,R,3054,R,0.0,R,0.0,R,3949.0,R,1500.0,R,2449.0,A,,R,0.0,R,834.0,R,330.0,R,504.0,A,,R,0.0,R,834.0,R,330.0,R,504.0,A,,R,0.0,A,,A,,A,,A,,A,,R,354.0,R,43.0,R,115.0,R,14.0,R,550.0,R,610.0,R,660.0,R,540.0,R,590.0,R,650.0,R,26.0,R,29.0,R,31.0,R,25.0,R,29.0,R,31.0,R,24.0,R,27.0,R,29.0
170532,1,3,1,1,1,5,5,1,3,5,1,3,R,3656,R,1657,R,1999,S,,S,,R,2787.0,R,1194.0,R,1593.0,S,,S,,R,370.0,R,161.0,R,209.0,S,,S,,R,370.0,R,161.0,R,209.0,S,,S,,R,0.0,R,0.0,R,0.0,S,,S,,R,122.0,R,33.0,R,2.0,R,1.0,R,610.0,R,650.0,R,700.0,R,578.0,R,620.0,R,673.0,S,,S,,S,,S,,S,,S,,S,,S,,S,
170639,1,1,5,5,3,3,3,5,3,3,3,3,R,2473,R,1029,R,1385,S,,S,,R,1682.0,R,628.0,R,1013.0,S,,S,,R,255.0,R,119.0,R,132.0,S,,S,,R,244.0,R,118.0,R,122.0,S,,S,,R,11.0,R,1.0,R,10.0,S,,S,,A,,A,,A,,A,,A,,A,,A,,A,,A,,A,,A,,A,,A,,A,,A,,A,,A,,A,,A,
170675,1,3,1,5,3,5,3,1,3,3,5,3,R,2121,R,1420,R,701,S,,S,,R,1702.0,R,1141.0,R,561.0,S,,S,,R,312.0,R,205.0,R,107.0,S,,S,,R,305.0,R,199.0,R,106.0,S,,S,,R,7.0,R,6.0,R,1.0,S,,S,,A,,A,,A,,A,,A,,A,,A,,A,,A,,A,,A,,A,,A,,A,,A,,A,,A,,A,,A,
170806,1,5,3,5,5,1,5,1,3,3,5,3,R,1655,R,615,R,1037,A,,R,3.0,R,1538.0,R,558.0,R,978.0,A,,R,2.0,R,265.0,R,114.0,R,151.0,A,,R,0.0,R,260.0,R,112.0,R,148.0,A,,R,0.0,R,5.0,R,2.0,R,3.0,A,,R,0.0,R,82.0,R,31.0,R,0.0,R,0.0,R,460.0,R,500.0,R,560.0,R,430.0,R,500.0,R,560.0,A,,A,,A,,A,,A,,A,,A,,A,,A,
170967,1,3,1,5,5,3,3,1,3,5,5,5,R,490,R,144,R,343,S,,S,,R,320.0,R,95.0,R,223.0,S,,S,,R,142.0,R,71.0,R,70.0,S,,S,,R,141.0,R,70.0,R,70.0,S,,S,,R,1.0,R,1.0,R,0.0,S,,S,,A,,A,,A,,A,,A,,A,,A,,A,,A,,A,,A,,A,,A,,A,,A,,A,,A,,A,,A,
170976,5,5,1,5,1,3,5,1,3,5,1,3,R,87632,R,43607,R,44025,A,,R,0.0,R,15722.0,R,7007.0,R,8715.0,A,,R,0.0,R,7466.0,R,3417.0,R,4049.0,A,,R,0.0,R,7426.0,R,3397.0,R,4029.0,A,,R,0.0,R,40.0,R,20.0,R,20.0,A,,R,0.0,R,3887.0,R,52.0,R,1364.0,R,18.0,R,670.0,R,720.0,R,750.0,R,680.0,R,750.0,R,780.0,R,31.0,R,33.0,R,34.0,R,32.0,R,35.0,R,35.0,R,29.0,R,32.0,R,34.0
171100,1,3,3,1,5,3,5,1,5,5,1,3,R,58879,R,27749,R,31128,A,,R,2.0,R,49414.0,R,22974.0,R,26438.0,A,,R,2.0,R,9533.0,R,4596.0,R,4936.0,A,,R,1.0,R,9361.0,R,4508.0,R,4852.0,A,,R,1.0,R,172.0,R,88.0,R,84.0,A,,R,0.0,R,3668.0,R,39.0,R,664.0,R,7.0,R,580.0,R,630.0,R,670.0,R,570.0,R,620.0,R,680.0,R,26.0,R,28.0,R,31.0,R,26.0,R,30.0,R,33.0,R,24.0,R,27.0,R,30.0
171128,1,3,1,5,5,5,5,1,3,3,5,3,R,12434,R,7609,R,4788,R,0.0,R,37.0,R,10935.0,R,6646.0,R,4261.0,A,,R,28.0,R,1463.0,R,1032.0,R,431.0,A,,R,0.0,R,1459.0,R,1029.0,R,430.0,A,,R,0.0,R,4.0,R,3.0,R,1.0,A,,R,0.0,R,1001.0,R,68.0,R,303.0,R,21.0,R,560.0,R,610.0,R,660.0,R,560.0,R,610.0,R,670.0,R,25.0,R,28.0,R,31.0,R,23.0,R,27.0,R,31.0,R,25.0,R,28.0,R,31.0
171137,1,3,1,3,3,3,5,1,3,3,3,3,R,12373,R,6030,R,6340,S,,S,,R,7254.0,R,3282.0,R,3970.0,S,,S,,R,1157.0,R,599.0,R,557.0,S,,S,,R,1142.0,R,595.0,R,546.0,S,,S,,R,15.0,R,4.0,R,11.0,S,,S,,R,722.0,R,62.0,R,40.0,R,3.0,R,500.0,R,560.0,R,630.0,R,490.0,R,560.0,R,630.0,R,23.0,R,26.0,R,30.0,R,23.0,R,26.0,R,30.0,R,23.0,R,27.0,R,29.0
171146,1,3,1,3,3,3,5,1,3,3,3,3,R,8870,R,4133,R,4651,A,,R,86.0,R,6105.0,R,2649.0,R,3399.0,A,,R,57.0,R,533.0,R,229.0,R,289.0,A,,R,15.0,R,486.0,R,207.0,R,265.0,A,,R,14.0,R,47.0,R,22.0,R,24.0,A,,R,1.0,R,347.0,R,65.0,R,18.0,R,3.0,R,490.0,R,560.0,R,620.0,R,460.0,R,540.0,R,590.0,R,17.0,R,24.0,R,29.0,R,16.0,R,23.0,R,33.0,R,18.0,R,22.0,R,26.0
171456,1,3,1,3,5,3,3,1,3,3,5,3,R,6922,R,2346,R,4343,R,233.0,R,0.0,R,4842.0,R,1657.0,R,3011.0,R,174.0,R,0.0,R,1551.0,R,618.0,R,868.0,R,65.0,R,0.0,R,1538.0,R,613.0,R,860.0,R,65.0,R,0.0,R,13.0,R,5.0,R,8.0,R,0.0,R,0.0,A,,A,,A,,A,,A,,A,,A,,A,,A,,A,,A,,A,,A,,A,,A,,A,,A,,A,,A,
171492,1,3,1,3,3,3,3,1,3,3,3,3,R,2074,R,1347,R,717,A,,R,10.0,R,1740.0,R,1128.0,R,608.0,A,,R,4.0,R,341.0,R,240.0,R,101.0,A,,R,0.0,R,319.0,R,222.0,R,97.0,A,,R,0.0,R,22.0,R,18.0,R,4.0,A,,R,0.0,A,,A,,A,,A,,A,,A,,A,,A,,A,,A,,A,,A,,A,,A,,A,,A,,A,,A,,A,
171571,1,3,1,1,3,3,5,1,3,3,5,3,R,12398,R,4774,R,7377,A,,R,247.0,R,8708.0,R,3253.0,R,5250.0,A,,R,205.0,R,2236.0,R,925.0,R,1311.0,A,,R,0.0,R,2189.0,R,902.0,R,1287.0,A,,R,0.0,R,47.0,R,23.0,R,24.0,A,,R,0.0,R,13.0,R,1.0,R,0.0,R,0.0,R,520.0,R,570.0,R,620.0,R,475.0,R,540.0,R,565.0,A,,A,,A,,A,,A,,A,,A,,A,,A,
171599,1,5,1,1,5,5,3,3,3,3,1,3,R,1417,R,756,R,661,A,,R,0.0,R,1376.0,R,729.0,R,647.0,A,,R,0.0,R,334.0,R,181.0,R,153.0,A,,R,0.0,R,334.0,R,181.0,R,153.0,A,,R,0.0,R,0.0,R,0.0,R,0.0,A,,R,0.0,A,,A,,A,,A,,A,,A,,A,,A,,A,,A,,A,,A,,A,,A,,A,,A,,A,,A,,A,
171881,1,3,1,3,5,3,3,1,3,3,1,3,R,195,R,137,R,58,S,,S,,R,66.0,R,45.0,R,21.0,S,,S,,R,37.0,R,27.0,R,10.0,S,,S,,R,37.0,R,27.0,R,10.0,S,,S,,A,,A,,A,,S,,S,,A,,A,,A,,A,,A,,A,,A,,A,,A,,A,,A,,A,,A,,A,,A,,A,,A,,A,,A,
172033,1,3,1,3,1,3,5,5,3,3,1,3,R,4,R,1,R,3,A,,R,0.0,R,4.0,R,1.0,R,3.0,A,,R,0.0,C,2.0,R,1.0,C,1.0,A,,R,0.0,R,1.0,R,1.0,Z,0.0,A,,R,0.0,C,1.0,Z,0.0,C,1.0,A,,R,0.0,R,0.0,R,0.0,R,0.0,R,0.0,A,,A,,A,,A,,A,,A,,A,,A,,A,,A,,A,,A,,A,,A,,A,
172051,1,3,1,3,3,3,5,1,3,3,3,5,R,10222,R,3879,R,6340,S,,S,,R,7450.0,R,2662.0,R,4787.0,S,,S,,R,1292.0,R,440.0,R,852.0,S,,S,,R,1284.0,R,438.0,R,846.0,S,,S,,R,8.0,R,2.0,R,6.0,S,,S,,R,1092.0,R,85.0,R,34.0,R,3.0,R,480.0,R,530.0,R,590.0,R,460.0,R,520.0,R,570.0,R,19.0,R,21.0,R,25.0,R,17.0,R,20.0,R,24.0,R,17.0,R,21.0,R,24.0
172264,1,5,1,1,5,5,5,5,3,5,1,5,R,1809,R,941,R,817,A,,R,51.0,R,1204.0,R,622.0,R,551.0,A,,R,31.0,R,294.0,R,151.0,R,143.0,A,,R,0.0,R,289.0,R,150.0,R,139.0,A,,R,0.0,R,5.0,R,1.0,R,4.0,A,,R,0.0,R,41.0,R,14.0,R,22.0,R,7.0,R,440.0,R,500.0,R,570.0,R,450.0,R,540.0,R,570.0,R,16.0,R,19.0,R,20.0,R,15.0,R,18.0,R,20.0,R,16.0,R,19.0,R,22.0
172334,1,5,1,5,5,5,5,1,3,3,3,3,R,3145,R,1526,R,1607,A,,R,12.0,R,1174.0,R,457.0,R,716.0,A,,R,1.0,R,206.0,R,97.0,R,109.0,A,,R,0.0,R,205.0,R,96.0,R,109.0,A,,R,0.0,R,1.0,R,1.0,R,0.0,A,,R,0.0,R,59.0,R,29.0,R,9.0,R,4.0,R,470.0,R,530.0,R,595.0,R,465.0,R,530.0,R,570.0,R,17.0,R,23.0,R,25.0,R,17.0,R,20.0,R,24.0,R,19.0,R,23.0,R,24.0
172644,1,3,1,5,5,3,5,1,3,5,5,3,R,15190,R,5494,R,8555,A,,R,1141.0,R,12461.0,R,4457.0,R,7122.0,A,,R,882.0,R,2988.0,R,1029.0,R,1601.0,A,,R,358.0,R,2888.0,R,990.0,R,1551.0,A,,R,347.0,R,100.0,R,39.0,R,50.0,A,,R,11.0,R,1325.0,R,44.0,R,119.0,R,4.0,R,530.0,R,580.0,R,640.0,R,510.0,R,560.0,R,620.0,R,21.0,R,25.0,R,28.0,R,21.0,R,25.0,R,30.0,R,18.0,R,23.0,R,27.0
172699,1,5,1,1,5,5,5,1,3,5,5,3,R,20100,R,8926,R,11174,A,,R,0.0,R,17020.0,R,7391.0,R,9629.0,A,,R,0.0,R,2472.0,R,1185.0,R,1287.0,A,,R,0.0,R,2425.0,R,1158.0,R,1267.0,A,,R,0.0,R,47.0,R,27.0,R,20.0,A,,R,0.0,R,1428.0,R,58.0,R,143.0,R,6.0,R,500.0,R,560.0,R,620.0,R,490.0,R,540.0,R,600.0,R,20.0,R,24.0,R,27.0,R,18.0,R,24.0,R,26.0,R,20.0,R,23.0,R,26.0
173045,1,3,1,3,5,3,3,1,3,3,5,3,R,4337,R,1837,R,2499,S,,S,,R,3319.0,R,1281.0,R,2037.0,S,,S,,R,684.0,R,312.0,R,371.0,S,,S,,R,683.0,R,312.0,R,370.0,S,,S,,R,1.0,R,0.0,R,1.0,S,,S,,A,,A,,A,,A,,A,,A,,A,,A,,A,,A,,A,,A,,A,,A,,A,,A,,A,,A,,A,
173124,1,1,3,3,3,3,5,1,3,5,5,3,R,2860,R,803,R,1406,S,,S,,R,2021.0,R,742.0,R,1275.0,S,,S,,R,480.0,R,204.0,R,275.0,S,,S,,R,466.0,R,199.0,R,267.0,S,,S,,R,14.0,R,5.0,R,8.0,S,,S,,R,0.0,R,0.0,R,258.0,R,55.0,A,,A,,A,,A,,A,,A,,R,18.0,R,21.0,R,23.0,R,15.0,R,19.0,R,22.0,R,17.0,R,20.0,R,24.0
173142,1,3,1,5,5,3,5,1,3,3,5,3,R,881,R,434,R,447,A,,R,0.0,R,449.0,R,210.0,R,239.0,A,,R,0.0,R,190.0,R,97.0,R,93.0,A,,R,0.0,R,190.0,R,97.0,R,93.0,A,,R,0.0,R,0.0,R,0.0,R,0.0,A,,R,0.0,R,20.0,R,11.0,R,108.0,R,57.0,R,450.0,R,520.0,R,630.0,R,550.0,R,590.0,R,630.0,R,21.0,R,23.0,R,26.0,R,18.0,R,22.0,R,25.0,R,19.0,R,23.0,R,26.0
173160,1,5,1,3,5,3,5,5,3,3,5,5,R,1642,R,791,R,851,A,,R,0.0,R,1494.0,R,712.0,R,782.0,A,,R,0.0,R,430.0,R,211.0,R,219.0,A,,R,0.0,R,427.0,R,210.0,R,217.0,A,,R,0.0,R,3.0,R,1.0,R,2.0,A,,R,0.0,R,11.0,R,3.0,R,144.0,R,34.0,R,520.0,R,580.0,R,625.0,R,545.0,R,570.0,R,615.0,R,23.0,R,26.0,R,29.0,R,21.0,R,25.0,R,30.0,R,21.0,R,25.0,R,28.0
173258,5,5,1,1,1,5,5,1,3,5,1,5,R,6464,R,3252,R,3212,A,,R,0.0,R,1440.0,R,668.0,R,772.0,A,,R,0.0,R,538.0,R,260.0,R,278.0,A,,R,0.0,R,538.0,R,260.0,R,278.0,A,,R,0.0,A,,A,,A,,A,,A,,R,163.0,R,30.0,R,145.0,R,27.0,R,710.0,R,740.0,R,760.0,R,720.0,R,760.0,R,790.0,R,32.0,R,33.0,R,34.0,R,33.0,R,35.0,R,35.0,R,29.0,R,31.0,R,34.0
173300,1,5,1,5,5,3,5,1,3,5,5,3,R,4434,R,2001,R,2364,R,69.0,R,0.0,R,2796.0,R,1199.0,R,1558.0,R,39.0,R,0.0,R,438.0,R,209.0,R,224.0,R,5.0,R,0.0,R,438.0,R,209.0,R,224.0,R,5.0,R,0.0,A,,A,,A,,A,,A,,R,5.0,R,1.0,R,216.0,R,49.0,R,560.0,R,636.0,R,730.0,R,600.0,R,626.0,R,690.0,R,21.0,R,24.0,R,28.0,R,20.0,R,24.0,R,27.0,R,20.0,R,24.0,R,27.0
173328,1,3,3,3,5,3,3,1,3,5,5,3,R,2730,R,1078,R,1641,A,,R,11.0,R,2044.0,R,744.0,R,1293.0,A,,R,7.0,R,377.0,R,158.0,R,219.0,A,,R,0.0,R,368.0,R,153.0,R,215.0,A,,R,0.0,R,9.0,R,5.0,R,4.0,A,,R,0.0,A,,A,,A,,A,,A,,A,,A,,A,,A,,A,,A,,A,,A,,A,,A,,A,,A,,A,,A,
173452,1,5,1,1,1,3,5,1,3,5,3,3,R,218,R,114,R,104,A,,R,0.0,R,180.0,R,95.0,R,85.0,A,,R,0.0,R,150.0,R,80.0,R,70.0,A,,R,0.0,R,150.0,R,80.0,R,70.0,A,,R,0.0,R,0.0,R,0.0,R,0.0,A,,R,0.0,R,18.0,R,12.0,R,106.0,R,71.0,R,538.0,R,605.0,R,653.0,R,540.0,R,590.0,R,603.0,R,22.0,R,24.0,R,27.0,R,20.0,R,22.0,R,28.0,R,21.0,R,24.0,R,27.0
173647,1,5,1,5,5,5,5,5,3,5,1,5,R,4450,R,2279,R,2158,A,,R,13.0,R,2750.0,R,1291.0,R,1457.0,A,,R,2.0,R,499.0,R,231.0,R,266.0,A,,R,2.0,R,499.0,R,231.0,R,266.0,A,,R,2.0,A,,A,,A,,A,,A,,R,0.0,R,0.0,R,194.0,R,39.0,A,,A,,A,,A,,A,,A,,R,25.0,R,28.0,R,31.0,R,23.0,R,28.0,R,32.0,R,24.0,R,27.0,R,29.0
173665,1,5,1,1,5,3,5,1,3,3,1,3,R,3185,R,1194,R,1991,S,,S,,R,2861.0,R,1070.0,R,1791.0,S,,S,,R,395.0,R,148.0,R,247.0,S,,S,,R,395.0,R,148.0,R,247.0,S,,S,,R,0.0,R,0.0,R,0.0,S,,S,,R,13.0,R,3.0,R,128.0,R,32.0,R,593.0,R,650.0,R,695.0,R,553.0,R,620.0,R,698.0,R,20.0,R,24.0,R,28.0,R,20.0,R,23.0,R,28.0,R,19.0,R,24.0,R,26.0
173902,5,5,1,5,1,3,5,1,3,5,5,3,R,8099,R,3521,R,4578,A,,R,0.0,R,2285.0,R,894.0,R,1391.0,A,,R,0.0,R,518.0,R,239.0,R,279.0,A,,R,0.0,R,518.0,R,239.0,R,279.0,A,,R,0.0,A,,A,,A,,A,,A,,R,157.0,R,30.0,R,143.0,R,28.0,R,680.0,R,710.0,R,750.0,R,670.0,R,700.0,R,760.0,R,30.0,R,32.0,R,33.0,R,30.0,R,33.0,R,35.0,R,26.0,R,29.0,R,32.0
173920,1,5,1,1,3,3,5,1,3,3,3,3,R,8974,R,4054,R,4889,R,0.0,R,31.0,R,8196.0,R,3613.0,R,4554.0,A,,R,29.0,R,2407.0,R,1040.0,R,1359.0,A,,R,8.0,R,2369.0,R,1024.0,R,1337.0,A,,R,8.0,R,38.0,R,16.0,R,22.0,A,,R,0.0,A,,A,,R,125.0,R,5.0,A,,A,,A,,A,,A,,A,,R,22.0,R,24.0,R,25.0,R,20.0,R,22.0,R,24.0,R,20.0,R,22.0,R,25.0
173957,5,3,3,3,1,3,3,3,3,5,1,3,R,124,R,30,R,94,A,,R,0.0,R,48.0,R,12.0,R,36.0,A,,R,0.0,R,45.0,R,12.0,R,33.0,A,,R,0.0,R,45.0,R,12.0,R,33.0,A,,R,0.0,A,,A,,A,,A,,A,,A,,A,,A,,A,,A,,A,,A,,A,,A,,A,,A,,A,,A,,A,,A,,A,,A,,A,,A,
174020,1,5,1,3,3,3,5,1,3,5,5,3,R,542,R,188,R,349,S,,S,,R,523.0,R,182.0,R,336.0,S,,S,,R,158.0,R,76.0,R,78.0,S,,S,,R,117.0,R,55.0,R,58.0,S,,S,,R,41.0,R,21.0,R,20.0,S,,S,,A,,A,,R,12.0,R,8.0,A,,A,,A,,A,,A,,A,,R,16.0,R,19.0,R,23.0,R,14.0,R,20.0,R,23.0,R,16.0,R,18.0,R,24.0
174066,5,5,1,1,5,3,5,1,3,5,5,3,R,39863,R,18901,R,20862,A,,R,100.0,R,30705.0,R,14427.0,R,16218.0,A,,R,60.0,R,6736.0,R,3111.0,R,3610.0,A,,R,15.0,R,6697.0,R,3100.0,R,3582.0,A,,R,15.0,R,39.0,R,11.0,R,28.0,A,,R,0.0,R,536.0,R,8.0,R,2312.0,R,34.0,R,640.0,R,680.0,R,720.0,R,670.0,R,720.0,R,760.0,R,27.0,R,29.0,R,31.0,R,25.0,R,28.0,R,33.0,R,25.0,R,28.0,R,31.0
174075,1,5,1,5,5,3,3,1,3,5,5,3,R,1886,R,774,R,938,A,,R,174.0,R,1101.0,R,405.0,R,603.0,A,,R,93.0,R,224.0,R,55.0,R,123.0,A,,R,46.0,R,210.0,R,49.0,R,119.0,A,,R,42.0,R,14.0,R,6.0,R,4.0,A,,R,4.0,A,,A,,A,,A,,A,,A,,A,,A,,A,,A,,A,,A,,A,,A,,A,,A,,A,,A,,A,
174127,1,3,1,5,1,1,5,1,3,5,1,3,R,885,R,217,R,619,R,49.0,R,0.0,R,428.0,R,104.0,R,324.0,R,0.0,R,0.0,R,169.0,R,51.0,R,118.0,A,,R,0.0,R,169.0,R,51.0,R,118.0,A,,R,0.0,A,,A,,A,,A,,A,,R,5.0,R,3.0,R,27.0,R,16.0,R,570.0,R,650.0,R,750.0,R,540.0,R,630.0,R,680.0,R,20.0,R,23.0,R,24.0,R,20.0,R,23.0,R,25.0,R,16.0,R,18.0,R,22.0
174154,1,3,1,3,3,3,3,1,1,3,3,3,R,178,R,19,R,159,R,0.0,R,0.0,R,167.0,R,17.0,R,150.0,A,,R,0.0,R,115.0,R,12.0,R,103.0,A,,R,0.0,R,96.0,R,11.0,R,85.0,A,,R,0.0,R,19.0,R,1.0,R,18.0,A,,R,0.0,A,,A,,A,,A,,A,,A,,A,,A,,A,,A,,A,,A,,A,,A,,A,,A,,A,,A,,A,
174233,1,5,1,1,5,3,5,1,3,5,5,5,R,9502,R,4268,R,5209,A,,R,25.0,R,7768.0,R,3421.0,R,4326.0,A,,R,21.0,R,1821.0,R,864.0,R,951.0,A,,R,6.0,R,1808.0,R,857.0,R,945.0,A,,R,6.0,R,13.0,R,7.0,R,6.0,A,,R,0.0,R,28.0,R,2.0,R,766.0,R,42.0,R,578.0,R,625.0,R,670.0,R,550.0,R,610.0,R,665.0,R,23.0,R,25.0,R,28.0,R,21.0,R,24.0,R,27.0,R,22.0,R,25.0,R,27.0
174251,1,1,1,1,3,3,3,1,3,5,5,3,R,3477,R,1616,R,1843,A,,R,18.0,R,2450.0,R,1100.0,R,1339.0,A,,R,11.0,R,273.0,R,138.0,R,135.0,A,,R,0.0,R,272.0,R,137.0,R,135.0,A,,R,0.0,R,1.0,R,1.0,R,0.0,A,,R,0.0,A,,A,,A,,A,,A,,A,,A,,A,,A,,A,,A,,A,,A,,A,,A,,A,,A,,A,,A,
174358,1,5,1,1,3,3,5,1,3,3,5,3,R,4654,R,2248,R,2353,S,,S,,R,2449.0,R,1043.0,R,1393.0,S,,S,,R,606.0,R,190.0,R,411.0,S,,S,,R,601.0,R,188.0,R,408.0,S,,S,,R,5.0,R,2.0,R,3.0,S,,S,,R,4.0,R,1.0,R,386.0,R,64.0,S,,S,,S,,S,,S,,S,,R,19.0,R,21.0,R,24.0,R,16.0,R,20.0,R,23.0,R,17.0,R,20.0,R,25.0
174437,1,3,1,3,5,3,3,1,3,3,5,3,R,621,R,269,R,352,A,,R,0.0,R,564.0,R,242.0,R,322.0,A,,R,0.0,R,222.0,R,100.0,R,122.0,A,,R,0.0,R,208.0,R,97.0,R,111.0,A,,R,0.0,R,14.0,R,3.0,R,11.0,A,,R,0.0,A,,A,,A,,A,,A,,A,,A,,A,,A,,A,,A,,A,,A,,A,,A,,A,,A,,A,,A,
174491,1,5,1,3,1,3,5,1,5,3,1,3,R,1194,R,601,R,593,A,,R,0.0,R,1097.0,R,541.0,R,556.0,A,,R,0.0,R,364.0,R,162.0,R,202.0,A,,R,0.0,R,357.0,R,160.0,R,197.0,A,,R,0.0,R,7.0,R,2.0,R,5.0,A,,R,0.0,R,14.0,R,4.0,R,126.0,R,35.0,R,488.0,R,605.0,R,630.0,R,493.0,R,580.0,R,663.0,R,22.0,R,26.0,R,29.0,R,21.0,R,25.0,R,31.0,R,21.0,R,25.0,R,28.0
174747,1,5,1,1,5,3,5,1,3,5,5,3,R,1852,R,0,R,1852,A,,R,0.0,R,1692.0,A,,R,1692.0,A,,R,0.0,R,379.0,A,,R,379.0,A,,R,0.0,R,379.0,A,,R,379.0,A,,R,0.0,A,,A,,A,,A,,A,,R,17.0,R,4.0,R,177.0,R,47.0,R,470.0,R,580.0,R,610.0,R,480.0,R,550.0,R,610.0,R,21.0,R,24.0,R,27.0,R,20.0,R,23.0,R,27.0,R,20.0,R,24.0,R,26.0
174783,1,5,1,5,3,3,5,1,3,3,3,3,R,5026,R,2180,R,2846,A,,R,0.0,R,4772.0,R,2058.0,R,2714.0,A,,R,0.0,R,897.0,R,379.0,R,518.0,A,,R,0.0,R,847.0,R,361.0,R,486.0,A,,R,0.0,R,50.0,R,18.0,R,32.0,A,,R,0.0,R,19.0,R,2.0,R,304.0,R,34.0,R,470.0,R,520.0,R,620.0,R,500.0,R,580.0,R,660.0,R,18.0,R,21.0,R,25.0,R,16.0,R,20.0,R,24.0,R,17.0,R,21.0,R,25.0
174792,1,5,1,1,5,3,5,1,3,5,5,3,R,1597,R,1597,R,0,A,,R,0.0,R,1445.0,R,1445.0,A,,A,,R,0.0,R,365.0,R,365.0,A,,A,,R,0.0,R,365.0,R,365.0,A,,A,,R,0.0,A,,A,,A,,A,,A,,R,19.0,R,5.0,R,181.0,R,50.0,R,575.0,R,620.0,R,635.0,R,570.0,R,600.0,R,645.0,R,22.0,R,25.0,R,28.0,R,19.0,R,22.0,R,26.0,R,21.0,R,25.0,R,27.0
174817,1,3,1,5,5,3,3,1,3,3,5,5,R,1350,R,492,R,840,R,18.0,R,0.0,R,1199.0,R,431.0,R,756.0,R,12.0,R,0.0,R,272.0,R,112.0,R,160.0,R,0.0,R,0.0,R,272.0,R,112.0,R,160.0,A,,R,0.0,R,0.0,R,0.0,R,0.0,A,,R,0.0,A,,A,,A,,A,,A,,A,,A,,A,,A,,A,,A,,A,,A,,A,,A,,A,,A,,A,,A,
174844,1,5,1,1,1,5,5,1,3,5,1,5,R,5956,R,2722,R,3091,R,143.0,R,0.0,R,3106.0,R,1272.0,R,1752.0,R,82.0,R,0.0,R,825.0,R,343.0,R,447.0,R,35.0,R,0.0,R,825.0,R,343.0,R,447.0,R,35.0,R,0.0,A,,A,,A,,A,,A,,R,97.0,R,12.0,R,294.0,R,36.0,R,640.0,R,680.0,R,740.0,R,620.0,R,670.0,R,730.0,R,28.0,R,30.0,R,32.0,R,27.0,R,32.0,R,34.0,R,25.0,R,28.0,R,31.0
174862,1,3,1,3,3,3,3,3,3,3,1,5,R,1054,R,733,R,321,A,,R,0.0,R,662.0,R,427.0,R,235.0,A,,R,0.0,R,205.0,R,125.0,R,80.0,A,,R,0.0,R,189.0,R,117.0,R,72.0,A,,R,0.0,R,16.0,R,8.0,R,8.0,A,,R,0.0,A,,A,,A,,A,,A,,A,,A,,A,,A,,A,,A,,A,,A,,A,,A,,A,,A,,A,,A,
174899,1,3,1,3,3,3,5,1,3,3,3,3,R,1608,R,585,R,1014,A,,R,9.0,R,1508.0,R,533.0,R,967.0,A,,R,8.0,R,349.0,R,137.0,R,211.0,A,,R,1.0,R,347.0,R,136.0,R,210.0,A,,R,1.0,R,2.0,R,1.0,R,1.0,A,,R,0.0,R,1.0,R,0.0,R,84.0,R,24.0,S,,S,,S,,S,,S,,S,,R,21.0,R,24.0,R,27.0,R,21.0,R,22.0,R,26.0,R,21.0,R,23.0,R,27.0
174914,1,5,1,3,5,3,5,1,3,5,5,3,R,8813,R,3852,R,4300,S,,S,,R,7486.0,R,3420.0,R,4019.0,S,,S,,R,1681.0,R,818.0,R,863.0,S,,S,,R,1679.0,R,817.0,R,862.0,S,,S,,R,2.0,R,1.0,R,1.0,S,,S,,R,58.0,R,3.0,R,492.0,R,29.0,R,610.0,R,670.0,R,708.0,R,613.0,R,680.0,R,708.0,R,25.0,R,27.0,R,30.0,R,23.0,R,26.0,R,31.0,R,24.0,R,26.0,R,29.0
175005,1,5,1,5,1,3,5,1,3,5,1,5,R,1703,R,8,R,1695,R,0.0,R,0.0,R,1602.0,R,8.0,R,1594.0,A,,R,0.0,R,377.0,R,3.0,R,374.0,A,,R,0.0,R,362.0,R,0.0,R,362.0,A,,R,0.0,R,15.0,R,3.0,R,12.0,A,,R,0.0,R,2.0,R,1.0,R,154.0,R,41.0,S,,S,,S,,S,,S,,S,,R,20.0,R,24.0,R,26.0,R,19.0,R,22.0,R,27.0,R,19.0,R,22.0,R,25.0
175078,1,5,5,5,5,5,5,1,5,5,5,3,R,2630,R,1294,R,1312,R,24.0,R,0.0,R,1813.0,R,818.0,R,975.0,R,20.0,R,0.0,R,368.0,R,160.0,R,203.0,R,5.0,R,0.0,R,350.0,R,155.0,R,190.0,R,5.0,R,0.0,R,18.0,R,5.0,R,13.0,R,0.0,R,0.0,A,,A,,R,189.0,R,51.0,A,,A,,A,,A,,A,,A,,R,17.0,R,19.0,R,23.0,R,15.0,R,19.0,R,22.0,R,16.0,R,18.0,R,24.0
175227,1,3,1,3,3,3,5,3,3,5,1,5,R,587,R,419,R,81,A,,R,87.0,R,578.0,R,414.0,R,80.0,A,,R,84.0,R,380.0,R,324.0,R,56.0,A,,R,0.0,R,355.0,R,303.0,R,52.0,A,,R,0.0,R,25.0,R,21.0,R,4.0,A,,R,0.0,A,,A,,R,49.0,R,13.0,A,,A,,A,,A,,A,,A,,R,17.0,R,20.0,R,23.0,R,15.0,R,17.0,R,22.0,R,17.0,R,19.0,R,24.0
175272,1,5,1,1,3,3,5,1,3,3,3,3,R,6159,R,1995,R,4142,A,,R,22.0,R,4220.0,R,1231.0,R,2972.0,A,,R,17.0,R,1162.0,R,340.0,R,821.0,A,,R,1.0,R,1146.0,R,337.0,R,808.0,A,,R,1.0,R,16.0,R,3.0,R,13.0,A,,R,0.0,R,19.0,R,2.0,R,512.0,R,44.0,R,510.0,R,540.0,R,610.0,R,470.0,R,550.0,R,640.0,R,19.0,R,22.0,R,25.0,R,18.0,R,21.0,R,24.0,R,18.0,R,22.0,R,25.0
175342,1,5,1,3,5,3,1,1,3,3,3,3,R,7511,R,2118,R,5393,A,,R,0.0,R,1852.0,R,496.0,R,1356.0,A,,R,0.0,R,505.0,R,162.0,R,343.0,A,,R,0.0,R,472.0,R,152.0,R,320.0,A,,R,0.0,R,33.0,R,10.0,R,23.0,A,,R,0.0,R,41.0,R,8.0,R,464.0,R,92.0,R,430.0,R,470.0,R,495.0,R,420.0,R,450.0,R,503.0,R,15.0,R,20.0,R,24.0,R,14.0,R,20.0,R,25.0,R,12.0,R,17.0,R,23.0
175421,1,3,1,3,5,3,5,1,3,3,5,3,R,2156,R,907,R,1249,A,,R,0.0,R,1148.0,R,500.0,R,648.0,A,,R,0.0,R,251.0,R,118.0,R,133.0,A,,R,0.0,R,247.0,R,116.0,R,131.0,A,,R,0.0,R,4.0,R,2.0,R,2.0,A,,R,0.0,R,3.0,R,1.0,R,107.0,R,45.0,S,,S,,S,,S,,S,,S,,R,18.0,R,20.0,R,23.0,R,19.0,R,21.0,R,24.0,R,16.0,R,18.0,R,21.0
175430,1,1,1,5,5,5,1,1,1,5,5,5,R,191,R,99,R,92,R,0.0,R,0.0,R,191.0,R,99.0,R,92.0,A,,R,0.0,R,109.0,R,61.0,R,48.0,A,,R,0.0,R,108.0,R,60.0,R,48.0,A,,R,0.0,R,1.0,R,1.0,R,0.0,A,,R,0.0,R,7.0,R,6.0,R,100.0,R,92.0,R,450.0,R,490.0,R,500.0,R,500.0,R,520.0,R,570.0,R,18.0,R,20.0,R,22.0,R,17.0,R,19.0,R,23.0,R,17.0,R,20.0,R,22.0
175616,1,5,1,1,3,3,1,1,5,3,3,3,R,1242,R,475,R,767,A,,R,0.0,R,1238.0,R,473.0,R,765.0,A,,R,0.0,R,218.0,R,123.0,R,95.0,A,,R,0.0,R,207.0,R,116.0,R,91.0,A,,R,0.0,R,11.0,R,7.0,R,4.0,A,,R,0.0,R,25.0,R,11.0,R,179.0,R,82.0,R,480.0,R,550.0,R,600.0,R,460.0,R,550.0,R,590.0,R,17.0,R,21.0,R,24.0,R,16.0,R,21.0,R,24.0,R,16.0,R,18.0,R,24.0
175856,1,5,1,1,3,3,5,1,3,3,3,3,R,14141,R,4574,R,9509,A,,R,58.0,R,12873.0,R,4128.0,R,8700.0,A,,R,45.0,R,978.0,R,412.0,R,566.0,A,,R,0.0,R,936.0,R,390.0,R,546.0,A,,R,0.0,R,42.0,R,22.0,R,20.0,A,,R,0.0,R,115.0,R,12.0,R,287.0,R,29.0,R,440.0,R,490.0,R,550.0,R,410.0,R,470.0,R,530.0,R,15.0,R,18.0,R,20.0,R,14.0,R,17.0,R,21.0,R,15.0,R,16.0,R,18.0
175980,1,5,1,5,5,5,5,1,3,3,5,5,R,2058,R,931,R,1127,R,0.0,R,0.0,R,1009.0,R,502.0,R,507.0,A,,R,0.0,R,153.0,R,78.0,R,75.0,A,,R,0.0,R,153.0,R,78.0,R,75.0,A,,R,0.0,R,0.0,R,0.0,R,0.0,A,,R,0.0,R,2.0,R,1.0,R,4.0,R,3.0,S,,S,,S,,S,,S,,S,,S,,S,,S,,S,,S,,S,,S,,S,,S,
176017,1,5,1,1,3,3,5,1,3,3,3,3,R,27837,R,11218,R,16619,R,0.0,R,0.0,R,27218.0,R,10947.0,R,16271.0,A,,R,0.0,R,5237.0,R,2268.0,R,2969.0,A,,R,0.0,R,5186.0,R,2239.0,R,2947.0,A,,R,0.0,R,51.0,R,29.0,R,22.0,A,,R,0.0,R,1244.0,R,24.0,R,3305.0,R,63.0,R,510.0,R,560.0,R,610.0,R,510.0,R,540.0,R,600.0,R,21.0,R,25.0,R,29.0,R,21.0,R,25.0,R,30.0,R,20.0,R,24.0,R,27.0
176035,1,3,1,1,3,3,5,1,3,3,3,5,R,553,R,103,R,450,A,,R,0.0,R,553.0,R,103.0,R,450.0,A,,R,0.0,R,159.0,R,40.0,R,119.0,A,,R,0.0,R,157.0,R,40.0,R,117.0,A,,R,0.0,R,2.0,R,0.0,R,2.0,A,,R,0.0,R,4.0,R,3.0,R,150.0,R,94.0,S,,S,,S,,S,,S,,S,,R,18.0,R,20.0,R,23.0,R,17.0,R,20.0,R,23.0,R,16.0,R,18.0,R,22.0
176044,1,5,1,1,3,3,5,1,3,3,3,3,R,3411,R,1384,R,2027,R,0.0,R,0.0,R,1745.0,R,679.0,R,1066.0,A,,R,0.0,R,331.0,R,184.0,R,147.0,A,,R,0.0,R,273.0,R,144.0,R,129.0,A,,R,0.0,R,58.0,R,40.0,R,18.0,A,,R,0.0,R,0.0,R,0.0,R,233.0,R,70.0,A,,A,,A,,A,,A,,A,,R,14.0,R,16.0,R,18.0,R,11.0,R,14.0,R,18.0,R,14.0,R,15.0,R,17.0
176053,5,5,1,5,5,3,5,1,3,3,5,5,R,3315,R,1292,R,2023,A,,R,0.0,R,1620.0,R,642.0,R,978.0,A,,R,0.0,R,674.0,R,261.0,R,413.0,A,,R,0.0,R,670.0,R,261.0,R,409.0,A,,R,0.0,R,4.0,R,0.0,R,4.0,A,,R,0.0,A,,A,,R,568.0,R,84.0,A,,A,,A,,A,,A,,A,,R,19.0,R,22.0,R,26.0,R,19.0,R,23.0,R,27.0,R,17.0,R,21.0,R,25.0
176080,1,5,1,1,3,3,5,1,3,3,3,3,R,20877,R,8895,R,11937,A,,R,45.0,R,15934.0,R,6857.0,R,9049.0,A,,R,28.0,R,3751.0,R,1682.0,R,2069.0,A,,R,0.0,R,3732.0,R,1673.0,R,2059.0,A,,R,0.0,R,19.0,R,9.0,R,10.0,A,,R,0.0,R,192.0,R,5.0,R,3152.0,R,84.0,R,570.0,R,610.0,R,690.0,R,540.0,R,610.0,R,720.0,R,21.0,R,25.0,R,29.0,R,21.0,R,24.0,R,30.0,R,19.0,R,24.0,R,27.0
176318,1,5,1,5,3,5,5,1,3,3,5,3,R,1715,R,650,R,1065,A,,R,0.0,R,595.0,R,241.0,R,354.0,A,,R,0.0,R,103.0,R,61.0,R,42.0,A,,R,0.0,R,98.0,R,58.0,R,40.0,A,,R,0.0,R,5.0,R,3.0,R,2.0,A,,R,0.0,R,0.0,R,0.0,R,0.0,R,0.0,A,,A,,A,,A,,A,,A,,A,,A,,A,,A,,A,,A,,A,,A,,A,
176372,1,3,1,1,3,3,1,1,3,3,3,3,R,8818,R,3128,R,5690,R,0.0,R,0.0,R,8763.0,R,3092.0,R,5671.0,A,,R,0.0,R,1733.0,R,644.0,R,1089.0,A,,R,0.0,R,1695.0,R,631.0,R,1064.0,A,,R,0.0,R,38.0,R,13.0,R,25.0,A,,R,0.0,R,0.0,R,0.0,R,1698.0,R,98.0,A,,A,,A,,A,,A,,A,,R,19.0,R,22.0,R,27.0,R,18.0,R,22.0,R,27.0,R,17.0,R,20.0,R,25.0
176406,1,3,1,5,3,3,3,1,3,3,5,5,R,1976,R,594,R,1317,A,,R,65.0,R,1051.0,R,328.0,R,693.0,A,,R,30.0,R,129.0,R,53.0,R,76.0,A,,R,0.0,R,129.0,R,53.0,R,76.0,A,,R,0.0,A,,A,,A,,A,,A,,A,,A,,A,,A,,A,,A,,A,,A,,A,,A,,A,,A,,A,,A,,A,,A,,A,,A,,A,
176451,1,3,1,3,1,5,3,3,3,3,1,3,R,3,R,3,R,0,A,,R,0.0,R,3.0,R,3.0,A,,A,,R,0.0,R,2.0,R,2.0,A,,A,,R,0.0,R,1.0,R,1.0,A,,A,,R,0.0,R,1.0,R,1.0,A,,A,,R,0.0,A,,A,,A,,A,,A,,A,,A,,A,,A,,A,,A,,A,,A,,A,,A,,A,,A,,A,,A,
176479,1,3,1,3,3,3,1,1,3,3,3,3,R,571,R,221,R,350,A,,R,0.0,R,331.0,R,140.0,R,191.0,A,,R,0.0,R,204.0,R,106.0,R,98.0,A,,R,0.0,R,204.0,R,106.0,R,98.0,A,,R,0.0,R,0.0,R,0.0,R,0.0,A,,R,0.0,R,9.0,R,4.0,R,175.0,R,86.0,R,460.0,R,580.0,R,620.0,R,420.0,R,540.0,R,580.0,R,20.0,R,22.0,R,27.0,R,19.0,R,23.0,R,28.0,R,17.0,R,17.0,R,25.0
176628,1,3,1,3,3,3,5,1,3,3,3,3,R,2862,R,827,R,1035,R,0.0,R,1000.0,R,1704.0,R,733.0,R,971.0,A,,R,0.0,R,397.0,R,131.0,R,266.0,A,,R,0.0,R,397.0,R,131.0,R,266.0,A,,R,0.0,R,0.0,R,0.0,R,0.0,A,,R,0.0,R,28.0,R,7.0,R,233.0,R,61.0,R,400.0,R,440.0,R,490.0,R,400.0,R,440.0,R,510.0,R,15.0,R,17.0,R,21.0,R,14.0,R,19.0,R,21.0,R,15.0,R,16.0,R,20.0
176770,1,3,1,3,3,3,1,3,3,3,3,3,R,7,R,0,R,7,A,,R,0.0,R,5.0,A,,R,5.0,A,,R,0.0,R,3.0,A,,R,3.0,A,,R,0.0,R,1.0,A,,R,1.0,A,,R,0.0,R,2.0,A,,R,2.0,A,,R,0.0,R,0.0,R,0.0,R,3.0,R,100.0,A,,A,,A,,A,,A,,A,,S,,S,,S,,S,,S,,S,,S,,S,,S,
176789,1,5,3,5,1,3,5,1,3,3,1,3,R,110,R,57,R,53,A,,R,0.0,R,78.0,R,41.0,R,37.0,A,,R,0.0,R,27.0,R,13.0,R,14.0,A,,R,0.0,R,24.0,R,11.0,R,13.0,A,,R,0.0,R,3.0,R,2.0,R,1.0,A,,R,0.0,R,9.0,R,33.0,R,23.0,R,85.0,R,480.0,R,560.0,R,620.0,R,430.0,R,520.0,R,580.0,R,16.0,R,18.0,R,23.0,R,14.0,R,17.0,R,21.0,R,15.0,R,18.0,R,21.0
176947,1,5,1,5,3,3,5,1,3,3,3,3,R,1149,R,609,R,539,S,,S,,R,1010.0,R,537.0,R,473.0,S,,S,,R,237.0,R,106.0,R,131.0,S,,S,,R,237.0,R,106.0,R,131.0,S,,S,,R,0.0,R,0.0,R,0.0,S,,S,,R,6.0,R,4.0,R,138.0,R,58.0,R,488.0,R,520.0,R,553.0,R,553.0,R,565.0,R,585.0,R,19.0,R,21.0,R,24.0,R,17.0,R,21.0,R,23.0,R,17.0,R,20.0,R,24.0
176965,1,5,1,5,5,3,5,1,3,3,3,3,R,4966,R,2074,R,2882,A,,R,10.0,R,3407.0,R,1424.0,R,1981.0,A,,R,2.0,R,1061.0,R,523.0,R,536.0,A,,R,2.0,R,1039.0,R,512.0,R,525.0,A,,R,2.0,R,22.0,R,11.0,R,11.0,A,,R,0.0,A,,A,,R,799.0,R,75.0,A,,A,,A,,A,,A,,A,,R,18.0,R,21.0,R,24.0,R,16.0,R,20.0,R,24.0,R,17.0,R,19.0,R,24.0
176983,3,3,1,3,3,1,5,3,5,3,3,3,R,31,R,23,R,8,R,0.0,R,0.0,R,31.0,R,23.0,R,8.0,A,,R,0.0,R,31.0,R,23.0,R,8.0,A,,R,0.0,R,19.0,R,18.0,R,1.0,A,,R,0.0,R,12.0,R,5.0,R,7.0,A,,R,0.0,R,0.0,R,0.0,R,19.0,R,61.0,A,,A,,A,,A,,A,,A,,A,,A,,A,,A,,A,,A,,R,16.0,R,17.0,R,19.0
177038,1,3,1,3,3,3,3,1,3,3,3,5,R,5,R,1,R,4,R,0.0,R,0.0,R,4.0,R,1.0,R,3.0,A,,R,0.0,R,3.0,R,1.0,R,2.0,A,,R,0.0,R,3.0,R,1.0,R,2.0,A,,R,0.0,R,0.0,R,0.0,R,0.0,A,,R,0.0,A,,A,,A,,A,,A,,A,,A,,A,,A,,A,,A,,A,,A,,A,,A,,A,,A,,A,,A,
177083,1,5,1,1,1,3,1,1,3,5,1,3,R,8,R,8,R,0,A,,R,0.0,R,8.0,R,8.0,A,,A,,R,0.0,R,8.0,R,8.0,A,,A,,R,0.0,R,8.0,R,8.0,A,,A,,R,0.0,A,,A,,A,,A,,A,,R,1.0,R,13.0,R,6.0,R,75.0,S,,S,,S,,S,,S,,S,,R,19.0,R,26.0,R,28.0,R,19.0,R,24.0,R,29.0,R,18.0,R,24.0,R,27.0
177117,1,3,1,1,5,3,5,1,3,3,5,5,R,567,Z,0,R,567,A,,R,0.0,R,376.0,A,,R,376.0,A,,R,0.0,R,66.0,A,,R,66.0,A,,R,0.0,R,65.0,A,,R,65.0,A,,R,0.0,R,1.0,A,,R,1.0,A,,R,0.0,R,0.0,R,0.0,R,7.0,R,11.0,A,,A,,A,,A,,A,,A,,R,14.0,R,24.0,R,24.0,R,15.0,R,22.0,R,25.0,R,15.0,R,18.0,R,19.0
177144,1,5,3,3,5,3,5,1,3,3,5,3,R,1351,R,970,R,378,S,,S,,R,1324.0,R,948.0,R,374.0,S,,S,,R,250.0,R,148.0,R,102.0,S,,S,,R,250.0,R,148.0,R,102.0,S,,S,,R,0.0,R,0.0,R,0.0,S,,S,,A,,A,,R,8.0,R,3.0,A,,A,,A,,A,,A,,A,,R,18.0,R,19.0,R,21.0,R,14.0,R,18.0,R,20.0,R,16.0,R,18.0,R,20.0
177214,1,5,1,5,5,3,5,1,3,5,5,3,R,2621,R,1151,R,1442,R,28.0,R,0.0,R,1543.0,R,666.0,R,861.0,R,16.0,R,0.0,R,336.0,R,152.0,R,173.0,R,11.0,R,0.0,R,334.0,R,151.0,R,172.0,R,11.0,R,0.0,R,2.0,R,1.0,R,1.0,R,0.0,R,0.0,R,22.0,R,7.0,R,197.0,R,59.0,R,540.0,R,580.0,R,650.0,R,510.0,R,560.0,R,660.0,R,23.0,R,25.0,R,28.0,R,21.0,R,24.0,R,28.0,R,20.0,R,24.0,R,27.0
177339,1,5,1,3,3,3,3,1,3,3,3,3,R,1166,R,545,R,621,A,,R,0.0,R,808.0,R,369.0,R,439.0,A,,R,0.0,R,330.0,R,163.0,R,167.0,A,,R,0.0,R,330.0,R,163.0,R,167.0,A,,R,0.0,R,0.0,R,0.0,R,0.0,A,,R,0.0,A,,A,,A,,A,,A,,A,,A,,A,,A,,A,,A,,A,,A,,A,,A,,A,,A,,A,,A,
177418,1,3,1,5,5,5,3,1,3,5,5,3,R,1067,R,533,R,534,A,,R,0.0,R,1014.0,R,509.0,R,505.0,A,,R,0.0,R,160.0,R,92.0,R,68.0,A,,R,0.0,R,158.0,R,92.0,R,66.0,A,,R,0.0,R,2.0,Z,0.0,R,2.0,A,,R,0.0,A,,A,,A,,A,,A,,A,,A,,A,,A,,A,,A,,A,,A,,A,,A,,A,,A,,A,,A,
177542,1,5,3,3,3,3,5,1,3,3,3,3,R,366,R,196,R,170,A,,R,0.0,R,215.0,R,114.0,R,101.0,A,,R,0.0,R,66.0,R,40.0,R,26.0,A,,R,0.0,R,66.0,R,40.0,R,26.0,A,,R,0.0,R,0.0,R,0.0,R,0.0,A,,R,0.0,R,0.0,R,0.0,R,32.0,R,48.0,A,,A,,A,,A,,A,,A,,R,17.0,R,19.0,R,25.0,R,16.0,R,19.0,R,24.0,R,14.0,R,17.0,R,22.0
177746,1,3,1,3,5,1,3,1,3,3,1,3,R,1097,R,218,R,879,A,,R,0.0,R,662.0,R,117.0,R,545.0,A,,R,0.0,R,240.0,R,43.0,R,197.0,A,,R,0.0,R,240.0,R,43.0,R,197.0,A,,R,0.0,A,,A,,A,,A,,A,,A,,A,,A,,A,,A,,A,,A,,A,,A,,A,,A,,A,,A,,A,,A,,A,,A,,A,,A,
177931,3,3,1,3,1,1,3,1,1,3,3,5,R,8,R,1,R,7,S,,S,,R,6.0,R,1.0,R,5.0,S,,S,,R,6.0,R,1.0,R,5.0,S,,S,,R,6.0,R,1.0,R,5.0,S,,S,,A,,A,,A,,S,,S,,A,,A,,A,,A,,A,,A,,A,,A,,A,,A,,A,,A,,A,,A,,A,,A,,A,,A,,A,
177968,1,5,5,5,5,3,5,1,3,3,5,3,R,6743,R,2890,R,3848,S,,S,,R,4441.0,R,1822.0,R,2618.0,S,,S,,R,891.0,R,372.0,R,519.0,S,,S,,R,864.0,R,365.0,R,499.0,S,,S,,R,27.0,R,7.0,R,20.0,S,,S,,R,0.0,R,0.0,R,247.0,R,28.0,A,,A,,A,,A,,A,,A,,R,19.0,R,22.0,R,24.0,R,17.0,R,21.0,R,24.0,R,17.0,R,20.0,R,24.0
177986,5,3,3,5,3,3,5,1,3,3,3,3,R,20,R,6,R,14,A,,R,0.0,R,18.0,R,5.0,R,13.0,A,,R,0.0,R,13.0,R,4.0,R,9.0,A,,R,0.0,R,9.0,R,3.0,R,6.0,A,,R,0.0,R,4.0,R,1.0,R,3.0,A,,R,0.0,R,5.0,R,38.0,R,5.0,R,38.0,R,453.0,R,485.0,R,533.0,R,478.0,R,490.0,R,505.0,R,16.0,R,19.0,R,24.0,R,14.0,R,19.0,R,23.0,R,16.0,R,22.0,R,25.0
178059,1,3,1,5,5,5,3,1,3,3,5,3,R,3916,R,1338,R,2577,R,0.0,R,1.0,R,3669.0,R,1246.0,R,2422.0,A,,R,1.0,R,847.0,R,277.0,R,570.0,A,,R,0.0,R,700.0,R,241.0,R,459.0,A,,R,0.0,R,147.0,R,36.0,R,111.0,A,,R,0.0,A,,A,,A,,A,,A,,A,,A,,A,,A,,A,,A,,A,,A,,A,,A,,A,,A,,A,,A,
178183,5,3,1,3,3,1,3,3,3,5,1,3,R,36,R,6,R,30,A,,R,0.0,R,28.0,R,3.0,R,25.0,A,,R,0.0,R,19.0,R,1.0,R,18.0,A,,R,0.0,R,19.0,R,1.0,R,18.0,A,,R,0.0,A,,A,,A,,A,,A,,A,,A,,A,,A,,A,,A,,A,,A,,A,,A,,A,,A,,A,,A,,A,,A,,A,,A,,A,
178208,1,3,1,3,1,3,3,1,3,5,1,3,R,141,R,89,R,52,A,,R,0.0,R,133.0,R,83.0,R,50.0,A,,R,0.0,R,84.0,R,50.0,R,34.0,A,,R,0.0,R,69.0,R,39.0,R,30.0,A,,R,0.0,R,15.0,R,11.0,R,4.0,A,,R,0.0,A,,A,,A,,A,,A,,A,,A,,A,,A,,A,,A,,A,,A,,A,,A,,A,,A,,A,,A,
178244,1,3,1,3,3,3,5,1,3,3,3,3,R,1195,R,622,R,572,A,,R,1.0,R,766.0,R,398.0,R,367.0,A,,R,1.0,R,264.0,R,152.0,R,112.0,A,,R,0.0,R,250.0,R,148.0,R,102.0,A,,R,0.0,R,14.0,R,4.0,R,10.0,A,,R,0.0,R,11.0,R,4.0,R,19.0,R,7.0,R,470.0,R,550.0,R,560.0,R,440.0,R,490.0,R,610.0,R,14.0,R,17.0,R,19.0,R,12.0,R,15.0,R,19.0,R,14.0,R,16.0,R,17.0
178341,1,5,1,3,3,3,5,1,3,3,3,3,R,2302,R,950,R,1349,A,,R,3.0,R,2243.0,R,919.0,R,1321.0,A,,R,3.0,R,579.0,R,236.0,R,343.0,A,,R,0.0,R,537.0,R,221.0,R,316.0,A,,R,0.0,R,42.0,R,15.0,R,27.0,A,,R,0.0,R,15.0,R,3.0,R,398.0,R,69.0,R,500.0,R,570.0,R,600.0,R,500.0,R,530.0,R,570.0,R,18.0,R,21.0,R,24.0,R,17.0,R,21.0,R,23.0,R,16.0,R,19.0,R,23.0
178369,1,5,1,3,5,3,5,1,3,3,5,5,R,2230,R,1309,R,921,S,,S,,R,1175.0,R,665.0,R,510.0,S,,S,,R,422.0,R,294.0,R,128.0,S,,S,,R,421.0,R,294.0,R,127.0,S,,S,,R,1.0,R,0.0,R,1.0,S,,S,,R,16.0,R,4.0,R,75.0,R,18.0,R,450.0,R,490.0,R,560.0,R,470.0,R,520.0,R,580.0,R,16.0,R,19.0,R,22.0,R,15.0,R,18.0,R,21.0,R,15.0,R,17.0,R,21.0
178396,5,5,1,1,5,5,5,1,3,5,5,5,R,21669,R,9216,R,12452,A,,R,1.0,R,16690.0,R,6821.0,R,9869.0,A,,R,0.0,R,5139.0,R,2187.0,R,2952.0,A,,R,0.0,R,5097.0,R,2165.0,R,2932.0,A,,R,0.0,R,42.0,R,22.0,R,20.0,A,,R,0.0,R,515.0,R,10.0,R,3414.0,R,66.0,R,580.0,R,620.0,R,670.0,R,570.0,R,610.0,R,660.0,R,23.0,R,26.0,R,29.0,R,22.0,R,25.0,R,30.0,R,21.0,R,25.0,R,28.0
178402,1,5,1,1,5,3,5,1,3,5,5,3,R,5802,R,2030,R,3768,A,,R,4.0,R,4351.0,R,1382.0,R,2966.0,A,,R,3.0,R,1289.0,R,463.0,R,825.0,A,,R,1.0,R,1242.0,R,443.0,R,798.0,A,,R,1.0,R,47.0,R,20.0,R,27.0,A,,R,0.0,R,31.0,R,2.0,R,635.0,R,49.0,R,570.0,R,710.0,R,750.0,R,580.0,R,730.0,R,790.0,R,21.0,R,25.0,R,29.0,R,20.0,R,24.0,R,30.0,R,18.0,R,24.0,R,27.0
178411,1,5,1,1,5,3,5,1,3,5,5,3,R,8181,R,5399,R,2772,A,,R,10.0,R,5978.0,R,4029.0,R,1940.0,A,,R,9.0,R,1196.0,R,927.0,R,268.0,A,,R,1.0,R,1187.0,R,919.0,R,267.0,A,,R,1.0,R,9.0,R,8.0,R,1.0,A,,R,0.0,R,122.0,R,10.0,R,980.0,R,82.0,R,560.0,R,610.0,R,670.0,R,590.0,R,650.0,R,708.0,R,25.0,R,27.0,R,31.0,R,22.0,R,25.0,R,31.0,R,25.0,R,27.0,R,30.0
178420,1,1,1,1,5,3,5,1,3,3,5,3,R,4627,R,1649,R,2962,A,,R,16.0,R,2645.0,R,905.0,R,1730.0,A,,R,10.0,R,464.0,R,186.0,R,276.0,A,,R,2.0,R,434.0,R,174.0,R,258.0,A,,R,2.0,R,30.0,R,12.0,R,18.0,A,,R,0.0,R,35.0,R,8.0,R,165.0,R,36.0,R,500.0,R,560.0,R,620.0,R,530.0,R,570.0,R,600.0,R,20.0,R,23.0,R,27.0,R,19.0,R,22.0,R,27.0,R,18.0,R,22.0,R,26.0
178615,1,5,1,5,5,5,5,1,3,5,1,3,R,3263,R,1359,R,1904,A,,R,0.0,R,2609.0,R,1058.0,R,1551.0,A,,R,0.0,R,645.0,R,265.0,R,380.0,A,,R,0.0,R,643.0,R,265.0,R,378.0,A,,R,0.0,R,2.0,R,0.0,R,2.0,A,,R,0.0,R,41.0,R,6.0,R,478.0,R,74.0,R,573.0,R,610.0,R,648.0,R,553.0,R,625.0,R,670.0,R,23.0,R,26.0,R,29.0,R,22.0,R,25.0,R,30.0,R,20.0,R,25.0,R,27.0
178624,1,5,1,1,3,3,5,1,3,5,5,3,R,6834,R,2429,R,4405,A,,R,0.0,R,5871.0,R,2045.0,R,3826.0,A,,R,0.0,R,1035.0,R,390.0,R,645.0,A,,R,0.0,R,1020.0,R,385.0,R,635.0,A,,R,0.0,R,15.0,R,5.0,R,10.0,A,,R,0.0,R,19.0,R,2.0,R,786.0,R,76.0,R,480.0,R,560.0,R,600.0,R,490.0,R,550.0,R,600.0,R,18.0,R,21.0,R,23.0,R,16.0,R,20.0,R,23.0,R,16.0,R,19.0,R,23.0
178679,1,3,1,5,5,3,3,1,3,3,1,3,R,277,R,139,R,138,A,,R,0.0,R,272.0,R,137.0,R,135.0,A,,R,0.0,R,146.0,R,73.0,R,73.0,A,,R,0.0,R,145.0,R,72.0,R,73.0,A,,R,0.0,R,1.0,R,1.0,Z,0.0,A,,R,0.0,A,,A,,A,,A,,A,,A,,A,,A,,A,,A,,A,,A,,A,,A,,A,,A,,A,,A,,A,
178697,1,5,1,5,1,3,1,3,3,5,3,3,R,2495,R,1073,R,1422,R,0.0,R,0.0,R,371.0,R,185.0,R,186.0,A,,R,0.0,R,256.0,R,134.0,R,122.0,A,,R,0.0,R,256.0,R,134.0,R,122.0,A,,R,0.0,R,0.0,R,0.0,R,0.0,A,,R,0.0,R,27.0,R,11.0,R,233.0,R,91.0,R,545.0,R,600.0,R,660.0,R,518.0,R,570.0,R,645.0,R,20.0,R,22.0,R,25.0,R,20.0,R,22.0,R,25.0,R,18.0,R,21.0,R,24.0
178767,5,5,5,5,5,5,5,5,5,3,1,5,R,7,R,3,R,4,A,,R,0.0,R,5.0,R,2.0,R,3.0,A,,R,0.0,R,5.0,R,2.0,R,3.0,A,,R,0.0,R,2.0,R,1.0,R,1.0,A,,R,0.0,R,3.0,R,1.0,R,2.0,A,,R,0.0,R,0.0,R,0.0,R,0.0,R,0.0,A,,A,,A,,A,,A,,A,,A,,A,,A,,A,,A,,A,,A,,A,,A,
179043,1,3,1,5,5,3,5,1,3,5,5,3,R,2627,R,972,R,1655,A,,R,0.0,R,1814.0,R,672.0,R,1142.0,A,,R,0.0,R,339.0,R,166.0,R,173.0,A,,R,0.0,R,339.0,R,166.0,R,173.0,A,,R,0.0,R,0.0,R,0.0,R,0.0,A,,R,0.0,R,10.0,R,3.0,R,138.0,R,41.0,R,553.0,R,600.0,R,638.0,R,563.0,R,585.0,R,608.0,R,22.0,R,25.0,R,27.0,R,21.0,R,24.0,R,27.0,R,21.0,R,24.0,R,27.0
179159,1,3,1,5,5,1,5,1,3,3,1,3,R,15377,R,6675,R,8684,A,,R,18.0,R,12527.0,R,5147.0,R,7373.0,A,,R,7.0,R,1775.0,R,672.0,R,1101.0,A,,R,2.0,R,1769.0,R,671.0,R,1096.0,A,,R,2.0,R,6.0,R,1.0,R,5.0,A,,R,0.0,R,291.0,R,16.0,R,619.0,R,35.0,R,610.0,R,670.0,R,710.0,R,600.0,R,670.0,R,720.0,R,26.0,R,28.0,R,31.0,R,25.0,R,29.0,R,34.0,R,25.0,R,27.0,R,30.0
179265,1,3,1,5,5,3,5,1,3,3,5,5,R,1158,R,485,R,670,S,,S,,R,870.0,R,367.0,R,501.0,S,,S,,R,117.0,R,55.0,R,62.0,S,,S,,R,117.0,R,55.0,R,62.0,S,,S,,A,,A,,A,,S,,S,,R,30.0,R,26.0,R,29.0,R,25.0,R,530.0,R,590.0,R,660.0,R,520.0,R,560.0,R,610.0,R,21.0,R,23.0,R,28.0,R,20.0,R,22.0,R,27.0,R,20.0,R,23.0,R,26.0
179326,1,5,1,3,3,3,5,1,3,3,3,3,R,1057,R,442,R,588,A,,R,27.0,R,1054.0,R,441.0,R,586.0,A,,R,27.0,R,270.0,R,128.0,R,142.0,A,,R,0.0,R,256.0,R,123.0,R,133.0,A,,R,0.0,R,14.0,R,5.0,R,9.0,A,,R,0.0,R,23.0,R,9.0,R,173.0,R,64.0,R,500.0,R,530.0,R,600.0,R,460.0,R,510.0,R,600.0,R,18.0,R,21.0,R,24.0,R,17.0,R,21.0,R,25.0,R,17.0,R,20.0,R,24.0
179548,1,3,1,5,5,5,5,1,3,3,5,3,R,414,R,36,R,369,S,,S,,R,379.0,R,19.0,R,353.0,S,,S,,R,74.0,R,3.0,R,70.0,S,,S,,R,74.0,R,3.0,R,70.0,S,,S,,A,,A,,A,,S,,S,,R,5.0,R,7.0,R,33.0,R,45.0,R,610.0,R,610.0,R,650.0,R,520.0,R,590.0,R,620.0,R,16.0,R,21.0,R,23.0,R,15.0,R,22.0,R,24.0,R,15.0,R,17.0,R,21.0
179557,1,5,1,3,3,3,5,1,3,3,3,3,R,7462,R,2852,R,4299,R,311.0,R,0.0,R,5858.0,R,2135.0,R,3678.0,R,45.0,R,0.0,R,1287.0,R,505.0,R,782.0,R,0.0,R,0.0,R,1235.0,R,480.0,R,755.0,A,,R,0.0,R,52.0,R,25.0,R,27.0,A,,R,0.0,R,5.0,R,1.0,R,80.0,R,6.0,R,470.0,R,510.0,R,550.0,R,380.0,R,480.0,R,480.0,R,16.0,R,19.0,R,21.0,R,14.0,R,17.0,R,20.0,R,15.0,R,16.0,R,18.0
179566,1,5,1,3,3,3,5,1,3,3,3,3,R,11901,R,4401,R,7454,A,,R,46.0,R,10836.0,R,3904.0,R,6896.0,A,,R,36.0,R,2841.0,R,1019.0,R,1812.0,A,,R,10.0,R,2672.0,R,937.0,R,1726.0,A,,R,9.0,R,169.0,R,82.0,R,86.0,A,,R,1.0,R,182.0,R,6.0,R,2175.0,R,77.0,R,490.0,R,560.0,R,620.0,R,500.0,R,550.0,R,600.0,R,19.0,R,22.0,R,25.0,R,18.0,R,22.0,R,26.0,R,17.0,R,21.0,R,25.0
179867,5,5,1,5,1,5,5,1,3,5,1,5,R,32240,R,15206,R,17034,A,,R,0.0,R,3855.0,R,1847.0,R,2008.0,A,,R,0.0,R,1828.0,R,873.0,R,955.0,A,,R,0.0,R,1823.0,R,871.0,R,952.0,A,,R,0.0,R,5.0,R,2.0,R,3.0,A,,R,0.0,R,536.0,R,29.0,R,514.0,R,28.0,R,730.0,R,750.0,R,770.0,R,770.0,R,790.0,R,800.0,R,33.0,R,34.0,R,35.0,R,34.0,R,35.0,R,35.0,R,31.0,R,34.0,R,35.0
179894,1,5,1,5,5,1,5,1,5,3,5,3,R,5341,R,2618,R,2721,A,,R,2.0,R,3097.0,R,1470.0,R,1626.0,A,,R,1.0,R,452.0,R,179.0,R,273.0,A,,R,0.0,R,419.0,R,172.0,R,247.0,A,,R,0.0,R,33.0,R,7.0,R,26.0,A,,R,0.0,R,40.0,R,9.0,R,162.0,R,37.0,R,518.0,R,585.0,R,643.0,R,488.0,R,540.0,R,590.0,R,20.0,R,23.0,R,28.0,R,20.0,R,24.0,R,28.0,R,17.0,R,21.0,R,25.0
179946,1,5,1,5,5,3,5,1,3,5,5,5,R,2279,R,1157,R,1114,R,8.0,R,0.0,R,1768.0,R,858.0,R,902.0,R,8.0,R,0.0,R,160.0,R,84.0,R,76.0,R,0.0,R,0.0,R,160.0,R,84.0,R,76.0,A,,R,0.0,A,,A,,A,,A,,A,,R,12.0,R,8.0,R,112.0,R,70.0,R,410.0,R,530.0,R,580.0,R,470.0,R,490.0,R,540.0,R,18.0,R,21.0,R,23.0,R,16.0,R,20.0,R,23.0,R,17.0,R,21.0,R,23.0
179955,1,5,1,1,5,3,5,1,3,5,1,3,R,2132,R,1089,R,1036,A,,R,7.0,R,731.0,R,416.0,R,313.0,A,,R,2.0,R,229.0,R,131.0,R,98.0,A,,R,0.0,R,229.0,R,131.0,R,98.0,A,,R,0.0,A,,A,,A,,A,,A,,R,8.0,R,4.0,R,133.0,R,58.0,R,490.0,R,510.0,R,570.0,R,470.0,R,510.0,R,550.0,R,19.0,R,22.0,R,25.0,R,17.0,R,21.0,R,25.0,R,17.0,R,20.0,R,25.0
179964,1,3,1,3,3,3,5,1,3,3,5,3,R,1133,R,415,R,697,A,,R,21.0,R,844.0,R,285.0,R,543.0,A,,R,16.0,C,232.0,C,106.0,C,123.0,A,,R,3.0,C,219.0,R,101.0,C,115.0,A,,R,3.0,C,13.0,C,5.0,C,8.0,A,,R,0.0,R,0.0,Z,0.0,R,0.0,Z,0.0,A,,A,,A,,A,,A,,A,,A,,A,,A,,A,,A,,A,,A,,A,,A,
180106,1,3,1,3,3,3,5,1,3,3,5,3,R,1787,R,735,R,1052,A,,R,0.0,R,1298.0,R,512.0,R,786.0,A,,R,0.0,R,273.0,R,114.0,R,159.0,A,,R,0.0,R,273.0,R,114.0,R,159.0,A,,R,0.0,R,0.0,R,0.0,R,0.0,A,,R,0.0,R,13.0,R,5.0,R,8.0,R,3.0,R,540.0,R,570.0,R,660.0,R,540.0,R,570.0,R,670.0,R,24.0,R,25.0,R,29.0,R,22.0,R,24.0,R,28.0,R,21.0,R,25.0,R,26.0
180258,1,3,1,3,3,3,5,1,3,3,3,3,R,324,R,125,R,199,A,,R,0.0,R,208.0,R,76.0,R,132.0,A,,R,0.0,R,116.0,R,51.0,R,65.0,A,,R,0.0,R,108.0,R,45.0,R,63.0,A,,R,0.0,R,8.0,R,6.0,R,2.0,A,,R,0.0,R,9.0,R,8.0,R,24.0,R,21.0,R,445.0,R,520.0,R,580.0,R,400.0,R,480.0,R,555.0,R,16.0,R,18.0,R,24.0,R,14.0,R,16.0,R,22.0,R,16.0,R,19.0,R,24.0
180416,1,1,1,1,3,3,5,1,3,3,3,3,R,1623,R,913,R,710,A,,R,0.0,R,1459.0,R,807.0,R,652.0,A,,R,0.0,R,294.0,R,196.0,R,98.0,A,,R,0.0,R,288.0,R,191.0,R,97.0,A,,R,0.0,R,6.0,R,5.0,R,1.0,A,,R,0.0,R,31.0,R,11.0,R,223.0,R,78.0,R,520.0,R,580.0,R,620.0,R,540.0,R,590.0,R,630.0,R,18.0,R,22.0,R,25.0,R,18.0,R,21.0,R,23.0,R,18.0,R,23.0,R,26.0
180461,1,5,1,5,3,3,5,1,3,3,3,3,R,21975,R,10189,R,11508,A,,R,278.0,R,19081.0,R,8890.0,R,9952.0,A,,R,239.0,R,3634.0,R,1964.0,R,1645.0,A,,R,25.0,R,3273.0,R,1770.0,R,1481.0,A,,R,22.0,R,361.0,R,194.0,R,164.0,A,,R,3.0,R,915.0,R,25.0,R,1471.0,R,41.0,R,530.0,R,590.0,R,640.0,R,530.0,R,570.0,R,630.0,R,20.0,R,23.0,R,27.0,R,19.0,R,22.0,R,26.0,R,19.0,R,23.0,R,26.0
180489,1,5,1,1,3,3,5,1,3,3,3,3,R,9464,R,4042,R,5418,S,,S,,R,9048.0,R,3815.0,R,5231.0,S,,S,,R,1652.0,R,727.0,R,924.0,S,,S,,R,1561.0,R,690.0,R,870.0,S,,S,,R,91.0,R,37.0,R,54.0,S,,S,,R,1.0,R,1.0,R,11.0,R,1.0,S,,S,,S,,S,,S,,S,,R,23.0,R,24.0,R,28.0,A,,A,,A,,A,,A,,A,
180595,1,5,1,3,5,3,5,1,3,5,5,5,R,1471,R,717,R,754,A,,R,0.0,R,1072.0,R,531.0,R,541.0,A,,R,0.0,R,211.0,R,113.0,R,98.0,A,,R,0.0,R,211.0,R,113.0,R,98.0,A,,R,0.0,R,0.0,R,0.0,R,0.0,A,,R,0.0,R,17.0,R,8.0,R,99.0,R,47.0,R,520.0,R,580.0,R,620.0,R,470.0,R,530.0,R,620.0,R,19.0,R,21.0,R,24.0,R,18.0,R,21.0,R,24.0,R,17.0,R,20.0,R,24.0
180692,1,3,1,3,3,3,3,3,3,3,3,3,R,793,R,295,R,493,R,5.0,R,0.0,R,789.0,R,291.0,R,493.0,R,5.0,R,0.0,R,300.0,R,117.0,R,178.0,R,5.0,R,0.0,R,293.0,R,116.0,R,172.0,R,5.0,R,0.0,R,7.0,R,1.0,R,6.0,R,0.0,R,0.0,A,,A,,A,,A,,A,,A,,A,,A,,A,,A,,A,,A,,A,,A,,A,,A,,A,,A,,A,
180832,1,3,1,3,3,3,3,1,3,3,5,3,R,56,R,9,R,47,R,0.0,R,0.0,R,36.0,R,6.0,R,30.0,A,,R,0.0,R,36.0,R,6.0,R,30.0,A,,R,0.0,R,22.0,R,3.0,R,19.0,A,,R,0.0,R,14.0,R,3.0,R,11.0,A,,R,0.0,A,,A,,A,,A,,A,,A,,A,,A,,A,,A,,A,,A,,A,,A,,A,,A,,A,,A,,A,
180878,1,3,1,3,5,3,3,1,3,3,5,5,R,151,R,7,R,142,A,,R,2.0,R,95.0,R,5.0,R,88.0,A,,R,2.0,R,64.0,R,2.0,R,61.0,A,,R,1.0,R,46.0,R,2.0,R,43.0,A,,R,1.0,R,18.0,R,0.0,R,18.0,A,,R,0.0,A,,A,,A,,A,,A,,A,,A,,A,,A,,A,,A,,A,,A,,A,,A,,A,,A,,A,,A,
180984,1,3,1,5,5,3,5,5,3,3,5,3,R,1587,R,899,R,688,A,,R,0.0,R,1429.0,R,783.0,R,646.0,A,,R,0.0,R,381.0,R,194.0,R,187.0,A,,R,0.0,R,381.0,R,194.0,R,187.0,A,,R,0.0,A,,A,,A,,A,,A,,R,5.0,R,1.0,R,18.0,R,6.0,R,530.0,R,580.0,R,625.0,R,510.0,R,560.0,R,610.0,R,19.0,R,23.0,R,26.0,R,18.0,R,22.0,R,28.0,R,18.0,R,23.0,R,26.0
181002,1,5,1,1,1,3,5,1,3,5,1,3,R,7248,R,3037,R,4109,R,102.0,R,0.0,R,5241.0,R,2238.0,R,2963.0,R,40.0,R,0.0,R,1044.0,R,455.0,R,583.0,R,6.0,R,0.0,R,1044.0,R,455.0,R,583.0,R,6.0,R,0.0,A,,A,,A,,A,,A,,R,140.0,R,13.0,R,536.0,R,51.0,R,610.0,R,660.0,R,700.0,R,600.0,R,660.0,R,700.0,R,24.0,R,27.0,R,30.0,R,23.0,R,27.0,R,32.0,R,23.0,R,26.0,R,29.0
181020,1,1,1,5,5,3,3,1,3,5,5,5,R,1289,R,689,R,600,A,,R,0.0,R,1154.0,R,601.0,R,553.0,A,,R,0.0,R,246.0,R,135.0,R,111.0,A,,R,0.0,R,242.0,R,133.0,R,109.0,A,,R,0.0,R,4.0,R,2.0,R,2.0,A,,R,0.0,A,,A,,A,,A,,A,,A,,A,,A,,A,,A,,A,,A,,A,,A,,A,,A,,A,,A,,A,
181127,1,3,1,5,3,3,5,5,3,3,5,5,R,2257,R,1087,R,1147,S,,S,,R,1577.0,R,724.0,R,838.0,S,,S,,R,323.0,R,160.0,R,161.0,S,,S,,R,323.0,R,160.0,R,161.0,S,,S,,R,0.0,R,0.0,R,0.0,S,,S,,R,4.0,R,1.0,R,4.0,R,1.0,S,,S,,S,,S,,S,,S,,S,,S,,S,,S,,S,,S,,S,,S,,S,
181215,5,5,1,1,5,3,5,1,3,3,3,3,R,7253,R,3042,R,4203,R,8.0,R,0.0,R,6222.0,R,2525.0,R,3691.0,R,6.0,R,0.0,R,910.0,R,355.0,R,555.0,R,0.0,R,0.0,R,898.0,R,351.0,R,547.0,A,,R,0.0,R,12.0,R,4.0,R,8.0,A,,R,0.0,R,33.0,R,4.0,R,800.0,R,88.0,R,480.0,R,530.0,R,590.0,R,490.0,R,530.0,R,560.0,R,18.0,R,21.0,R,25.0,R,17.0,R,21.0,R,24.0,R,17.0,R,20.0,R,25.0
181297,1,3,1,3,3,3,3,5,3,5,1,5,R,111,R,8,R,103,S,,S,,R,98.0,R,8.0,R,90.0,S,,S,,R,55.0,R,5.0,R,50.0,S,,S,,R,51.0,R,4.0,R,47.0,S,,S,,R,4.0,R,1.0,R,3.0,S,,S,,A,,A,,A,,A,,A,,A,,A,,A,,A,,A,,A,,A,,A,,A,,A,,A,,A,,A,,A,
181330,1,3,1,5,5,3,5,1,3,3,5,3,R,1436,R,715,R,705,R,16.0,R,0.0,R,961.0,R,507.0,R,445.0,R,9.0,R,0.0,R,283.0,R,168.0,R,115.0,R,0.0,R,0.0,R,283.0,R,168.0,R,115.0,A,,R,0.0,A,,A,,A,,A,,A,,R,20.0,R,7.0,R,132.0,R,47.0,R,430.0,R,490.0,R,550.0,R,463.0,R,505.0,R,560.0,R,18.0,R,20.0,R,24.0,R,15.0,R,20.0,R,23.0,R,16.0,R,19.0,R,24.0
181394,1,1,1,1,5,3,1,1,3,5,5,3,R,9889,R,4146,R,5719,R,24.0,R,0.0,R,8594.0,R,3554.0,R,5020.0,R,20.0,R,0.0,R,2156.0,R,880.0,R,1267.0,R,9.0,R,0.0,R,2091.0,R,849.0,R,1233.0,R,9.0,R,0.0,R,65.0,R,31.0,R,34.0,R,0.0,R,0.0,Z,0.0,Z,0.0,R,1605.0,R,74.0,A,,A,,A,,A,,A,,A,,R,18.0,R,22.0,R,26.0,R,17.0,R,22.0,R,26.0,R,17.0,R,21.0,R,25.0
181446,1,5,1,5,5,5,5,1,3,5,5,5,R,2295,R,1161,R,1134,A,,R,0.0,R,1922.0,R,930.0,R,992.0,A,,R,0.0,R,440.0,R,217.0,R,223.0,A,,R,0.0,R,440.0,R,217.0,R,223.0,A,,R,0.0,A,,A,,A,,A,,A,,R,15.0,R,3.0,R,140.0,R,32.0,R,500.0,R,550.0,R,610.0,R,520.0,R,560.0,R,600.0,R,22.0,R,25.0,R,27.0,R,21.0,R,24.0,R,28.0,R,20.0,R,24.0,R,26.0
181464,5,5,1,5,3,3,5,5,3,3,3,3,R,18354,R,8107,R,10229,S,,S,,R,14146.0,R,6243.0,R,7891.0,S,,S,,R,4699.0,R,2274.0,R,2421.0,S,,S,,R,4676.0,R,2262.0,R,2410.0,S,,S,,R,23.0,R,12.0,R,11.0,S,,S,,R,378.0,R,8.0,R,3898.0,R,83.0,R,550.0,R,600.0,R,660.0,R,540.0,R,600.0,R,670.0,R,22.0,R,24.0,R,28.0,R,21.0,R,24.0,R,28.0,R,21.0,R,24.0,R,27.0
181543,1,3,1,3,1,3,1,1,3,3,3,3,R,7,R,2,R,5,A,,R,0.0,R,1.0,R,0.0,R,1.0,A,,R,0.0,R,1.0,A,,R,1.0,A,,R,0.0,R,1.0,A,,R,1.0,A,,R,0.0,R,0.0,A,,R,0.0,A,,R,0.0,R,0.0,R,0.0,R,1.0,R,100.0,A,,A,,A,,A,,A,,A,,S,,S,,S,,S,,S,,S,,S,,S,,S,
181604,1,5,1,1,5,5,5,1,3,5,5,3,R,430,R,0,R,430,A,,R,0.0,R,189.0,A,,R,189.0,A,,R,0.0,R,89.0,A,,R,89.0,A,,R,0.0,R,87.0,A,,R,87.0,A,,R,0.0,R,2.0,A,,R,2.0,A,,R,0.0,R,0.0,R,0.0,R,65.0,R,75.0,A,,A,,A,,A,,A,,A,,R,18.0,R,22.0,R,24.0,R,16.0,R,22.0,R,26.0,R,16.0,R,21.0,R,23.0
181738,1,3,1,3,3,3,3,1,3,3,5,5,R,936,R,371,R,565,R,0.0,R,0.0,R,935.0,R,371.0,R,564.0,A,,R,0.0,R,91.0,R,37.0,R,54.0,A,,R,0.0,R,90.0,R,37.0,R,53.0,A,,R,0.0,R,1.0,R,0.0,R,1.0,A,,R,0.0,A,,A,,A,,A,,A,,A,,A,,A,,A,,A,,A,,A,,A,,A,,A,,A,,A,,A,,A,
181853,1,5,1,5,3,3,5,1,3,3,3,3,R,506,R,237,R,269,A,,R,0.0,R,241.0,R,116.0,R,125.0,A,,R,0.0,R,114.0,R,51.0,R,63.0,A,,R,0.0,R,114.0,R,51.0,R,63.0,A,,R,0.0,A,,A,,A,,A,,A,,R,41.0,R,36.0,R,62.0,R,54.0,R,430.0,R,460.0,R,520.0,R,415.0,R,480.0,R,540.0,R,16.0,R,19.0,R,23.0,R,13.0,R,19.0,R,22.0,R,16.0,R,18.0,R,22.0
182281,1,3,1,5,3,3,5,1,3,3,3,3,R,12232,R,4991,R,7206,R,22.0,R,13.0,R,11774.0,R,4782.0,R,6959.0,R,20.0,R,13.0,R,4583.0,R,1961.0,R,2609.0,R,9.0,R,4.0,R,4486.0,R,1917.0,R,2556.0,R,9.0,R,4.0,R,97.0,R,44.0,R,53.0,R,0.0,R,0.0,R,481.0,R,11.0,R,3011.0,R,67.0,R,500.0,R,560.0,R,620.0,R,480.0,R,540.0,R,610.0,R,18.0,R,21.0,R,24.0,R,17.0,R,21.0,R,24.0,R,16.0,R,19.0,R,24.0
182290,1,3,1,1,3,3,3,1,5,3,3,3,R,10142,R,4372,R,5728,R,11.0,R,31.0,R,8652.0,R,3693.0,R,4922.0,R,9.0,R,28.0,C,3421.0,C,1503.0,C,1897.0,R,0.0,R,21.0,R,3388.0,C,1487.0,C,1880.0,A,,R,21.0,C,33.0,R,16.0,C,17.0,A,,R,0.0,A,,A,,A,,A,,A,,A,,A,,A,,A,,A,,A,,A,,A,,A,,A,,A,,A,,A,,A,
182634,1,3,1,5,5,5,3,1,3,3,1,3,R,1557,R,495,R,1062,A,,R,0.0,R,1401.0,R,427.0,R,974.0,A,,R,0.0,R,174.0,R,52.0,R,122.0,A,,R,0.0,R,174.0,R,52.0,R,122.0,A,,R,0.0,R,0.0,R,0.0,R,0.0,A,,R,0.0,A,,A,,A,,A,,A,,A,,A,,A,,A,,A,,A,,A,,A,,A,,A,,A,,A,,A,,A,
182670,1,5,1,1,1,5,5,1,3,5,1,5,R,28841,R,13262,R,14820,R,759.0,R,0.0,R,1797.0,R,898.0,R,858.0,R,41.0,R,0.0,R,1206.0,R,616.0,R,571.0,R,19.0,R,0.0,R,1206.0,R,616.0,R,571.0,R,19.0,R,0.0,A,,A,,A,,A,,A,,R,516.0,R,43.0,R,283.0,R,23.0,R,740.0,R,760.0,R,780.0,R,760.0,R,780.0,R,790.0,R,33.0,R,34.0,R,35.0,R,35.0,R,35.0,R,36.0,R,31.0,R,34.0,R,35.0
182795,1,5,1,1,5,5,5,1,5,5,5,3,R,2731,R,1226,R,1468,S,,S,,R,2463.0,R,1110.0,R,1337.0,S,,S,,R,268.0,R,152.0,R,116.0,S,,S,,R,266.0,R,152.0,R,114.0,S,,S,,R,2.0,R,0.0,R,2.0,S,,S,,R,15.0,R,6.0,R,0.0,Z,0.0,R,490.0,R,530.0,R,580.0,R,455.0,R,500.0,R,560.0,A,,A,,A,,A,,A,,A,,A,,A,,A,
182917,1,5,1,1,1,5,5,3,3,5,1,5,R,45,R,19,R,26,A,,R,0.0,R,20.0,R,10.0,R,10.0,A,,R,0.0,R,20.0,R,10.0,R,10.0,A,,R,0.0,R,20.0,R,10.0,R,10.0,A,,R,0.0,A,,A,,A,,A,,A,,R,0.0,R,0.0,R,0.0,R,0.0,A,,A,,A,,A,,A,,A,,A,,A,,A,,A,,A,,A,,A,,A,,A,
182980,1,5,5,5,1,1,3,1,3,5,1,5,R,2841,R,1158,R,1602,S,,S,,R,2720.0,R,1106.0,R,1549.0,S,,S,,R,234.0,R,98.0,R,133.0,S,,S,,R,231.0,R,97.0,R,131.0,S,,S,,R,3.0,R,1.0,R,2.0,S,,S,,A,,A,,A,,A,,A,,A,,A,,A,,A,,A,,A,,A,,A,,A,,A,,A,,A,,A,,A,
183026,1,3,1,1,1,3,3,1,3,5,1,3,R,45127,R,17753,R,27374,A,,R,0.0,R,43377.0,R,16809.0,R,26568.0,A,,R,0.0,R,15345.0,R,5623.0,R,9722.0,A,,R,0.0,R,3422.0,R,1206.0,R,2216.0,A,,R,0.0,R,11923.0,R,4417.0,R,7506.0,A,,R,0.0,A,,A,,A,,A,,A,,A,,A,,A,,A,,A,,A,,A,,A,,A,,A,,A,,A,,A,,A,
183044,5,5,1,1,1,3,5,1,3,3,1,3,R,20887,R,8561,R,12325,S,,S,,R,18144.0,R,7198.0,R,10945.0,S,,S,,R,2607.0,R,1110.0,R,1496.0,S,,S,,R,2605.0,R,1110.0,R,1495.0,S,,S,,R,2.0,R,0.0,R,1.0,S,,S,,R,795.0,R,30.0,R,59.0,R,2.0,R,570.0,R,620.0,R,670.0,R,550.0,R,600.0,R,650.0,R,26.0,R,29.0,R,31.0,R,25.0,R,29.0,R,33.0,R,23.0,R,26.0,R,28.0
183062,1,5,1,1,5,3,3,5,3,3,1,3,R,4666,R,1998,R,2668,A,,R,0.0,R,4157.0,R,1757.0,R,2400.0,A,,R,0.0,R,728.0,R,340.0,R,388.0,A,,R,0.0,R,727.0,R,340.0,R,387.0,A,,R,0.0,R,1.0,Z,0.0,R,1.0,A,,R,0.0,A,,A,,A,,A,,A,,A,,A,,A,,A,,A,,A,,A,,A,,A,,A,,A,,A,,A,,A,
183071,5,5,1,1,1,3,5,1,3,3,1,3,R,505,R,212,R,293,R,0.0,R,0.0,R,441.0,R,178.0,R,263.0,A,,R,0.0,R,72.0,R,40.0,R,32.0,A,,R,0.0,R,68.0,R,38.0,R,30.0,A,,R,0.0,R,4.0,R,2.0,R,2.0,A,,R,0.0,R,21.0,R,29.0,R,2.0,R,3.0,R,530.0,R,580.0,R,630.0,R,500.0,R,560.0,R,620.0,S,,S,,S,,S,,S,,S,,S,,S,,S,
183080,1,3,1,1,5,3,3,1,3,5,5,5,R,7421,R,3518,R,3902,A,,R,1.0,R,6755.0,R,3158.0,R,3596.0,A,,R,1.0,R,985.0,R,533.0,R,452.0,A,,R,0.0,R,982.0,R,530.0,R,452.0,A,,R,0.0,R,3.0,R,3.0,R,0.0,A,,R,0.0,A,,A,,A,,A,,A,,A,,A,,A,,A,,A,,A,,A,,A,,A,,A,,A,,A,,A,,A,
183211,1,3,1,1,1,5,3,1,3,3,1,3,R,1749,R,614,R,1135,R,0.0,R,0.0,R,1430.0,R,459.0,R,971.0,A,,R,0.0,R,292.0,R,94.0,R,198.0,A,,R,0.0,R,280.0,R,93.0,R,187.0,A,,R,0.0,R,12.0,R,1.0,R,11.0,A,,R,0.0,A,,A,,A,,A,,A,,A,,A,,A,,A,,A,,A,,A,,A,,A,,A,,A,,A,,A,,A,
183239,1,5,1,1,1,3,5,1,3,5,1,5,R,4165,R,1775,R,2390,A,,R,0.0,R,3262.0,R,1337.0,R,1925.0,A,,R,0.0,R,572.0,R,234.0,R,338.0,A,,R,0.0,R,572.0,R,234.0,R,338.0,A,,R,0.0,R,0.0,R,0.0,R,0.0,A,,R,0.0,R,149.0,R,26.0,R,6.0,R,1.0,R,560.0,R,600.0,R,650.0,R,530.0,R,580.0,R,620.0,R,25.0,R,26.0,R,27.0,R,21.0,R,24.0,R,29.0,R,25.0,R,27.0,R,28.0
183822,1,5,1,5,1,5,5,1,3,3,3,3,R,3491,R,1153,R,2311,R,27.0,R,0.0,R,2347.0,R,837.0,R,1483.0,R,27.0,R,0.0,R,182.0,R,77.0,R,105.0,R,0.0,R,0.0,R,180.0,R,76.0,R,104.0,A,,R,0.0,R,2.0,R,1.0,R,1.0,A,,R,0.0,R,4.0,R,2.0,R,1.0,R,1.0,S,,S,,S,,S,,S,,S,,S,,S,,S,,S,,S,,S,,S,,S,,S,
183910,1,5,1,5,5,3,3,1,3,5,5,3,R,7845,R,3507,R,4273,R,65.0,R,0.0,R,5131.0,R,2156.0,R,2969.0,R,6.0,R,0.0,R,343.0,R,141.0,R,202.0,R,0.0,R,0.0,R,336.0,R,137.0,R,199.0,A,,R,0.0,R,7.0,R,4.0,R,3.0,A,,R,0.0,A,,A,,A,,A,,A,,A,,A,,A,,A,,A,,A,,A,,A,,A,,A,,A,,A,,A,,A,
183974,1,3,1,3,3,3,5,1,3,3,5,3,R,1294,R,470,R,821,S,,S,,R,1251.0,R,450.0,R,799.0,S,,S,,R,181.0,R,81.0,R,99.0,S,,S,,R,181.0,R,81.0,R,99.0,S,,S,,R,0.0,R,0.0,R,0.0,S,,S,,R,0.0,R,0.0,R,0.0,R,0.0,A,,A,,A,,A,,A,,A,,A,,A,,A,,A,,A,,A,,A,,A,,A,
184348,1,5,1,5,1,3,5,1,3,3,1,3,R,4604,R,1972,R,2632,A,,R,0.0,R,3197.0,R,1279.0,R,1918.0,A,,R,0.0,R,404.0,R,175.0,R,229.0,A,,R,0.0,R,404.0,R,175.0,R,229.0,A,,R,0.0,A,,A,,A,,A,,A,,R,111.0,R,28.0,R,19.0,R,5.0,R,560.0,R,620.0,R,680.0,R,550.0,R,620.0,R,640.0,R,25.0,R,27.0,R,31.0,R,25.0,R,29.0,R,35.0,R,20.0,R,25.0,R,28.0
184603,1,3,1,1,5,3,5,1,3,5,5,3,R,4259,R,1874,R,2381,S,,S,,R,4085.0,R,1745.0,R,2336.0,S,,S,,R,606.0,R,273.0,R,333.0,S,,S,,R,551.0,R,253.0,R,298.0,S,,S,,R,55.0,R,20.0,R,35.0,S,,S,,R,1.0,R,1.0,A,,A,,S,,S,,S,,S,,S,,S,,A,,A,,A,,A,,A,,A,,A,,A,,A,
184612,1,1,1,1,3,3,5,1,3,3,3,5,R,2254,R,857,R,1397,A,,R,0.0,R,2119.0,R,789.0,R,1330.0,A,,R,0.0,R,350.0,R,138.0,R,212.0,A,,R,0.0,R,350.0,R,138.0,R,212.0,A,,R,0.0,A,,A,,A,,A,,A,,R,37.0,R,11.0,R,2.0,R,1.0,R,450.0,R,500.0,R,570.0,R,440.0,R,520.0,R,580.0,S,,S,,S,,S,,S,,S,,S,,S,,S,
184694,1,3,1,1,5,3,5,1,3,5,5,3,R,4457,R,1955,R,2500,S,,S,,R,4246.0,R,1832.0,R,2412.0,S,,S,,R,512.0,R,222.0,R,290.0,S,,S,,R,506.0,R,220.0,R,286.0,S,,S,,R,6.0,R,2.0,R,4.0,S,,S,,R,1.0,R,1.0,R,2.0,R,1.0,S,,S,,S,,S,,S,,S,,S,,S,,S,,S,,S,,S,,S,,S,,S,
184773,1,5,1,1,1,5,5,1,3,5,1,5,R,2317,R,808,R,1509,A,,R,0.0,R,1634.0,R,527.0,R,1107.0,A,,R,0.0,R,232.0,R,85.0,R,147.0,A,,R,0.0,R,226.0,R,85.0,R,141.0,A,,R,0.0,R,6.0,R,0.0,R,6.0,A,,R,0.0,R,3.0,R,1.0,R,0.0,R,0.0,S,,S,,S,,S,,S,,S,,A,,A,,A,,A,,A,,A,,A,,A,,A,
184782,1,3,1,5,5,1,5,1,3,3,3,3,R,17923,R,8739,R,9184,S,,S,,R,13948.0,R,6674.0,R,7274.0,S,,S,,R,2555.0,R,1395.0,R,1160.0,S,,S,,R,2539.0,R,1387.0,R,1152.0,S,,S,,R,16.0,R,8.0,R,8.0,S,,S,,R,824.0,R,32.0,R,44.0,R,2.0,R,560.0,R,610.0,R,660.0,R,540.0,R,600.0,R,650.0,R,26.0,R,28.0,R,30.0,R,23.0,R,27.0,R,31.0,R,25.0,R,27.0,R,30.0
184968,3,3,1,3,3,1,3,3,1,3,3,3,R,4,R,0,R,4,A,,R,0.0,R,1.0,A,,R,1.0,A,,R,0.0,R,1.0,A,,R,1.0,A,,R,0.0,R,1.0,A,,R,1.0,A,,R,0.0,A,,A,,A,,A,,A,,A,,A,,A,,A,,A,,A,,A,,A,,A,,A,,A,,A,,A,,A,,A,,A,,A,,A,,A,
185129,1,5,1,5,1,5,3,1,3,3,1,3,R,5757,R,2309,R,3440,A,,R,8.0,R,5134.0,R,2017.0,R,3110.0,A,,R,7.0,R,576.0,R,287.0,R,286.0,A,,R,3.0,R,560.0,R,277.0,R,281.0,A,,R,2.0,R,16.0,R,10.0,R,5.0,A,,R,1.0,A,,A,,A,,A,,A,,A,,A,,A,,A,,A,,A,,A,,A,,A,,A,,A,,A,,A,,A,
185262,1,5,1,1,5,5,5,1,3,5,1,5,R,12142,R,4755,R,7387,R,0.0,R,0.0,R,9335.0,R,3479.0,R,5856.0,A,,R,0.0,R,1968.0,R,822.0,R,1146.0,A,,R,0.0,R,1931.0,R,807.0,R,1124.0,A,,R,0.0,R,37.0,R,15.0,R,22.0,A,,R,0.0,R,10.0,R,1.0,R,0.0,R,0.0,R,515.0,R,570.0,R,598.0,R,505.0,R,580.0,R,600.0,A,,A,,A,,A,,A,,A,,A,,A,,A,
185572,1,3,1,1,1,3,5,1,3,5,1,3,R,8410,R,3213,R,5197,A,,R,0.0,R,7530.0,R,2762.0,R,4768.0,A,,R,0.0,R,975.0,R,363.0,R,612.0,A,,R,0.0,R,974.0,R,363.0,R,611.0,A,,R,0.0,R,1.0,Z,0.0,R,1.0,A,,R,0.0,R,215.0,R,22.0,R,19.0,R,2.0,R,570.0,R,610.0,R,640.0,R,555.0,R,590.0,R,630.0,R,24.0,R,26.0,R,28.0,R,23.0,R,25.0,R,28.0,R,22.0,R,26.0,R,28.0
185590,1,5,1,1,1,5,5,1,3,5,1,3,R,23599,R,9247,R,14352,A,,R,0.0,R,20629.0,R,7786.0,R,12843.0,A,,R,0.0,R,4039.0,R,1666.0,R,2373.0,A,,R,0.0,R,4019.0,R,1654.0,R,2365.0,A,,R,0.0,R,20.0,R,12.0,R,8.0,A,,R,0.0,R,329.0,R,8.0,A,,A,,R,480.0,R,550.0,R,620.0,R,460.0,R,530.0,R,605.0,A,,A,,A,,A,,A,,A,,A,,A,,A,
185679,3,3,1,3,1,1,3,3,1,3,1,3,R,238,R,19,R,219,R,0.0,R,0.0,R,229.0,R,15.0,R,214.0,A,,R,0.0,R,31.0,R,4.0,R,27.0,A,,R,0.0,R,8.0,R,2.0,R,6.0,A,,R,0.0,R,23.0,R,2.0,R,21.0,A,,R,0.0,A,,A,,A,,A,,A,,A,,A,,A,,A,,A,,A,,A,,A,,A,,A,,A,,A,,A,,A,
185828,1,5,1,1,1,1,5,1,3,3,3,3,R,13993,R,8974,R,4994,A,,R,25.0,R,9362.0,R,5689.0,R,3661.0,A,,R,12.0,R,1762.0,R,1171.0,R,591.0,A,,R,0.0,R,1635.0,R,1083.0,R,552.0,A,,R,0.0,R,127.0,R,88.0,R,39.0,A,,R,0.0,R,752.0,R,43.0,R,76.0,R,4.0,R,590.0,R,650.0,R,710.0,R,620.0,R,685.0,R,760.0,R,25.0,R,29.0,R,32.0,R,24.0,R,28.0,R,34.0,R,25.0,R,28.0,R,32.0
186131,5,5,1,5,1,5,5,1,3,5,1,5,R,39644,R,19541,R,20103,A,,R,0.0,R,1782.0,R,870.0,R,912.0,A,,R,0.0,R,1366.0,R,670.0,R,696.0,A,,R,0.0,R,1366.0,R,670.0,R,696.0,A,,R,0.0,A,,A,,A,,A,,A,,R,774.0,R,57.0,R,278.0,R,20.0,R,740.0,R,760.0,R,780.0,R,760.0,R,780.0,R,800.0,R,34.0,R,34.0,R,35.0,R,35.0,R,35.0,R,36.0,R,32.0,R,34.0,R,35.0
186186,5,3,5,1,1,5,3,3,3,3,5,5,R,70,R,70,Z,0,A,,R,0.0,R,61.0,R,61.0,A,,A,,R,0.0,R,53.0,R,53.0,A,,A,,R,0.0,R,53.0,R,53.0,A,,A,,R,0.0,A,,A,,A,,A,,A,,A,,A,,A,,A,,A,,A,,A,,A,,A,,A,,A,,A,,A,,A,,A,,A,,A,,A,,A,
186201,1,5,1,1,1,3,5,1,3,3,5,3,R,7553,R,3007,R,4546,A,,R,0.0,R,5530.0,R,2168.0,R,3362.0,A,,R,0.0,R,1012.0,R,422.0,R,590.0,A,,R,0.0,R,1007.0,R,418.0,R,589.0,A,,R,0.0,R,5.0,R,4.0,R,1.0,A,,R,0.0,R,54.0,R,5.0,R,20.0,R,2.0,R,560.0,R,610.0,R,640.0,R,560.0,R,580.0,R,630.0,R,21.0,R,24.0,R,26.0,R,20.0,R,24.0,R,27.0,R,18.0,R,21.0,R,27.0
186283,1,3,1,1,1,3,5,3,3,3,1,3,R,9069,R,3640,R,5427,S,,S,,R,7201.0,R,2912.0,R,4288.0,S,,S,,R,806.0,R,347.0,R,459.0,S,,S,,R,804.0,R,347.0,R,457.0,S,,S,,R,2.0,R,0.0,R,2.0,S,,S,,R,145.0,R,18.0,R,18.0,R,2.0,R,560.0,R,620.0,R,660.0,R,540.0,R,590.0,R,650.0,R,22.0,R,27.0,R,29.0,R,23.0,R,26.0,R,32.0,R,18.0,R,23.0,R,28.0
186371,1,5,1,1,3,3,5,1,3,3,1,3,R,11951,R,5158,R,6793,R,0.0,R,0.0,R,9292.0,R,4019.0,R,5273.0,A,,R,0.0,R,580.0,R,252.0,R,328.0,A,,R,0.0,R,575.0,R,252.0,R,323.0,A,,R,0.0,R,5.0,R,0.0,R,5.0,A,,R,0.0,R,155.0,R,27.0,R,12.0,R,2.0,R,510.0,R,560.0,R,625.0,R,500.0,R,560.0,R,630.0,R,18.0,R,21.0,R,26.0,R,16.0,R,21.0,R,27.0,R,16.0,R,18.0,R,26.0
186380,1,5,1,1,3,3,5,1,3,5,1,3,R,43347,R,20326,R,23021,Z,0.0,R,0.0,R,28326.0,R,13052.0,R,15274.0,A,,R,0.0,R,7681.0,R,3711.0,R,3970.0,A,,R,0.0,R,7670.0,R,3709.0,R,3961.0,A,,R,0.0,R,11.0,R,2.0,R,9.0,A,,R,0.0,R,3908.0,R,51.0,R,414.0,R,5.0,R,630.0,R,680.0,R,720.0,R,640.0,R,700.0,R,760.0,R,28.0,R,31.0,R,33.0,R,27.0,R,31.0,R,34.0,R,26.0,R,29.0,R,33.0
186399,1,5,1,1,3,3,3,1,3,5,1,3,R,17779,R,8049,R,9730,Z,0.0,R,0.0,R,13997.0,R,6215.0,R,7782.0,A,,R,0.0,R,1408.0,R,695.0,R,713.0,A,,R,0.0,R,1403.0,R,693.0,R,710.0,A,,R,0.0,R,5.0,R,2.0,R,3.0,A,,R,0.0,A,,A,,A,,A,,A,,A,,A,,A,,A,,A,,A,,A,,A,,A,,A,,A,,A,,A,,A,
186432,1,5,1,5,1,3,3,1,5,3,1,5,R,4381,R,2018,R,2363,A,,R,0.0,R,3966.0,R,1790.0,R,2176.0,A,,R,0.0,R,454.0,R,206.0,R,248.0,A,,R,0.0,R,451.0,R,206.0,R,245.0,A,,R,0.0,R,3.0,R,0.0,R,3.0,A,,R,0.0,A,,A,,A,,A,,A,,A,,A,,A,,A,,A,,A,,A,,A,,A,,A,,A,,A,,A,,A,
186584,1,5,1,1,1,3,5,1,3,3,5,5,R,23748,R,10399,R,13349,A,,R,0.0,R,18738.0,R,8106.0,R,10632.0,A,,R,0.0,R,1572.0,R,687.0,R,885.0,A,,R,0.0,R,1569.0,R,685.0,R,884.0,A,,R,0.0,R,3.0,R,2.0,R,1.0,A,,R,0.0,R,373.0,R,24.0,R,67.0,R,4.0,R,620.0,R,650.0,R,700.0,R,600.0,R,650.0,R,700.0,R,27.0,R,29.0,R,31.0,R,27.0,R,31.0,R,34.0,R,26.0,R,27.0,R,30.0
186618,1,5,1,1,5,3,5,1,3,5,1,3,R,1777,R,700,R,1077,R,0.0,R,0.0,R,1372.0,R,504.0,R,868.0,A,,R,0.0,R,136.0,R,53.0,R,83.0,A,,R,0.0,R,136.0,R,53.0,R,83.0,A,,R,0.0,R,0.0,R,0.0,R,0.0,A,,R,0.0,R,0.0,R,0.0,R,0.0,R,0.0,A,,A,,A,,A,,A,,A,,A,,A,,A,,A,,A,,A,,A,,A,,A,
186867,1,3,1,1,1,5,5,1,3,5,1,3,R,14170,R,9115,R,5055,A,,R,0.0,R,6156.0,R,3684.0,R,2472.0,A,,R,0.0,R,1024.0,R,671.0,R,353.0,A,,R,0.0,R,1024.0,R,671.0,R,353.0,A,,R,0.0,A,,A,,A,,A,,A,,R,411.0,R,40.0,R,86.0,R,8.0,R,670.0,R,700.0,R,730.0,R,700.0,R,740.0,R,770.0,R,31.0,R,33.0,R,34.0,R,31.0,R,34.0,R,35.0,R,29.0,R,31.0,R,34.0
186876,1,3,1,1,5,3,5,1,3,3,5,3,R,9338,R,3531,R,5807,A,,R,0.0,R,8233.0,R,3029.0,R,5204.0,A,,R,0.0,R,1530.0,R,611.0,R,919.0,A,,R,0.0,R,1527.0,R,608.0,R,919.0,A,,R,0.0,R,3.0,R,3.0,R,0.0,A,,R,0.0,R,409.0,R,27.0,R,18.0,R,1.0,R,540.0,R,590.0,R,640.0,R,540.0,R,580.0,R,620.0,R,20.0,R,24.0,R,27.0,R,17.0,R,24.0,R,27.0,R,19.0,R,24.0,R,26.0
186900,5,3,5,1,1,5,3,3,3,3,5,5,R,24,R,24,Z,0,A,,R,0.0,R,10.0,R,10.0,A,,A,,R,0.0,R,10.0,R,10.0,A,,A,,R,0.0,R,10.0,R,10.0,A,,A,,R,0.0,A,,A,,A,,A,,A,,A,,A,,A,,A,,A,,A,,A,,A,,A,,A,,A,,A,,A,,A,,A,,A,,A,,A,,A,
187134,5,5,1,5,5,5,5,1,3,5,1,5,R,11668,R,5132,R,6536,A,,R,0.0,R,7251.0,R,3055.0,R,4196.0,A,,R,0.0,R,1547.0,R,657.0,R,890.0,A,,R,0.0,R,1544.0,R,654.0,R,890.0,A,,R,0.0,R,3.0,R,3.0,R,0.0,A,,R,0.0,R,647.0,R,42.0,R,62.0,R,4.0,R,570.0,R,620.0,R,670.0,R,570.0,R,620.0,R,670.0,R,25.0,R,28.0,R,31.0,A,,A,,A,,R,25.0,R,26.0,R,29.0
187444,1,3,1,1,5,5,5,1,3,5,5,5,R,7754,R,3200,R,4534,A,,R,20.0,R,7174.0,R,2912.0,R,4246.0,A,,R,16.0,R,883.0,R,380.0,R,500.0,A,,R,3.0,R,872.0,R,376.0,R,496.0,A,,R,0.0,R,11.0,R,4.0,R,4.0,A,,R,3.0,R,4.0,R,1.0,R,0.0,R,0.0,S,,S,,S,,S,,S,,S,,A,,A,,A,,A,,A,,A,,A,,A,,A,
187648,1,5,1,5,3,3,5,1,3,3,5,3,R,2085,R,861,R,1224,A,,R,0.0,R,1145.0,R,498.0,R,647.0,A,,R,0.0,R,490.0,R,222.0,R,268.0,A,,R,0.0,R,478.0,R,217.0,R,261.0,A,,R,0.0,R,12.0,R,5.0,R,7.0,A,,R,0.0,R,276.0,R,56.0,R,99.0,R,20.0,R,430.0,R,480.0,R,540.0,R,420.0,R,480.0,R,530.0,R,15.0,R,18.0,R,21.0,R,14.0,R,17.0,R,22.0,R,15.0,R,17.0,R,20.0
187745,1,3,1,3,1,1,5,5,5,3,3,3,R,83,R,22,R,61,S,,S,,R,83.0,R,22.0,R,61.0,S,,S,,R,58.0,R,17.0,R,41.0,S,,S,,R,46.0,R,13.0,R,33.0,S,,S,,R,12.0,R,4.0,R,8.0,S,,S,,R,0.0,Z,0.0,A,,A,,A,,A,,A,,A,,A,,A,,A,,A,,A,,A,,A,,A,,A,,A,,A,
187912,1,5,1,3,3,3,3,1,3,3,5,5,R,464,R,366,R,98,A,,R,0.0,R,268.0,R,227.0,R,41.0,A,,R,0.0,R,203.0,R,170.0,R,33.0,A,,R,0.0,R,203.0,R,170.0,R,33.0,A,,R,0.0,A,,A,,A,,A,,A,,A,,A,,A,,A,,A,,A,,A,,A,,A,,A,,A,,A,,A,,A,,A,,A,,A,,A,,A,
187967,1,5,1,5,5,3,1,1,3,3,3,3,R,1112,R,685,R,425,S,,S,,R,600.0,R,387.0,R,213.0,S,,S,,R,222.0,R,158.0,R,64.0,S,,S,,R,222.0,R,158.0,R,64.0,S,,S,,R,0.0,R,0.0,R,0.0,S,,S,,R,176.0,R,79.0,R,55.0,R,25.0,R,500.0,R,600.0,R,650.0,R,540.0,R,580.0,R,640.0,R,20.0,R,24.0,R,28.0,R,19.0,R,22.0,R,27.0,R,17.0,R,23.0,R,27.0
187985,1,3,1,1,3,3,5,1,3,3,3,3,R,12907,R,5448,R,7459,S,,S,,R,12320.0,R,5192.0,R,7128.0,S,,S,,R,3612.0,R,1567.0,R,2045.0,S,,S,,R,3509.0,R,1520.0,R,1989.0,S,,S,,R,103.0,R,47.0,R,56.0,S,,S,,R,2294.0,R,64.0,R,535.0,R,15.0,R,460.0,R,520.0,R,590.0,R,440.0,R,510.0,R,570.0,R,19.0,R,22.0,R,26.0,R,18.0,R,21.0,R,25.0,R,17.0,R,21.0,R,25.0
188030,1,5,1,3,3,3,5,1,3,3,3,3,R,15201,R,5943,R,9258,A,,R,0.0,R,11511.0,R,4334.0,R,7177.0,A,,R,0.0,R,2391.0,R,995.0,R,1396.0,A,,R,0.0,R,2366.0,R,984.0,R,1382.0,A,,R,0.0,R,25.0,R,11.0,R,14.0,A,,R,0.0,R,1686.0,R,71.0,R,532.0,R,22.0,R,450.0,R,500.0,R,560.0,R,435.0,R,490.0,R,550.0,R,17.0,R,20.0,R,24.0,R,15.0,R,19.0,R,23.0,R,16.0,R,18.0,R,23.0
188429,1,5,1,5,1,5,5,1,3,5,1,5,R,17111,R,6289,R,10821,A,,R,1.0,R,13263.0,R,4666.0,R,8597.0,A,,R,0.0,R,1377.0,R,460.0,R,917.0,A,,R,0.0,R,1368.0,R,453.0,R,915.0,A,,R,0.0,R,9.0,R,7.0,R,2.0,A,,R,0.0,R,318.0,R,23.0,R,46.0,R,3.0,R,580.0,R,610.0,R,650.0,R,560.0,R,600.0,R,660.0,R,24.0,R,28.0,R,30.0,R,24.0,R,29.0,R,34.0,R,23.0,R,26.0,R,27.0
188526,1,5,1,5,1,3,5,1,3,5,5,3,R,2292,R,766,R,1524,A,,R,2.0,R,1354.0,R,394.0,R,958.0,A,,R,2.0,R,134.0,R,58.0,R,76.0,A,,R,0.0,R,134.0,R,58.0,R,76.0,A,,R,0.0,A,,A,,A,,A,,A,,R,67.0,R,50.0,R,5.0,R,4.0,R,560.0,R,630.0,R,680.0,R,560.0,R,640.0,R,700.0,R,28.0,R,31.0,R,33.0,A,,A,,A,,A,,A,,A,
188641,5,5,1,5,1,1,5,1,3,5,1,3,R,7761,R,3643,R,4118,S,,S,,R,3751.0,R,1568.0,R,2183.0,S,,S,,R,432.0,R,203.0,R,229.0,S,,S,,R,432.0,R,203.0,R,229.0,S,,S,,A,,A,,A,,S,,S,,R,115.0,R,27.0,R,20.0,R,5.0,R,540.0,R,600.0,R,640.0,R,560.0,R,590.0,R,640.0,R,24.0,R,27.0,R,31.0,R,22.0,R,26.0,R,31.0,R,23.0,R,26.0,R,28.0
188669,3,3,3,3,3,1,3,3,3,3,3,3,R,122,R,11,R,107,S,,S,,R,60.0,R,4.0,R,54.0,S,,S,,R,20.0,R,1.0,R,19.0,S,,S,,R,20.0,R,1.0,R,19.0,S,,S,,A,,A,,A,,S,,S,,A,,A,,A,,A,,A,,A,,A,,A,,A,,A,,A,,A,,A,,A,,A,,A,,A,,A,,A,
188678,1,3,1,3,1,1,3,3,3,3,3,3,R,327,R,117,R,210,A,,R,0.0,R,266.0,R,92.0,R,174.0,A,,R,0.0,R,105.0,R,34.0,R,71.0,A,,R,0.0,R,105.0,R,34.0,R,71.0,A,,R,0.0,A,,A,,A,,A,,A,,A,,A,,A,,A,,A,,A,,A,,A,,A,,A,,A,,A,,A,,A,,A,,A,,A,,A,,A,
188854,1,3,1,5,1,1,3,1,3,5,1,5,R,6580,R,1640,R,4366,R,574.0,R,0.0,R,1626.0,R,411.0,R,1058.0,R,157.0,R,0.0,R,387.0,R,96.0,R,249.0,R,42.0,R,0.0,R,387.0,R,96.0,R,249.0,R,42.0,R,0.0,A,,A,,A,,A,,A,,A,,A,,A,,A,,A,,A,,A,,A,,A,,A,,A,,A,,A,,A,,A,,A,,A,,A,,A,
188915,1,1,1,3,1,5,3,3,1,5,1,3,R,3,R,0,R,3,A,,R,0.0,R,3.0,A,,R,3.0,A,,R,0.0,R,3.0,A,,R,3.0,A,,R,0.0,R,1.0,A,,R,1.0,A,,R,0.0,R,2.0,A,,R,2.0,A,,R,0.0,A,,A,,A,,A,,A,,A,,A,,A,,A,,A,,A,,A,,A,,A,,A,,A,,A,,A,,A,
188942,5,3,5,1,1,5,3,3,3,3,5,5,R,97,Z,0,R,97,A,,R,0.0,R,97.0,A,,R,97.0,A,,R,0.0,R,89.0,A,,R,89.0,A,,R,0.0,R,88.0,A,,R,88.0,A,,R,0.0,R,1.0,A,,R,1.0,A,,R,0.0,A,,A,,A,,A,,A,,A,,A,,A,,A,,A,,A,,A,,A,,A,,A,,A,,A,,A,,A,
189088,1,5,1,3,1,5,5,1,3,5,1,3,R,6628,R,2289,R,4339,A,,R,0.0,R,3466.0,R,1058.0,R,2408.0,A,,R,0.0,R,402.0,R,151.0,R,251.0,A,,R,0.0,R,402.0,R,151.0,R,251.0,A,,R,0.0,A,,A,,A,,A,,A,,R,52.0,R,13.0,R,37.0,R,9.0,R,670.0,R,710.0,R,740.0,R,620.0,R,660.0,R,700.0,R,30.0,R,31.0,R,32.0,R,31.0,R,32.0,R,35.0,R,25.0,R,27.0,R,30.0
189097,5,5,1,1,1,5,5,1,3,5,1,5,R,11803,R,0,R,11803,R,0.0,R,0.0,R,940.0,A,,R,940.0,A,,R,0.0,R,711.0,A,,R,711.0,A,,R,0.0,R,700.0,A,,R,700.0,A,,R,0.0,R,11.0,A,,R,11.0,A,,R,0.0,R,238.0,R,33.0,R,121.0,R,17.0,R,723.0,R,750.0,R,770.0,R,730.0,R,760.0,R,780.0,R,32.0,R,33.0,R,34.0,R,34.0,R,35.0,R,35.0,R,28.0,R,31.0,R,34.0
189273,5,3,5,1,1,5,3,3,3,3,5,5,R,31,R,31,Z,0,A,,R,0.0,R,28.0,R,28.0,A,,A,,R,0.0,R,27.0,R,27.0,A,,A,,R,0.0,R,27.0,R,27.0,A,,A,,R,0.0,A,,A,,A,,A,,A,,A,,A,,A,,A,,A,,A,,A,,A,,A,,A,,A,,A,,A,,A,,A,,A,,A,,A,,A,
189705,1,5,1,1,5,5,3,1,3,5,1,5,R,4147,R,1860,R,2274,R,13.0,R,0.0,R,3391.0,R,1430.0,R,1949.0,R,12.0,R,0.0,R,424.0,R,212.0,R,207.0,R,5.0,R,0.0,R,423.0,R,212.0,R,206.0,R,5.0,R,0.0,R,1.0,R,0.0,R,1.0,R,0.0,R,0.0,A,,A,,A,,A,,A,,A,,A,,A,,A,,A,,A,,A,,A,,A,,A,,A,,A,,A,,A,
189857,5,3,5,1,1,5,3,3,3,3,5,5,R,182,R,182,Z,0,A,,R,0.0,R,161.0,R,161.0,A,,A,,R,0.0,R,156.0,R,156.0,A,,A,,R,0.0,R,156.0,R,156.0,A,,A,,R,0.0,A,,A,,A,,A,,A,,A,,A,,A,,A,,A,,A,,A,,A,,A,,A,,A,,A,,A,,A,,A,,A,,A,,A,,A,
190008,3,3,3,5,1,1,3,3,3,5,3,3,R,1114,R,317,R,719,S,,S,,R,42.0,R,4.0,R,36.0,S,,S,,R,3.0,R,0.0,R,3.0,S,,S,,R,3.0,A,,R,3.0,S,,S,,A,,A,,A,,S,,S,,A,,A,,A,,A,,A,,A,,A,,A,,A,,A,,A,,A,,A,,A,,A,,A,,A,,A,,A,
190044,1,1,1,5,1,3,5,1,3,3,1,3,R,7347,R,3938,R,3367,A,,R,42.0,R,5669.0,R,3108.0,R,2557.0,A,,R,4.0,R,608.0,R,399.0,R,209.0,A,,R,0.0,R,608.0,R,399.0,R,209.0,A,,R,0.0,A,,A,,A,,A,,A,,R,295.0,R,49.0,R,49.0,R,8.0,R,593.0,R,640.0,R,690.0,R,605.0,R,660.0,R,700.0,R,26.0,R,29.0,R,31.0,R,23.0,R,28.0,R,30.0,R,26.0,R,28.0,R,31.0
190099,1,5,1,1,1,3,5,1,3,5,1,5,R,21130,R,9779,R,11351,A,,R,0.0,R,2526.0,R,1064.0,R,1462.0,A,,R,0.0,R,807.0,R,351.0,R,456.0,A,,R,0.0,R,807.0,R,351.0,R,456.0,A,,R,0.0,A,,A,,A,,A,,A,,R,173.0,R,21.0,R,146.0,R,18.0,R,710.0,R,730.0,R,750.0,R,720.0,R,750.0,R,780.0,R,33.0,R,33.0,R,34.0,R,34.0,R,35.0,R,35.0,R,29.0,R,31.0,R,34.0
190114,1,3,3,3,3,3,3,1,1,5,5,3,R,81,R,34,R,47,A,,R,0.0,R,62.0,R,24.0,R,38.0,A,,R,0.0,R,23.0,R,4.0,R,19.0,A,,R,0.0,R,14.0,R,4.0,R,10.0,A,,R,0.0,R,9.0,R,0.0,R,9.0,A,,R,0.0,A,,A,,A,,A,,A,,A,,A,,A,,A,,A,,A,,A,,A,,A,,A,,A,,A,,A,,A,
190150,1,1,1,1,1,5,5,5,3,5,1,5,R,57613,R,23972,R,32452,R,1189.0,R,0.0,R,2439.0,R,1174.0,R,1210.0,R,55.0,R,0.0,R,1540.0,R,747.0,R,762.0,R,31.0,R,0.0,R,1500.0,R,726.0,R,743.0,R,31.0,R,0.0,R,40.0,R,21.0,R,19.0,R,0.0,R,0.0,R,598.0,R,40.0,R,322.0,R,21.0,R,730.0,R,760.0,R,770.0,R,760.0,R,780.0,R,800.0,R,34.0,R,35.0,R,35.0,R,35.0,R,35.0,R,36.0,R,32.0,R,34.0,R,35.0
190372,1,5,1,5,1,1,5,1,3,5,1,3,R,1790,R,942,R,848,S,,S,,R,341.0,R,165.0,R,176.0,S,,S,,R,180.0,R,85.0,R,95.0,S,,S,,R,180.0,R,85.0,R,95.0,S,,S,,A,,A,,A,,S,,S,,R,78.0,R,43.0,R,17.0,R,9.0,R,680.0,R,720.0,R,740.0,R,720.0,R,760.0,R,780.0,R,33.0,R,33.0,R,34.0,R,33.0,R,34.0,R,35.0,R,32.0,R,34.0,R,35.0
190415,5,5,1,5,1,5,5,1,5,5,1,5,R,65635,R,32718,R,32917,A,,R,0.0,R,5358.0,R,2459.0,R,2899.0,A,,R,0.0,R,3537.0,R,1642.0,R,1895.0,A,,R,0.0,R,3537.0,R,1642.0,R,1895.0,A,,R,0.0,A,,A,,A,,A,,A,,R,1294.0,R,37.0,R,425.0,R,12.0,R,720.0,R,740.0,R,770.0,R,760.0,R,780.0,R,790.0,R,33.0,R,34.0,R,35.0,R,34.0,R,35.0,R,35.0,R,32.0,R,34.0,R,35.0
190451,1,3,1,3,1,3,3,1,1,5,1,3,R,10,R,3,R,7,R,0.0,R,0.0,R,4.0,R,1.0,R,3.0,A,,R,0.0,R,0.0,R,0.0,R,0.0,A,,R,0.0,A,,A,,A,,A,,R,0.0,A,,A,,A,,A,,R,0.0,A,,A,,A,,A,,A,,A,,A,,A,,A,,A,,A,,A,,A,,A,,A,,A,,A,,A,,A,
190503,1,5,1,5,1,3,5,1,3,5,5,5,R,2161,R,957,R,1204,A,,R,0.0,R,1983.0,R,848.0,R,1135.0,A,,R,0.0,R,680.0,R,348.0,R,332.0,A,,R,0.0,R,680.0,R,348.0,R,332.0,A,,R,0.0,R,0.0,R,0.0,R,0.0,A,,R,0.0,R,136.0,R,20.0,R,42.0,R,6.0,R,500.0,R,550.0,R,605.0,R,470.0,R,530.0,R,590.0,R,17.0,R,22.0,R,25.0,R,17.0,R,21.0,R,25.0,R,16.0,R,19.0,R,24.0
190512,1,3,1,1,5,3,5,1,3,5,5,3,R,24867,R,11637,R,12871,R,243.0,R,116.0,R,12554.0,R,5055.0,R,7294.0,R,113.0,R,92.0,R,2614.0,R,1289.0,R,1261.0,R,12.0,R,52.0,R,2597.0,R,1281.0,R,1252.0,R,12.0,R,52.0,R,17.0,R,8.0,R,9.0,R,0.0,R,0.0,R,234.0,R,9.0,A,,A,,R,600.0,R,640.0,R,680.0,R,610.0,R,670.0,R,730.0,A,,A,,A,,A,,A,,A,,A,,A,,A,
190549,1,3,1,1,3,1,5,1,3,3,3,3,R,27112,R,12400,R,14203,S,,S,,R,14548.0,R,5918.0,R,8358.0,S,,S,,R,1519.0,R,708.0,R,759.0,S,,S,,R,1504.0,R,701.0,R,752.0,S,,S,,R,15.0,R,7.0,R,7.0,S,,S,,R,87.0,R,6.0,A,,A,,R,560.0,R,640.0,R,710.0,R,580.0,R,670.0,R,710.0,A,,A,,A,,A,,A,,A,,A,,A,,A,
190567,1,3,1,1,3,3,5,1,3,3,3,3,R,31988,R,15195,R,16170,S,,S,,R,18576.0,R,7593.0,R,10626.0,S,,S,,R,2666.0,R,1382.0,R,1204.0,S,,S,,R,2560.0,R,1323.0,R,1161.0,S,,S,,R,106.0,R,59.0,R,43.0,S,,S,,R,211.0,R,8.0,A,,A,,R,610.0,R,650.0,R,710.0,R,610.0,R,690.0,R,750.0,A,,A,,A,,A,,A,,A,,A,,A,,A,
190576,1,3,1,3,5,3,3,1,3,5,1,3,R,158,R,81,R,75,S,,S,,R,61.0,R,32.0,R,29.0,S,,S,,R,16.0,R,10.0,R,6.0,S,,S,,R,0.0,R,0.0,R,0.0,S,,S,,R,16.0,R,10.0,R,6.0,S,,S,,A,,A,,A,,A,,A,,A,,A,,A,,A,,A,,A,,A,,A,,A,,A,,A,,A,,A,,A,
190594,1,3,1,1,5,5,5,1,3,5,1,3,R,31614,R,12384,R,18574,R,463.0,R,193.0,R,17087.0,R,6088.0,R,10628.0,R,225.0,R,146.0,R,3175.0,R,1111.0,R,1947.0,R,35.0,R,82.0,R,3118.0,R,1092.0,R,1911.0,R,35.0,R,80.0,R,57.0,R,19.0,R,36.0,R,0.0,R,2.0,R,294.0,R,9.0,A,,A,,R,610.0,R,670.0,R,710.0,R,600.0,R,680.0,R,760.0,A,,A,,A,,A,,A,,A,,A,,A,,A,
190600,1,3,1,1,3,1,5,1,3,3,3,3,R,17921,R,7230,R,10400,R,221.0,R,70.0,R,10255.0,R,3706.0,R,6361.0,R,132.0,R,56.0,R,2033.0,R,644.0,R,1332.0,R,24.0,R,33.0,R,2027.0,R,642.0,R,1328.0,R,24.0,R,33.0,R,6.0,R,2.0,R,4.0,R,0.0,R,0.0,R,110.0,R,5.0,A,,A,,R,520.0,R,580.0,R,640.0,R,480.0,R,560.0,R,610.0,A,,A,,A,,A,,A,,A,,A,,A,,A,
190637,1,3,1,1,3,1,5,1,3,3,3,3,R,20954,R,8603,R,12045,R,250.0,R,56.0,R,11615.0,R,4201.0,R,7236.0,R,137.0,R,41.0,R,1390.0,R,572.0,R,798.0,R,11.0,R,9.0,R,1364.0,R,562.0,R,782.0,R,11.0,R,9.0,R,26.0,R,10.0,R,16.0,R,0.0,R,0.0,R,30.0,R,2.0,A,,A,,R,460.0,R,500.0,R,590.0,R,400.0,R,510.0,R,630.0,A,,A,,A,,A,,A,,A,,A,,A,,A,
190646,1,3,3,3,3,3,5,5,3,3,3,3,R,11239,R,4698,R,6411,S,,S,,R,9372.0,R,3914.0,R,5346.0,S,,S,,R,757.0,R,296.0,R,443.0,S,,S,,R,726.0,R,283.0,R,426.0,S,,S,,R,31.0,R,13.0,R,17.0,S,,S,,R,9.0,R,1.0,A,,A,,R,400.0,R,540.0,R,550.0,R,380.0,R,440.0,R,450.0,A,,A,,A,,A,,A,,A,,A,,A,,A,
190655,1,3,1,3,3,3,5,1,3,3,3,3,R,21007,R,11860,R,8856,R,175.0,R,116.0,R,16962.0,R,9566.0,R,7149.0,R,143.0,R,104.0,R,3375.0,R,1972.0,R,1329.0,R,14.0,R,60.0,R,3166.0,R,1870.0,R,1227.0,R,14.0,R,55.0,R,209.0,R,102.0,R,102.0,R,0.0,R,5.0,R,59.0,R,2.0,A,,A,,R,450.0,R,510.0,R,580.0,R,430.0,R,530.0,R,620.0,A,,A,,A,,A,,A,,A,,A,,A,,A,
190664,1,3,1,1,1,3,5,1,3,5,1,3,R,20800,R,9371,R,11031,R,283.0,R,115.0,R,14252.0,R,5893.0,R,8093.0,R,179.0,R,87.0,R,2082.0,R,1032.0,R,989.0,R,36.0,R,25.0,R,1998.0,R,990.0,R,947.0,R,36.0,R,25.0,R,84.0,R,42.0,R,42.0,R,0.0,R,0.0,R,108.0,R,5.0,A,,A,,R,540.0,R,600.0,R,660.0,R,560.0,R,610.0,R,660.0,A,,A,,A,,A,,A,,A,,A,,A,,A,
190691,1,3,1,1,3,3,5,1,3,3,3,3,R,14236,R,6063,R,7979,R,132.0,R,62.0,R,8459.0,R,3346.0,R,4991.0,R,76.0,R,46.0,R,684.0,R,296.0,R,372.0,R,7.0,R,9.0,R,666.0,R,286.0,R,364.0,R,7.0,R,9.0,R,18.0,R,10.0,R,8.0,R,0.0,R,0.0,R,13.0,R,2.0,A,,A,,R,500.0,R,560.0,R,600.0,R,490.0,R,540.0,R,610.0,A,,A,,A,,A,,A,,A,,A,,A,,A,
190707,5,3,1,3,1,3,3,3,3,3,1,3,R,17,R,3,R,13,S,,S,,R,7.0,R,0.0,R,7.0,S,,S,,R,6.0,A,,R,6.0,S,,S,,R,6.0,A,,R,6.0,S,,S,,A,,A,,A,,S,,S,,A,,A,,A,,A,,A,,A,,A,,A,,A,,A,,A,,A,,A,,A,,A,,A,,A,,A,,A,
190716,1,5,1,1,5,5,5,1,5,5,5,5,R,2295,R,615,R,1680,A,,R,0.0,R,1890.0,R,512.0,R,1378.0,A,,R,0.0,R,242.0,R,63.0,R,179.0,A,,R,0.0,R,232.0,R,59.0,R,173.0,A,,R,0.0,R,10.0,R,4.0,R,6.0,A,,R,0.0,R,43.0,R,18.0,R,0.0,R,0.0,R,445.0,R,510.0,R,595.0,R,440.0,R,530.0,R,595.0,A,,A,,A,,A,,A,,A,,A,,A,,A,
190725,1,3,1,3,5,1,3,1,3,5,5,3,R,3041,R,866,R,2175,A,,R,0.0,R,2316.0,R,636.0,R,1680.0,A,,R,0.0,R,375.0,R,130.0,R,245.0,A,,R,0.0,R,374.0,R,130.0,R,244.0,A,,R,0.0,R,1.0,R,0.0,R,1.0,A,,R,0.0,A,,A,,A,,A,,A,,A,,A,,A,,A,,A,,A,,A,,A,,A,,A,,A,,A,,A,,A,
190752,5,3,5,1,1,5,3,3,3,3,5,5,R,25,R,25,Z,0,A,,R,0.0,R,22.0,R,22.0,A,,A,,R,0.0,R,20.0,R,20.0,A,,A,,R,0.0,R,20.0,R,20.0,A,,A,,R,0.0,A,,A,,A,,A,,A,,A,,A,,A,,A,,A,,A,,A,,A,,A,,A,,A,,A,,A,,A,,A,,A,,A,,A,,A,
190761,1,3,3,5,5,3,5,1,3,3,5,3,R,2319,R,914,R,1403,A,,R,2.0,R,1828.0,R,678.0,R,1149.0,A,,R,1.0,R,299.0,R,138.0,R,161.0,A,,R,0.0,R,298.0,R,138.0,R,160.0,A,,R,0.0,R,1.0,Z,0.0,R,1.0,A,,R,0.0,R,8.0,R,3.0,R,0.0,R,0.0,R,560.0,R,585.0,R,605.0,R,535.0,R,575.0,R,630.0,A,,A,,A,,A,,A,,A,,A,,A,,A,
190956,5,3,1,5,3,3,3,3,1,5,1,3,R,134,R,17,R,117,S,,S,,R,111.0,R,13.0,R,98.0,S,,S,,R,3.0,R,0.0,R,3.0,S,,S,,R,3.0,A,,R,3.0,S,,S,,R,0.0,A,,R,0.0,S,,S,,A,,A,,A,,A,,A,,A,,A,,A,,A,,A,,A,,A,,A,,A,,A,,A,,A,,A,,A,
190983,1,5,1,1,5,3,5,1,3,5,1,3,R,2109,R,740,R,1357,S,,S,,R,1915.0,R,652.0,R,1252.0,S,,S,,R,163.0,R,58.0,R,104.0,S,,S,,R,162.0,R,57.0,R,104.0,S,,S,,R,1.0,R,1.0,R,0.0,S,,S,,R,7.0,R,4.0,R,3.0,R,2.0,R,543.0,R,604.0,R,650.0,R,573.0,R,635.0,R,682.0,S,,S,,S,,S,,S,,S,,S,,S,,S,
191126,1,3,1,5,3,1,3,1,3,5,1,3,R,4326,R,786,R,3540,Z,0.0,R,0.0,R,2492.0,R,382.0,R,2110.0,A,,R,0.0,R,1322.0,R,208.0,R,1114.0,A,,R,0.0,R,1291.0,R,196.0,R,1095.0,A,,R,0.0,R,31.0,R,12.0,R,19.0,A,,R,0.0,A,,A,,A,,A,,A,,A,,A,,A,,A,,A,,A,,A,,A,,A,,A,,A,,A,,A,,A,
191205,1,3,1,3,5,1,3,1,3,3,5,3,R,472,R,257,R,172,S,,S,,R,340.0,R,194.0,R,123.0,S,,S,,R,165.0,R,104.0,R,49.0,S,,S,,R,163.0,R,102.0,R,49.0,S,,S,,R,2.0,R,2.0,R,0.0,S,,S,,A,,A,,A,,A,,A,,A,,A,,A,,A,,A,,A,,A,,A,,A,,A,,A,,A,,A,,A,
191241,1,5,1,1,1,3,5,1,3,5,1,3,R,43663,R,16361,R,27302,A,,R,0.0,R,24573.0,R,8497.0,R,16076.0,A,,R,0.0,R,2426.0,R,963.0,R,1463.0,A,,R,0.0,R,2414.0,R,958.0,R,1456.0,A,,R,0.0,R,12.0,R,5.0,R,7.0,A,,R,0.0,R,550.0,R,23.0,R,222.0,R,9.0,R,670.0,R,700.0,R,730.0,R,660.0,R,700.0,R,760.0,R,30.0,R,32.0,R,33.0,R,31.0,R,34.0,R,35.0,R,26.0,R,28.0,R,31.0
191515,5,5,1,1,1,3,5,1,5,5,1,5,R,9643,R,4262,R,5023,R,358.0,R,0.0,R,1135.0,R,529.0,R,586.0,R,20.0,R,0.0,R,462.0,R,222.0,R,230.0,R,10.0,R,0.0,R,462.0,R,222.0,R,230.0,R,10.0,R,0.0,A,,A,,A,,A,,A,,R,156.0,R,34.0,R,78.0,R,17.0,R,700.0,R,740.0,R,770.0,R,710.0,R,750.0,R,780.0,R,32.0,R,33.0,R,35.0,A,,A,,A,,A,,A,,A,
191533,1,5,1,5,5,3,5,1,3,5,5,5,R,4278,R,1884,R,2394,A,,R,0.0,R,2939.0,R,1861.0,R,1078.0,A,,R,0.0,R,360.0,R,146.0,R,214.0,A,,R,0.0,R,360.0,R,146.0,R,214.0,A,,R,0.0,A,,A,,A,,A,,A,,R,29.0,R,8.0,R,0.0,R,0.0,R,550.0,R,590.0,R,640.0,R,540.0,R,580.0,R,640.0,A,,A,,A,,A,,A,,A,,A,,A,,A,
191597,1,3,1,5,5,5,3,3,1,3,1,3,R,42,R,6,R,36,R,0.0,R,0.0,R,10.0,R,0.0,R,10.0,A,,R,0.0,R,3.0,A,,R,3.0,A,,R,0.0,R,3.0,A,,R,3.0,A,,R,0.0,R,0.0,A,,R,0.0,A,,R,0.0,A,,A,,A,,A,,A,,A,,A,,A,,A,,A,,A,,A,,A,,A,,A,,A,,A,,A,,A,
191621,1,5,5,3,5,3,5,1,3,3,5,3,R,1310,R,560,R,741,S,,S,,R,1284.0,R,545.0,R,730.0,S,,S,,R,250.0,R,123.0,R,125.0,S,,S,,R,249.0,R,123.0,R,124.0,S,,S,,R,1.0,R,0.0,R,1.0,S,,S,,R,5.0,R,2.0,A,,A,,R,410.0,R,470.0,R,550.0,R,570.0,R,590.0,R,630.0,A,,A,,A,,A,,A,,A,,A,,A,,A,
191630,5,5,1,1,1,3,5,1,3,5,1,5,R,5560,R,2662,R,2742,R,156.0,R,0.0,R,3185.0,R,1392.0,R,1686.0,R,107.0,R,0.0,R,462.0,R,216.0,R,227.0,R,19.0,R,0.0,R,462.0,R,216.0,R,227.0,R,19.0,R,0.0,A,,A,,A,,A,,A,,R,123.0,R,27.0,R,34.0,R,7.0,R,620.0,R,650.0,R,690.0,R,600.0,R,640.0,R,670.0,R,26.0,R,28.0,R,32.0,R,24.0,R,28.0,R,32.0,R,25.0,R,27.0,R,29.0
191649,1,5,1,1,1,5,5,1,3,5,1,3,R,22890,R,9015,R,13873,S,,S,,R,16157.0,R,6096.0,R,10060.0,S,,S,,R,1593.0,R,699.0,R,894.0,S,,S,,R,1590.0,R,697.0,R,893.0,S,,S,,R,3.0,R,2.0,R,1.0,S,,S,,R,493.0,R,31.0,R,85.0,R,5.0,R,610.0,R,650.0,R,690.0,R,600.0,R,640.0,R,690.0,R,27.0,R,28.0,R,31.0,R,26.0,R,29.0,R,33.0,R,25.0,R,26.0,R,29.0
191676,1,5,5,5,5,5,5,5,3,3,1,3,R,1068,R,373,R,695,A,,R,0.0,R,990.0,R,342.0,R,648.0,A,,R,0.0,R,235.0,R,78.0,R,157.0,A,,R,0.0,R,234.0,R,78.0,R,156.0,A,,R,0.0,R,1.0,R,0.0,R,1.0,A,,R,0.0,R,45.0,R,19.0,R,13.0,R,6.0,R,600.0,R,670.0,R,700.0,R,580.0,R,640.0,R,690.0,R,23.0,R,26.0,R,28.0,R,24.0,R,28.0,R,30.0,R,22.0,R,24.0,R,31.0
191931,1,5,1,5,1,5,5,1,3,5,5,5,R,7289,R,3205,R,4034,S,,S,,R,6643.0,R,2850.0,R,3743.0,S,,S,,R,803.0,R,368.0,R,430.0,S,,S,,R,802.0,R,367.0,R,430.0,S,,S,,R,1.0,R,1.0,R,0.0,S,,S,,R,71.0,R,9.0,R,14.0,R,2.0,R,525.0,R,590.0,R,645.0,R,530.0,R,580.0,R,620.0,R,20.0,R,23.0,R,28.0,A,,A,,A,,A,,A,,A,
191940,5,5,1,3,1,3,3,3,3,5,1,3,R,156,R,23,R,133,S,,S,,R,150.0,R,20.0,R,130.0,S,,S,,R,37.0,R,5.0,R,32.0,S,,S,,R,37.0,R,5.0,R,32.0,S,,S,,A,,A,,A,,S,,S,,A,,A,,A,,A,,A,,A,,A,,A,,A,,A,,A,,A,,A,,A,,A,,A,,A,,A,,A,
191968,1,5,1,1,1,5,5,1,3,5,1,5,R,12007,R,4941,R,6561,S,,S,,R,8398.0,R,3517.0,R,4536.0,S,,S,,R,1197.0,R,519.0,R,601.0,S,,S,,R,1194.0,R,519.0,R,599.0,S,,S,,R,3.0,R,0.0,R,2.0,S,,S,,R,303.0,R,25.0,R,70.0,R,6.0,R,610.0,R,650.0,R,700.0,R,580.0,R,620.0,R,670.0,R,27.0,R,29.0,R,31.0,R,26.0,R,30.0,R,33.0,R,25.0,R,27.0,R,28.0
192004,3,1,1,3,3,3,3,3,3,3,3,3,R,134,R,36,R,98,A,,R,0.0,R,115.0,R,30.0,R,85.0,A,,R,0.0,R,89.0,R,25.0,R,64.0,A,,R,0.0,R,89.0,R,25.0,R,64.0,A,,R,0.0,Z,0.0,Z,0.0,Z,0.0,A,,R,0.0,A,,A,,A,,A,,A,,A,,A,,A,,A,,A,,A,,A,,A,,A,,A,,A,,A,,A,,A,
192040,5,5,1,1,1,5,5,1,3,5,1,5,R,142,R,60,R,82,S,,S,,R,64.0,R,25.0,R,39.0,S,,S,,R,47.0,R,21.0,R,26.0,S,,S,,R,47.0,R,21.0,R,26.0,S,,S,,A,,A,,A,,S,,S,,R,19.0,R,41.0,R,11.0,R,23.0,R,730.0,R,740.0,R,779.0,R,710.0,R,760.0,R,780.0,R,33.0,R,34.0,R,35.0,R,34.0,R,35.0,R,36.0,R,30.0,R,32.0,R,34.0
192110,3,3,1,3,1,1,3,1,3,3,1,3,R,2020,R,812,R,1208,R,0.0,R,0.0,R,181.0,R,86.0,R,95.0,A,,R,0.0,R,95.0,R,46.0,R,49.0,A,,R,0.0,R,95.0,R,46.0,R,49.0,A,,R,0.0,A,,A,,A,,A,,A,,A,,A,,A,,A,,A,,A,,A,,A,,A,,A,,A,,A,,A,,A,,A,,A,,A,,A,,A,
192192,1,3,5,5,5,3,5,1,3,3,3,3,R,1780,R,397,R,1383,S,,S,,R,1671.0,R,361.0,R,1310.0,S,,S,,R,229.0,R,57.0,R,172.0,S,,S,,R,229.0,R,57.0,R,172.0,S,,S,,A,,A,,A,,S,,S,,R,20.0,R,10.0,A,,A,,R,510.0,R,540.0,R,590.0,R,498.0,R,550.0,R,593.0,A,,A,,A,,A,,A,,A,,A,,A,,A,
192271,1,5,1,5,5,3,5,1,3,5,5,3,R,1037,R,149,R,888,A,,R,0.0,R,1024.0,R,144.0,R,880.0,A,,R,0.0,R,248.0,R,39.0,R,209.0,A,,R,0.0,R,243.0,R,39.0,R,204.0,A,,R,0.0,R,5.0,R,0.0,R,5.0,A,,R,0.0,R,59.0,R,24.0,R,10.0,R,4.0,R,520.0,R,560.0,R,610.0,R,470.0,R,520.0,R,590.0,R,15.0,R,23.0,R,25.0,R,17.0,R,22.0,R,25.0,R,15.0,R,20.0,R,24.0
192323,1,5,1,5,1,3,5,1,3,5,1,5,R,7535,R,2820,R,4707,S,,S,,R,5673.0,R,2045.0,R,3627.0,S,,S,,R,607.0,R,247.0,R,360.0,S,,S,,R,603.0,R,244.0,R,359.0,S,,S,,R,4.0,R,3.0,R,1.0,S,,S,,R,121.0,R,20.0,R,20.0,R,3.0,R,580.0,R,620.0,R,670.0,R,580.0,R,630.0,R,670.0,R,25.0,R,28.0,R,31.0,R,24.0,R,28.0,R,32.0,R,25.0,R,27.0,R,29.0
192448,1,5,1,5,1,3,5,1,3,3,3,3,R,12398,R,4518,R,7485,R,395.0,R,0.0,R,11130.0,R,4001.0,R,6743.0,R,386.0,R,0.0,R,1120.0,R,434.0,R,654.0,R,32.0,R,0.0,R,1112.0,R,431.0,R,649.0,R,32.0,R,0.0,R,8.0,R,3.0,R,5.0,R,0.0,R,0.0,R,391.0,R,35.0,R,59.0,R,5.0,R,580.0,R,630.0,R,670.0,R,560.0,R,620.0,R,680.0,R,25.0,R,28.0,R,30.0,R,24.0,R,27.0,R,31.0,R,23.0,R,26.0,R,28.0
192509,3,3,1,3,3,3,3,1,1,3,3,3,R,355,R,88,R,267,A,,R,0.0,R,260.0,R,62.0,R,198.0,A,,R,0.0,R,125.0,R,22.0,R,103.0,A,,R,0.0,R,125.0,R,22.0,R,103.0,A,,R,0.0,A,,A,,A,,A,,A,,A,,A,,A,,A,,A,,A,,A,,A,,A,,A,,A,,A,,A,,A,,A,,A,,A,,A,,A,
192624,5,3,5,1,1,5,3,3,3,3,5,5,R,40,R,40,Z,0,A,,R,0.0,R,38.0,R,38.0,A,,A,,R,0.0,R,25.0,R,25.0,A,,A,,R,0.0,R,25.0,R,25.0,A,,A,,R,0.0,A,,A,,A,,A,,A,,A,,A,,A,,A,,A,,A,,A,,A,,A,,A,,A,,A,,A,,A,,A,,A,,A,,A,,A,
192703,1,5,1,5,1,3,5,1,3,5,1,5,R,10432,R,4783,R,5649,S,,S,,R,8188.0,R,3570.0,R,4618.0,S,,S,,R,690.0,R,398.0,R,292.0,S,,S,,R,687.0,R,395.0,R,292.0,S,,S,,R,3.0,R,3.0,R,0.0,S,,S,,R,108.0,R,16.0,R,18.0,R,3.0,R,570.0,R,630.0,R,670.0,R,580.0,R,630.0,R,670.0,R,22.0,R,25.0,R,31.0,R,20.0,R,25.0,R,30.0,R,23.0,R,25.0,R,29.0
192712,1,5,1,5,1,1,3,1,3,3,1,3,R,1432,R,671,R,677,R,84.0,R,0.0,R,572.0,R,293.0,R,259.0,R,20.0,R,0.0,R,142.0,R,77.0,R,59.0,R,6.0,R,0.0,R,142.0,R,77.0,R,59.0,R,6.0,R,0.0,A,,A,,A,,A,,A,,A,,A,,A,,A,,A,,A,,A,,A,,A,,A,,A,,A,,A,,A,,A,,A,,A,,A,,A,
192749,1,5,5,5,1,5,3,1,3,5,1,3,R,3943,R,1613,R,2330,A,,R,0.0,R,3338.0,R,1308.0,R,2030.0,A,,R,0.0,R,333.0,R,164.0,R,169.0,A,,R,0.0,R,333.0,R,164.0,R,169.0,A,,R,0.0,A,,A,,A,,A,,A,,A,,A,,A,,A,,A,,A,,A,,A,,A,,A,,A,,A,,A,,A,,A,,A,,A,,A,,A,
192785,1,3,1,3,5,3,5,1,3,3,5,3,R,256,R,16,R,240,A,,R,0.0,R,156.0,R,8.0,R,148.0,A,,R,0.0,R,46.0,R,4.0,R,42.0,A,,R,0.0,R,29.0,R,2.0,R,27.0,A,,R,0.0,R,17.0,R,2.0,R,15.0,A,,R,0.0,R,7.0,R,16.0,R,0.0,R,0.0,R,480.0,R,510.0,R,535.0,R,485.0,R,530.0,R,560.0,A,,A,,A,,A,,A,,A,,A,,A,,A,
192800,5,5,1,3,3,3,3,1,3,5,3,3,R,1,Z,0,R,1,A,,R,0.0,R,1.0,A,,R,1.0,A,,R,0.0,R,0.0,A,,R,0.0,A,,R,0.0,A,,A,,A,,A,,R,0.0,A,,A,,A,,A,,A,,A,,A,,A,,A,,A,,A,,A,,A,,A,,A,,A,,A,,A,,A,,A,,A,,A,,A,,A,
192819,1,5,1,1,1,5,5,1,3,5,1,3,R,10224,R,4091,R,6130,S,,S,,R,6616.0,R,2901.0,R,3714.0,S,,S,,R,1287.0,R,549.0,R,738.0,S,,S,,R,1287.0,R,549.0,R,738.0,S,,S,,A,,A,,A,,S,,S,,R,198.0,R,15.0,R,31.0,R,2.0,R,620.0,R,650.0,R,690.0,R,600.0,R,630.0,R,670.0,R,27.0,R,28.0,R,30.0,R,25.0,R,28.0,R,30.0,R,23.0,R,26.0,R,28.0
192864,1,1,1,5,1,1,5,1,3,3,5,3,R,8138,R,2021,R,6116,A,,R,1.0,R,6419.0,R,1357.0,R,5062.0,A,,R,0.0,R,509.0,R,90.0,R,419.0,A,,R,0.0,R,493.0,R,90.0,R,403.0,A,,R,0.0,R,16.0,R,0.0,R,16.0,A,,R,0.0,R,89.0,R,17.0,R,36.0,R,7.0,R,580.0,R,620.0,R,670.0,R,520.0,R,580.0,R,630.0,R,25.0,R,27.0,R,29.0,R,25.0,R,30.0,R,33.0,R,23.0,R,24.0,R,26.0
192961,1,3,1,3,5,5,3,1,1,5,1,3,R,2,R,1,R,1,A,,R,0.0,R,2.0,R,1.0,R,1.0,A,,R,0.0,R,1.0,R,1.0,R,0.0,A,,R,0.0,R,1.0,R,1.0,A,,A,,R,0.0,R,0.0,R,0.0,A,,A,,R,0.0,A,,A,,A,,A,,A,,A,,A,,A,,A,,A,,A,,A,,A,,A,,A,,A,,A,,A,,A,
193016,1,5,1,5,5,5,3,1,3,5,5,3,R,8581,R,2856,R,5725,R,0.0,R,0.0,R,7334.0,R,2312.0,R,5022.0,A,,R,0.0,R,1165.0,R,401.0,R,764.0,A,,R,0.0,R,1155.0,R,399.0,R,756.0,A,,R,0.0,R,10.0,R,2.0,R,8.0,A,,R,0.0,A,,A,,A,,A,,A,,A,,A,,A,,A,,A,,A,,A,,A,,A,,A,,A,,A,,A,,A,
193052,3,3,5,3,1,1,3,3,3,3,3,3,R,39,R,39,R,0,A,,R,0.0,R,35.0,R,35.0,A,,A,,R,0.0,R,30.0,R,30.0,A,,A,,R,0.0,R,30.0,R,30.0,A,,A,,R,0.0,A,,A,,A,,A,,A,,A,,A,,A,,A,,A,,A,,A,,A,,A,,A,,A,,A,,A,,A,,A,,A,,A,,A,,A,
193061,5,3,5,1,1,5,3,3,3,3,5,5,R,8,R,8,Z,0,A,,R,0.0,R,5.0,R,5.0,A,,A,,R,0.0,R,5.0,R,5.0,A,,A,,R,0.0,R,5.0,R,5.0,A,,A,,R,0.0,A,,A,,A,,A,,A,,A,,A,,A,,A,,A,,A,,A,,A,,A,,A,,A,,A,,A,,A,,A,,A,,A,,A,,A,
193070,3,3,5,3,3,1,3,3,3,3,3,5,R,23,R,23,R,0,R,0.0,R,0.0,R,14.0,R,14.0,A,,A,,R,0.0,R,14.0,R,14.0,A,,A,,R,0.0,R,14.0,R,14.0,A,,A,,R,0.0,A,,A,,A,,A,,A,,A,,A,,A,,A,,A,,A,,A,,A,,A,,A,,A,,A,,A,,A,,A,,A,,A,,A,,A,
193247,3,5,1,5,1,5,3,3,3,3,5,3,R,45,R,37,R,0,R,0.0,R,8.0,R,35.0,R,27.0,A,,A,,R,8.0,R,27.0,R,27.0,A,,A,,R,0.0,R,27.0,R,27.0,A,,A,,R,0.0,A,,A,,A,,A,,A,,A,,A,,A,,A,,A,,A,,A,,A,,A,,A,,A,,A,,A,,A,,A,,A,,A,,A,,A,
193292,1,5,1,1,5,5,5,1,3,5,5,3,R,5789,R,1762,R,4027,A,,R,0.0,R,4379.0,R,1356.0,R,3023.0,A,,R,0.0,R,608.0,R,162.0,R,446.0,A,,R,0.0,R,605.0,R,161.0,R,444.0,A,,R,0.0,R,3.0,R,1.0,R,2.0,A,,R,0.0,R,73.0,R,12.0,R,29.0,R,5.0,R,540.0,R,580.0,R,660.0,R,540.0,R,590.0,R,650.0,R,24.0,R,26.0,R,29.0,A,,A,,A,,A,,A,,A,
193308,1,5,1,5,5,5,3,1,3,5,1,5,R,4989,R,2099,R,2882,R,8.0,R,0.0,R,3287.0,R,1501.0,R,1786.0,R,0.0,R,0.0,R,1145.0,R,523.0,R,622.0,A,,R,0.0,R,1075.0,R,504.0,R,571.0,A,,R,0.0,R,70.0,R,19.0,R,51.0,A,,R,0.0,A,,A,,A,,A,,A,,A,,A,,A,,A,,A,,A,,A,,A,,A,,A,,A,,A,,A,,A,
193353,1,5,1,5,5,3,5,1,5,5,5,5,R,2229,R,734,R,1484,R,10.0,R,1.0,R,1838.0,R,574.0,R,1257.0,R,6.0,R,1.0,R,188.0,R,64.0,R,124.0,R,0.0,R,0.0,R,182.0,R,63.0,R,119.0,A,,R,0.0,R,6.0,R,1.0,R,5.0,A,,R,0.0,R,11.0,R,6.0,R,0.0,R,0.0,R,560.0,R,600.0,R,640.0,R,530.0,R,560.0,R,615.0,A,,A,,A,,A,,A,,A,,A,,A,,A,
193399,1,3,1,5,5,3,5,5,3,3,1,3,R,3775,R,1321,R,2454,R,0.0,R,0.0,R,3195.0,R,1058.0,R,2137.0,A,,R,0.0,R,489.0,R,152.0,R,337.0,A,,R,0.0,R,486.0,R,152.0,R,334.0,A,,R,0.0,R,3.0,R,0.0,R,3.0,A,,R,0.0,R,17.0,R,3.0,R,1.0,R,1.0,R,480.0,R,570.0,R,610.0,R,440.0,R,540.0,R,590.0,S,,S,,S,,S,,S,,S,,S,,S,,S,
193584,1,5,1,1,1,5,5,1,5,5,1,5,R,3614,R,1081,R,2533,A,,R,0.0,R,2873.0,R,811.0,R,2062.0,A,,R,0.0,R,461.0,R,115.0,R,346.0,A,,R,0.0,R,461.0,R,115.0,R,346.0,A,,R,0.0,R,0.0,R,0.0,R,0.0,A,,R,0.0,R,62.0,R,13.0,R,15.0,R,3.0,R,610.0,R,630.0,R,680.0,R,560.0,R,610.0,R,650.0,R,25.0,R,28.0,R,30.0,A,,A,,A,,A,,A,,A,
193609,5,5,1,3,1,1,3,5,3,5,1,5,R,17,R,6,R,9,S,,S,,R,12.0,R,4.0,R,8.0,S,,S,,R,10.0,R,2.0,R,8.0,S,,S,,R,10.0,R,2.0,R,8.0,S,,S,,A,,A,,A,,S,,S,,A,,A,,A,,A,,A,,A,,A,,A,,A,,A,,A,,A,,A,,A,,A,,A,,A,,A,,A,
193654,1,5,1,5,1,1,3,1,3,5,1,3,R,9148,R,2185,R,6384,R,579.0,R,0.0,R,5719.0,R,1305.0,R,4048.0,R,366.0,R,0.0,R,1470.0,R,339.0,R,1062.0,R,69.0,R,0.0,R,1430.0,R,326.0,R,1035.0,R,69.0,R,0.0,R,40.0,R,13.0,R,27.0,R,0.0,R,0.0,A,,A,,A,,A,,A,,A,,A,,A,,A,,A,,A,,A,,A,,A,,A,,A,,A,,A,,A,
193900,1,3,1,5,1,1,5,5,5,5,1,3,R,113578,R,45117,R,68457,S,,S,,R,10693.0,R,4256.0,R,6433.0,S,,S,,R,5818.0,R,2452.0,R,3362.0,S,,S,,R,5802.0,R,2442.0,R,3356.0,S,,S,,R,16.0,R,10.0,R,6.0,S,,S,,R,1579.0,R,27.0,R,690.0,R,12.0,R,720.0,R,750.0,R,770.0,R,760.0,R,780.0,R,800.0,R,33.0,R,34.0,R,35.0,A,,A,,A,,A,,A,,A,
193973,1,5,1,5,5,3,5,1,3,5,5,5,R,4148,R,1509,R,2639,A,,R,0.0,R,3540.0,R,1218.0,R,2322.0,A,,R,0.0,R,580.0,R,194.0,R,386.0,A,,R,0.0,R,578.0,R,192.0,R,386.0,A,,R,0.0,R,2.0,R,2.0,Z,0.0,A,,R,0.0,R,121.0,R,21.0,R,9.0,R,2.0,R,510.0,R,580.0,R,630.0,R,520.0,R,570.0,R,610.0,R,23.0,R,25.0,R,27.0,R,23.0,R,24.0,R,25.0,R,20.0,R,22.0,R,28.0
194091,1,5,1,5,1,1,5,1,3,5,1,5,R,11249,R,6038,R,5197,R,0.0,R,14.0,R,8783.0,R,4598.0,R,4180.0,A,,R,5.0,R,886.0,R,558.0,R,328.0,A,,R,0.0,R,836.0,R,528.0,R,308.0,A,,R,0.0,R,50.0,R,30.0,R,20.0,A,,R,0.0,R,201.0,R,23.0,R,35.0,R,4.0,R,580.0,R,620.0,R,680.0,R,600.0,R,660.0,R,710.0,R,25.0,R,29.0,R,33.0,R,24.0,R,29.0,R,34.0,R,25.0,R,27.0,R,31.0
194116,1,3,1,5,1,1,5,1,3,5,1,3,R,179,R,23,R,156,S,,S,,R,108.0,R,13.0,R,95.0,S,,S,,R,32.0,R,2.0,R,30.0,S,,S,,R,20.0,R,0.0,R,20.0,S,,S,,R,12.0,R,2.0,R,10.0,S,,S,,R,0.0,R,0.0,R,0.0,R,0.0,A,,A,,A,,A,,A,,A,,A,,A,,A,,A,,A,,A,,A,,A,,A,
194189,5,3,5,1,1,5,3,3,3,3,5,5,R,0,R,0,R,0,A,,R,0.0,A,,A,,A,,A,,R,0.0,A,,A,,A,,A,,R,0.0,A,,A,,A,,A,,R,0.0,A,,A,,A,,A,,A,,A,,A,,A,,A,,A,,A,,A,,A,,A,,A,,A,,A,,A,,A,,A,,A,,A,,A,,A,
194310,1,5,1,3,1,3,5,1,3,3,1,3,R,28469,R,8773,R,19695,R,0.0,R,1.0,R,21961.0,R,6318.0,R,15642.0,A,,R,1.0,R,1949.0,R,636.0,R,1313.0,A,,R,0.0,R,1930.0,R,628.0,R,1302.0,A,,R,0.0,R,19.0,R,8.0,R,11.0,A,,R,0.0,R,346.0,R,18.0,R,75.0,R,4.0,R,580.0,R,620.0,R,668.0,R,550.0,R,600.0,R,660.0,R,24.0,R,27.0,R,29.0,R,24.0,R,28.0,R,31.0,R,21.0,R,24.0,R,27.0
194392,1,5,1,5,5,5,3,1,3,5,1,3,R,939,R,481,R,453,R,5.0,R,0.0,R,852.0,R,436.0,R,411.0,R,5.0,R,0.0,R,135.0,R,84.0,R,51.0,R,0.0,R,0.0,R,135.0,R,84.0,R,51.0,A,,R,0.0,A,,A,,A,,A,,A,,A,,A,,A,,A,,A,,A,,A,,A,,A,,A,,A,,A,,A,,A,,A,,A,,A,,A,,A,
194499,3,3,3,3,5,3,3,3,1,5,5,3,R,1410,R,282,R,1128,R,0.0,R,0.0,R,423.0,R,85.0,R,338.0,A,,R,0.0,R,233.0,R,47.0,R,186.0,A,,R,0.0,R,233.0,R,47.0,R,186.0,A,,R,0.0,A,,A,,A,,A,,A,,A,,A,,A,,A,,A,,A,,A,,A,,A,,A,,A,,A,,A,,A,,A,,A,,A,,A,,A,
194569,1,5,1,3,1,3,3,1,3,5,5,5,R,9,R,6,R,3,R,0.0,R,0.0,R,3.0,R,2.0,R,1.0,A,,R,0.0,R,3.0,R,2.0,R,1.0,A,,R,0.0,R,3.0,R,2.0,R,1.0,A,,R,0.0,R,0.0,R,0.0,R,0.0,A,,R,0.0,A,,A,,A,,A,,A,,A,,A,,A,,A,,A,,A,,A,,A,,A,,A,,A,,A,,A,,A,
194578,1,3,1,5,1,1,5,1,3,5,1,3,R,8281,R,1954,R,5702,R,480.0,R,145.0,R,4403.0,R,938.0,R,3157.0,R,232.0,R,76.0,R,781.0,R,185.0,R,537.0,R,48.0,R,11.0,R,779.0,R,185.0,R,535.0,R,48.0,R,11.0,R,2.0,R,0.0,R,2.0,R,0.0,R,0.0,R,126.0,R,16.0,R,29.0,R,4.0,R,620.0,R,660.0,R,700.0,R,600.0,R,670.0,R,720.0,R,26.0,R,30.0,R,32.0,R,26.0,R,31.0,R,34.0,R,23.0,R,25.0,R,27.0
194657,5,3,5,1,1,5,3,3,3,3,5,5,R,40,R,40,Z,0,A,,R,0.0,R,40.0,R,40.0,A,,A,,R,0.0,R,40.0,R,40.0,A,,A,,R,0.0,R,40.0,R,40.0,A,,A,,R,0.0,A,,A,,A,,A,,A,,A,,A,,A,,A,,A,,A,,A,,A,,A,,A,,A,,A,,A,,A,,A,,A,,A,,A,,A,
194693,5,3,5,1,1,5,3,3,3,3,5,5,R,27,R,27,Z,0,A,,R,0.0,R,25.0,R,25.0,A,,A,,R,0.0,R,25.0,R,25.0,A,,A,,R,0.0,R,25.0,R,25.0,A,,A,,R,0.0,A,,A,,A,,A,,A,,A,,A,,A,,A,,A,,A,,A,,A,,A,,A,,A,,A,,A,,A,,A,,A,,A,,A,,A,
194718,5,3,5,1,1,5,3,3,3,3,5,5,R,31,R,31,Z,0,A,,R,0.0,R,31.0,R,31.0,A,,A,,R,0.0,R,31.0,R,31.0,A,,A,,R,0.0,R,31.0,R,31.0,A,,A,,R,0.0,A,,A,,A,,A,,A,,A,,A,,A,,A,,A,,A,,A,,A,,A,,A,,A,,A,,A,,A,,A,,A,,A,,A,,A,
194736,5,3,5,1,1,5,3,3,3,3,5,5,R,45,R,45,Z,0,A,,R,0.0,R,45.0,R,45.0,A,,A,,R,0.0,R,45.0,R,45.0,A,,A,,R,0.0,R,45.0,R,45.0,A,,A,,R,0.0,A,,A,,A,,A,,A,,A,,A,,A,,A,,A,,A,,A,,A,,A,,A,,A,,A,,A,,A,,A,,A,,A,,A,,A,
194763,3,3,1,3,5,3,3,3,3,3,3,5,R,122,R,122,R,0,R,0.0,R,0.0,R,119.0,R,119.0,A,,A,,R,0.0,R,117.0,R,117.0,A,,A,,R,0.0,R,117.0,R,117.0,A,,A,,R,0.0,A,,A,,A,,A,,A,,A,,A,,A,,A,,A,,A,,A,,A,,A,,A,,A,,A,,A,,A,,A,,A,,A,,A,,A,
194824,1,1,1,1,1,1,5,1,3,5,1,3,R,16283,R,10790,R,5485,R,8.0,R,0.0,R,9517.0,R,6315.0,R,3202.0,R,0.0,R,0.0,R,1552.0,R,1035.0,R,517.0,A,,R,0.0,R,1552.0,R,1035.0,R,517.0,A,,R,0.0,A,,A,,A,,A,,A,,R,881.0,R,57.0,R,197.0,R,13.0,R,650.0,R,680.0,R,730.0,R,680.0,R,730.0,R,770.0,R,30.0,R,32.0,R,34.0,A,,A,,A,,A,,A,,A,
194958,1,5,1,5,5,5,5,1,3,3,3,3,R,1314,R,544,R,770,R,0.0,R,0.0,R,1022.0,R,402.0,R,620.0,A,,R,0.0,R,211.0,R,99.0,R,112.0,A,,R,0.0,R,209.0,R,98.0,R,111.0,A,,R,0.0,R,2.0,R,1.0,R,1.0,A,,R,0.0,R,30.0,R,14.0,R,4.0,R,2.0,R,495.0,R,625.0,R,640.0,R,470.0,R,580.0,R,610.0,S,,S,,S,,S,,S,,S,,S,,S,,S,
195003,1,5,1,1,1,5,5,1,3,3,1,3,R,24269,R,14374,R,9894,A,,R,1.0,R,17328.0,R,10135.0,R,7193.0,A,,R,0.0,R,3056.0,R,1970.0,R,1086.0,A,,R,0.0,R,3053.0,R,1969.0,R,1084.0,A,,R,0.0,R,3.0,R,1.0,R,2.0,A,,R,0.0,R,1299.0,R,43.0,R,308.0,R,10.0,R,640.0,R,680.0,R,720.0,R,640.0,R,690.0,R,740.0,R,29.0,R,31.0,R,33.0,R,28.0,R,32.0,R,35.0,R,27.0,R,29.0,R,32.0
195030,5,5,1,1,1,3,5,1,3,5,1,5,R,21680,R,10857,R,10823,S,,S,,R,7773.0,R,3404.0,R,4369.0,S,,S,,R,1543.0,R,739.0,R,804.0,S,,S,,R,1543.0,R,739.0,R,804.0,S,,S,,A,,A,,A,,S,,S,,R,396.0,R,26.0,R,154.0,R,10.0,R,690.0,R,720.0,R,750.0,R,710.0,R,760.0,R,790.0,R,31.0,R,33.0,R,34.0,R,32.0,R,34.0,R,35.0,R,30.0,R,32.0,R,35.0
195128,1,5,1,1,1,5,5,3,3,3,1,5,R,1655,R,550,R,1103,R,0.0,R,2.0,R,1261.0,R,388.0,R,873.0,A,,R,0.0,R,190.0,R,66.0,R,124.0,A,,R,0.0,R,190.0,R,66.0,R,124.0,A,,R,0.0,R,0.0,R,0.0,R,0.0,A,,R,0.0,R,0.0,R,0.0,R,0.0,R,0.0,A,,A,,A,,A,,A,,A,,A,,A,,A,,A,,A,,A,,A,,A,,A,
195164,1,5,1,5,1,3,5,1,3,5,1,3,R,4299,R,1905,R,2394,A,,R,0.0,R,3505.0,R,1536.0,R,1969.0,A,,R,0.0,R,574.0,R,294.0,R,280.0,A,,R,0.0,R,574.0,R,294.0,R,280.0,A,,R,0.0,R,0.0,R,0.0,R,0.0,A,,R,0.0,R,137.0,R,24.0,R,22.0,R,4.0,R,520.0,R,580.0,R,630.0,R,530.0,R,590.0,R,630.0,R,23.0,R,26.0,R,30.0,R,21.0,R,25.0,R,28.0,R,22.0,R,26.0,R,27.0
195191,1,1,1,3,1,3,3,5,3,3,1,3,R,11,R,1,R,10,R,0.0,R,0.0,R,5.0,R,1.0,R,4.0,A,,R,0.0,R,1.0,R,0.0,R,1.0,A,,R,0.0,R,1.0,A,,R,1.0,A,,R,0.0,A,,A,,A,,A,,A,,A,,A,,A,,A,,A,,A,,A,,A,,A,,A,,A,,A,,A,,A,,A,,A,,A,,A,,A,
195216,1,5,5,1,1,5,5,1,3,5,1,3,R,5367,R,2318,R,3048,S,,S,,R,3138.0,R,1281.0,R,1856.0,S,,S,,R,545.0,R,242.0,R,302.0,S,,S,,R,545.0,R,242.0,R,302.0,S,,S,,A,,A,,A,,S,,S,,R,104.0,R,19.0,R,20.0,R,4.0,R,630.0,R,680.0,R,710.0,R,625.0,R,650.0,R,700.0,R,29.0,R,31.0,R,32.0,A,,A,,A,,A,,A,,A,
195234,1,3,1,1,1,1,5,1,3,3,1,5,R,2827,R,912,R,1915,A,,R,0.0,R,2075.0,R,601.0,R,1474.0,A,,R,0.0,C,288.0,C,97.0,R,191.0,A,,R,0.0,C,288.0,C,97.0,R,191.0,A,,R,0.0,R,0.0,R,0.0,R,0.0,A,,R,0.0,R,0.0,R,0.0,R,0.0,R,0.0,A,,A,,A,,A,,A,,A,,A,,A,,A,,A,,A,,A,,A,,A,,A,
195243,1,3,1,5,5,3,5,1,3,5,5,5,R,2251,R,1239,R,1012,R,0.0,R,0.0,R,1851.0,R,983.0,R,868.0,A,,R,0.0,R,246.0,R,138.0,R,108.0,A,,R,0.0,R,244.0,R,137.0,R,107.0,A,,R,0.0,R,2.0,R,1.0,R,1.0,A,,R,0.0,R,0.0,R,0.0,R,0.0,R,0.0,A,,A,,A,,A,,A,,A,,A,,A,,A,,A,,A,,A,,A,,A,,A,
195289,1,3,1,5,5,3,3,5,1,5,1,3,R,0,R,0,R,0,A,,R,0.0,A,,A,,A,,A,,R,0.0,A,,A,,A,,A,,R,0.0,A,,A,,A,,A,,R,0.0,A,,A,,A,,A,,R,0.0,A,,A,,A,,A,,A,,A,,A,,A,,A,,A,,A,,A,,A,,A,,A,,A,,A,,A,,A,
195304,1,5,1,5,1,5,5,1,3,5,1,3,R,4819,R,844,R,3975,A,,R,0.0,R,2840.0,R,535.0,R,2305.0,A,,R,0.0,R,411.0,R,69.0,R,342.0,A,,R,0.0,R,411.0,R,69.0,R,342.0,A,,R,0.0,R,0.0,R,0.0,R,0.0,A,,R,0.0,R,41.0,R,10.0,R,34.0,R,8.0,R,680.0,R,710.0,R,730.0,R,590.0,R,635.0,R,710.0,R,29.0,R,31.0,R,33.0,R,31.0,R,34.0,R,35.0,R,25.0,R,27.0,R,31.0
195438,5,3,5,1,1,5,3,3,3,3,5,5,R,0,R,0,Z,0,A,,R,0.0,A,,A,,A,,A,,R,0.0,A,,A,,A,,A,,R,0.0,A,,A,,A,,A,,R,0.0,A,,A,,A,,A,,A,,A,,A,,A,,A,,A,,A,,A,,A,,A,,A,,A,,A,,A,,A,,A,,A,,A,,A,,A,
195474,5,5,1,5,1,3,5,1,3,5,5,5,R,8992,R,3863,R,5129,S,,S,,R,6346.0,R,2694.0,R,3652.0,S,,S,,R,809.0,R,378.0,R,431.0,S,,S,,R,809.0,R,378.0,R,431.0,S,,S,,R,0.0,R,0.0,R,0.0,S,,S,,R,116.0,R,14.0,R,12.0,R,1.0,R,540.0,R,610.0,R,680.0,R,553.0,R,620.0,R,680.0,R,26.0,R,28.0,R,29.0,A,,A,,A,,A,,A,,A,
195526,5,5,1,1,1,3,5,1,3,5,1,3,R,12144,R,4918,R,7226,A,,R,0.0,R,2784.0,R,1141.0,R,1643.0,A,,R,0.0,R,735.0,R,299.0,R,436.0,A,,R,0.0,R,734.0,R,298.0,R,436.0,A,,R,0.0,R,1.0,R,1.0,Z,0.0,A,,R,0.0,R,186.0,R,25.0,R,65.0,R,9.0,R,660.0,R,690.0,R,730.0,R,640.0,R,680.0,R,730.0,R,30.0,R,32.0,R,33.0,R,30.0,R,34.0,R,35.0,R,27.0,R,28.0,R,31.0
195544,1,5,1,1,1,3,5,1,3,5,1,3,R,5003,R,1762,R,3241,A,,R,0.0,R,3572.0,R,1197.0,R,2375.0,A,,R,0.0,R,491.0,R,179.0,R,312.0,A,,R,0.0,R,487.0,R,179.0,R,308.0,A,,R,0.0,R,4.0,R,0.0,R,4.0,A,,R,0.0,R,95.0,R,19.0,R,0.0,R,0.0,R,540.0,R,580.0,R,630.0,R,550.0,R,590.0,R,650.0,A,,A,,A,,A,,A,,A,,A,,A,,A,
195702,1,3,1,3,3,3,3,3,3,5,5,3,R,1,R,1,R,0,R,0.0,R,0.0,R,1.0,R,1.0,A,,A,,R,0.0,R,0.0,R,0.0,A,,A,,R,0.0,A,,A,,A,,A,,R,0.0,A,,A,,A,,A,,R,0.0,A,,A,,A,,A,,A,,A,,A,,A,,A,,A,,A,,A,,A,,A,,A,,A,,A,,A,,A,
195720,1,5,1,5,1,3,5,1,3,5,5,5,R,4600,R,1892,R,2708,R,0.0,R,0.0,R,3119.0,R,1239.0,R,1880.0,A,,R,0.0,R,611.0,R,248.0,R,363.0,A,,R,0.0,R,611.0,R,248.0,R,363.0,A,,R,0.0,A,,A,,A,,A,,A,,R,166.0,R,27.0,R,18.0,R,3.0,R,560.0,R,600.0,R,640.0,R,560.0,R,595.0,R,640.0,R,24.0,R,28.0,R,29.0,R,22.0,R,27.0,R,30.0,R,24.0,R,26.0,R,27.0
195809,1,5,1,5,5,5,5,1,3,5,5,3,R,25223,R,10595,R,14616,S,,S,,R,20094.0,R,8038.0,R,12053.0,S,,S,,R,2674.0,R,1253.0,R,1421.0,S,,S,,R,2664.0,R,1249.0,R,1415.0,S,,S,,R,10.0,R,4.0,R,6.0,S,,S,,R,778.0,R,29.0,R,52.0,R,2.0,R,560.0,R,610.0,R,660.0,R,550.0,R,600.0,R,660.0,R,24.0,R,27.0,R,29.0,R,23.0,R,26.0,R,28.0,R,21.0,R,25.0,R,26.0
196006,1,3,1,5,5,5,5,1,3,5,5,3,R,7839,R,4448,R,3384,S,,S,,R,6408.0,R,3764.0,R,2643.0,S,,S,,R,1256.0,R,861.0,R,395.0,S,,S,,R,1242.0,R,853.0,R,389.0,S,,S,,R,14.0,R,8.0,R,6.0,S,,S,,R,173.0,R,14.0,R,15.0,R,1.0,R,480.0,R,520.0,R,580.0,R,490.0,R,540.0,R,590.0,R,16.0,R,20.0,R,23.0,R,15.0,R,16.0,R,18.0,R,16.0,R,20.0,R,25.0
196015,1,3,1,5,5,3,3,1,3,5,5,3,R,3439,R,1707,R,1731,S,,S,,R,3313.0,R,1640.0,R,1672.0,S,,S,,R,475.0,R,245.0,R,230.0,S,,S,,R,457.0,R,238.0,R,219.0,S,,S,,R,18.0,R,7.0,R,11.0,S,,S,,A,,A,,A,,A,,A,,A,,A,,A,,A,,A,,A,,A,,A,,A,,A,,A,,A,,A,,A,
196024,1,3,1,1,5,5,3,1,5,3,5,3,R,5867,R,2850,R,3017,S,,S,,R,5187.0,R,2474.0,R,2713.0,S,,S,,R,818.0,R,479.0,R,339.0,S,,S,,R,816.0,R,478.0,R,338.0,S,,S,,R,2.0,R,1.0,R,1.0,S,,S,,A,,A,,A,,A,,A,,A,,A,,A,,A,,A,,A,,A,,A,,A,,A,,A,,A,,A,,A,
196033,1,3,1,3,3,3,5,1,3,3,3,3,R,3147,R,1394,R,1721,S,,S,,R,2620.0,R,1133.0,R,1465.0,S,,S,,R,537.0,R,248.0,R,282.0,S,,S,,R,534.0,R,247.0,R,281.0,S,,S,,R,3.0,R,1.0,R,1.0,S,,S,,R,30.0,R,9.0,R,2.0,R,1.0,R,500.0,R,530.0,R,590.0,R,490.0,R,530.0,R,580.0,S,,S,,S,,S,,S,,S,,S,,S,,S,
196042,1,5,1,5,5,3,5,1,3,3,5,3,R,9455,R,4988,R,4467,S,,S,,R,6535.0,R,3539.0,R,2996.0,S,,S,,R,1676.0,R,1036.0,R,640.0,S,,S,,R,1603.0,R,987.0,R,616.0,S,,S,,R,73.0,R,49.0,R,24.0,S,,S,,R,460.0,R,27.0,R,42.0,R,3.0,R,510.0,R,550.0,R,600.0,R,510.0,R,550.0,R,600.0,R,19.0,R,23.0,R,27.0,A,,A,,A,,A,,A,,A,
196051,1,3,1,5,5,3,5,1,3,3,5,3,R,5122,R,2596,R,2294,R,48.0,R,184.0,R,4673.0,R,2357.0,R,2114.0,R,46.0,R,156.0,C,733.0,C,299.0,C,411.0,R,0.0,R,23.0,C,726.0,C,297.0,C,406.0,A,,R,23.0,R,7.0,R,2.0,R,5.0,A,,R,0.0,R,4.0,R,1.0,R,3.0,R,1.0,S,,S,,S,,S,,S,,S,,S,,S,,S,,S,,S,,S,,S,,S,,S,
196060,1,5,1,5,1,3,5,1,3,5,5,3,R,30740,R,13515,R,17209,S,,S,,R,21477.0,R,9121.0,R,12354.0,S,,S,,R,2836.0,R,1252.0,R,1582.0,S,,S,,R,2832.0,R,1249.0,R,1581.0,S,,S,,R,4.0,R,3.0,R,1.0,S,,S,,R,2.0,R,1.0,R,0.0,Z,0.0,S,,S,,S,,S,,S,,S,,A,,A,,A,,A,,A,,A,,A,,A,,A,
196079,1,3,1,5,1,5,5,1,3,5,1,3,R,49513,R,22131,R,27382,R,0.0,R,0.0,R,18683.0,R,8025.0,R,10658.0,A,,R,0.0,R,3095.0,R,1418.0,R,1677.0,A,,R,0.0,R,3088.0,R,1412.0,R,1676.0,A,,R,0.0,R,7.0,R,6.0,R,1.0,A,,R,0.0,R,1455.0,R,47.0,R,284.0,R,9.0,R,660.0,R,700.0,R,730.0,R,660.0,R,710.0,R,760.0,R,29.0,R,32.0,R,34.0,R,29.0,R,33.0,R,35.0,R,27.0,R,30.0,R,33.0
196088,1,5,1,5,5,5,5,1,3,5,1,3,R,38210,R,18454,R,19756,R,0.0,R,0.0,R,26481.0,R,12551.0,R,13930.0,A,,R,0.0,R,4271.0,R,2317.0,R,1954.0,A,,R,0.0,R,4252.0,R,2303.0,R,1949.0,A,,R,0.0,R,19.0,R,14.0,R,5.0,A,,R,0.0,R,1406.0,R,33.0,R,138.0,R,3.0,R,600.0,R,640.0,R,680.0,R,610.0,R,650.0,R,700.0,R,27.0,R,30.0,R,32.0,R,25.0,R,29.0,R,33.0,R,26.0,R,28.0,R,31.0
196097,1,5,1,1,1,3,5,1,3,5,1,3,R,50341,R,22956,R,27368,R,17.0,R,0.0,R,24670.0,R,10593.0,R,14066.0,R,11.0,R,0.0,R,3569.0,R,1746.0,R,1823.0,R,0.0,R,0.0,R,3563.0,R,1745.0,R,1818.0,A,,R,0.0,R,6.0,R,1.0,R,5.0,A,,R,0.0,R,1285.0,R,36.0,R,106.0,R,3.0,R,640.0,R,680.0,R,720.0,R,680.0,R,730.0,R,770.0,R,28.0,R,31.0,R,33.0,R,27.0,R,32.0,R,34.0,R,27.0,R,30.0,R,33.0
196103,1,3,1,1,5,3,3,1,3,5,5,3,R,3541,R,1465,R,1930,R,146.0,R,0.0,R,2937.0,R,1140.0,R,1680.0,R,117.0,R,0.0,R,398.0,R,151.0,R,215.0,R,32.0,R,0.0,R,393.0,R,149.0,R,212.0,R,32.0,R,0.0,R,5.0,R,2.0,R,3.0,R,0.0,R,0.0,A,,A,,A,,A,,A,,A,,A,,A,,A,,A,,A,,A,,A,,A,,A,,A,,A,,A,,A,
196112,1,3,1,1,1,3,5,1,3,3,3,3,R,4936,R,3250,R,1686,R,0.0,R,0.0,R,3872.0,R,2526.0,R,1346.0,A,,R,0.0,R,389.0,R,267.0,R,122.0,A,,R,0.0,R,389.0,R,267.0,R,122.0,A,,R,0.0,R,0.0,R,0.0,R,0.0,A,,R,0.0,R,98.0,R,25.0,R,7.0,R,2.0,R,560.0,R,620.0,R,650.0,R,590.0,R,630.0,R,680.0,R,24.0,R,25.0,R,27.0,R,21.0,R,23.0,R,25.0,R,25.0,R,27.0,R,28.0
196121,1,3,1,5,5,5,5,1,3,5,5,3,R,10855,R,4759,R,6096,S,,S,,R,7738.0,R,3253.0,R,4485.0,S,,S,,R,1267.0,R,553.0,R,714.0,S,,S,,R,1263.0,R,551.0,R,712.0,S,,S,,R,4.0,R,2.0,R,2.0,S,,S,,R,223.0,R,21.0,R,25.0,R,2.0,R,530.0,R,570.0,R,620.0,R,540.0,R,580.0,R,620.0,R,18.0,R,22.0,R,26.0,R,16.0,R,20.0,R,25.0,A,,A,,A,
196130,1,3,1,1,5,1,5,1,3,5,5,3,R,15943,R,6994,R,8949,A,,R,0.0,R,12096.0,R,4568.0,R,7528.0,A,,R,0.0,R,1456.0,R,680.0,R,776.0,A,,R,0.0,R,1445.0,R,674.0,R,771.0,A,,R,0.0,R,11.0,R,6.0,R,5.0,A,,R,0.0,R,186.0,R,13.0,A,,A,,R,480.0,R,540.0,R,600.0,R,480.0,R,540.0,R,590.0,A,,A,,A,,A,,A,,A,,A,,A,,A,
196149,5,5,1,5,1,3,3,5,3,5,5,3,R,15867,R,6966,R,8901,S,,S,,R,8046.0,R,3012.0,R,5034.0,S,,S,,R,1217.0,R,524.0,R,693.0,S,,S,,R,1216.0,R,523.0,R,693.0,S,,S,,R,1.0,R,1.0,R,0.0,S,,S,,A,,A,,A,,A,,A,,A,,A,,A,,A,,A,,A,,A,,A,,A,,A,,A,,A,,A,,A,
196158,1,5,1,1,5,5,5,1,3,5,5,3,R,5941,R,2418,R,3429,R,94.0,R,0.0,R,4705.0,R,1828.0,R,2801.0,R,76.0,R,0.0,R,644.0,R,277.0,R,355.0,R,12.0,R,0.0,R,644.0,R,277.0,R,355.0,R,12.0,R,0.0,R,0.0,R,0.0,R,0.0,R,0.0,R,0.0,R,25.0,R,4.0,R,75.0,R,12.0,R,520.0,R,600.0,R,650.0,R,540.0,R,590.0,R,640.0,R,21.0,R,25.0,R,28.0,A,,A,,A,,A,,A,,A,
196167,1,5,1,3,5,3,5,1,3,5,5,5,R,13479,R,4757,R,8722,R,0.0,R,0.0,R,8563.0,R,2730.0,R,5833.0,A,,R,0.0,R,982.0,R,321.0,R,661.0,A,,R,0.0,R,977.0,R,320.0,R,657.0,A,,R,0.0,R,5.0,R,1.0,R,4.0,A,,R,0.0,R,176.0,R,18.0,R,19.0,R,2.0,R,610.0,R,650.0,R,690.0,R,590.0,R,640.0,R,690.0,R,26.0,R,29.0,R,31.0,R,25.0,R,28.0,R,33.0,R,25.0,R,27.0,R,29.0
196176,1,3,1,1,1,3,5,3,3,3,1,3,R,16249,R,6424,R,9808,R,17.0,R,0.0,R,9538.0,R,3279.0,R,6250.0,R,9.0,R,0.0,R,1119.0,R,379.0,R,740.0,R,0.0,R,0.0,R,1115.0,R,378.0,R,737.0,A,,R,0.0,R,4.0,R,1.0,R,3.0,A,,R,0.0,R,167.0,R,15.0,R,55.0,R,5.0,R,600.0,R,650.0,R,680.0,R,570.0,R,610.0,R,660.0,R,24.0,R,27.0,R,29.0,R,24.0,R,27.0,R,31.0,R,23.0,R,25.0,R,27.0
196185,1,5,1,1,1,3,5,1,3,3,1,5,R,13660,R,5622,R,8038,R,0.0,R,0.0,R,9583.0,R,3631.0,R,5952.0,A,,R,0.0,R,1320.0,R,517.0,R,803.0,A,,R,0.0,R,1319.0,R,517.0,R,802.0,A,,R,0.0,R,1.0,R,0.0,R,1.0,A,,R,0.0,R,286.0,R,22.0,R,81.0,R,6.0,R,550.0,R,590.0,R,630.0,R,540.0,R,580.0,R,620.0,R,23.0,R,25.0,R,28.0,R,21.0,R,24.0,R,28.0,R,23.0,R,25.0,R,27.0
196194,1,5,1,1,1,5,5,1,3,5,1,3,R,14465,R,6307,R,8155,S,,S,,R,11629.0,R,5006.0,R,6622.0,S,,S,,R,1191.0,R,601.0,R,590.0,S,,S,,R,1188.0,R,599.0,R,589.0,S,,S,,R,3.0,R,2.0,R,1.0,S,,S,,R,323.0,R,27.0,R,33.0,R,3.0,R,530.0,R,590.0,R,640.0,R,530.0,R,580.0,R,630.0,R,23.0,R,26.0,R,27.0,A,,A,,A,,A,,A,,A,
196200,1,5,1,5,1,5,5,1,3,5,1,5,R,3905,R,1580,R,2325,Z,0.0,R,0.0,R,3338.0,R,1315.0,R,2023.0,A,,R,0.0,R,430.0,R,192.0,R,238.0,A,,R,0.0,R,430.0,R,192.0,R,238.0,A,,R,0.0,R,0.0,Z,0.0,Z,0.0,A,,R,0.0,R,1.0,R,1.0,R,2.0,R,1.0,S,,S,,S,,S,,S,,S,,S,,S,,S,,S,,S,,S,,S,,S,,S,
196219,1,5,1,3,5,1,5,1,3,5,1,3,R,7221,R,2686,R,4535,S,,S,,R,5259.0,R,1787.0,R,3472.0,S,,S,,R,777.0,R,307.0,R,470.0,S,,S,,R,772.0,R,304.0,R,468.0,S,,S,,R,5.0,R,3.0,R,2.0,S,,S,,R,74.0,R,10.0,R,12.0,R,2.0,R,600.0,R,660.0,R,700.0,R,578.0,R,610.0,R,663.0,R,27.0,R,28.0,R,32.0,R,28.0,R,32.0,R,34.0,R,25.0,R,27.0,R,30.0
196237,1,3,1,3,1,3,3,1,3,3,3,3,R,6511,R,2756,R,3755,S,,S,,R,5507.0,R,2282.0,R,3225.0,S,,S,,R,720.0,R,336.0,R,384.0,S,,S,,R,712.0,R,331.0,R,381.0,S,,S,,R,8.0,R,5.0,R,3.0,S,,S,,A,,A,,A,,A,,A,,A,,A,,A,,A,,A,,A,,A,,A,,A,,A,,A,,A,,A,,A,
196246,1,5,1,1,1,3,5,1,3,5,1,3,R,8410,R,3201,R,5209,S,,S,,R,6323.0,R,2362.0,R,3961.0,S,,S,,R,789.0,R,360.0,R,429.0,S,,S,,R,776.0,R,353.0,R,423.0,S,,S,,R,13.0,R,7.0,R,6.0,S,,S,,R,87.0,R,11.0,R,0.0,R,0.0,R,560.0,R,600.0,R,640.0,R,540.0,R,580.0,R,630.0,A,,A,,A,,A,,A,,A,,A,,A,,A,
196291,1,3,1,5,5,3,5,1,3,5,5,3,R,1629,R,1343,R,282,S,,S,,R,1279.0,R,1067.0,R,210.0,S,,S,,R,277.0,R,253.0,R,23.0,S,,S,,R,277.0,R,253.0,R,23.0,S,,S,,R,0.0,R,0.0,R,0.0,S,,S,,R,85.0,R,31.0,R,13.0,R,5.0,R,545.0,R,600.0,R,640.0,R,546.0,R,600.0,R,645.0,R,22.0,R,24.0,R,26.0,A,,A,,A,,A,,A,,A,
196413,1,5,1,1,1,1,5,1,5,5,1,3,R,42089,R,17203,R,24866,A,,R,20.0,R,17545.0,R,7270.0,R,10275.0,A,,R,0.0,R,3672.0,R,1569.0,R,2103.0,A,,R,0.0,R,3663.0,R,1563.0,R,2100.0,A,,R,0.0,R,9.0,R,6.0,R,3.0,A,,R,0.0,R,874.0,R,24.0,R,344.0,R,9.0,R,630.0,R,670.0,R,710.0,R,630.0,R,670.0,R,720.0,R,28.0,R,30.0,R,32.0,R,28.0,R,31.0,R,34.0,R,26.0,R,28.0,R,30.0
196431,5,3,5,1,1,5,3,3,3,3,5,5,R,73,R,73,Z,0,A,,R,0.0,R,57.0,R,57.0,A,,A,,R,0.0,R,36.0,R,36.0,A,,A,,R,0.0,R,36.0,R,36.0,A,,A,,R,0.0,R,0.0,R,0.0,A,,A,,R,0.0,A,,A,,A,,A,,A,,A,,A,,A,,A,,A,,A,,A,,A,,A,,A,,A,,A,,A,,A,
196440,5,3,5,1,1,5,3,3,3,3,5,5,R,3,R,3,Z,0,A,,R,0.0,R,3.0,R,3.0,A,,A,,R,0.0,R,3.0,R,3.0,A,,A,,R,0.0,R,3.0,R,3.0,A,,A,,R,0.0,A,,A,,A,,A,,A,,A,,A,,A,,A,,A,,A,,A,,A,,A,,A,,A,,A,,A,,A,,A,,A,,A,,A,,A,
196583,5,3,5,1,1,5,3,3,3,3,5,5,R,34,R,34,Z,0,A,,R,0.0,R,22.0,R,22.0,A,,A,,R,0.0,R,14.0,R,14.0,A,,A,,R,0.0,R,14.0,R,14.0,A,,A,,R,0.0,A,,A,,A,,A,,A,,A,,A,,A,,A,,A,,A,,A,,A,,A,,A,,A,,A,,A,,A,,A,,A,,A,,A,,A,
196592,5,3,1,3,5,1,5,5,3,5,5,5,R,1657,R,538,R,1097,A,,R,22.0,R,1044.0,R,340.0,R,692.0,A,,R,12.0,R,532.0,R,174.0,R,352.0,A,,R,6.0,R,423.0,R,143.0,R,275.0,A,,R,5.0,R,109.0,R,31.0,R,77.0,A,,R,1.0,R,43.0,R,8.0,R,16.0,R,3.0,R,650.0,R,690.0,R,730.0,R,625.0,R,670.0,R,710.0,R,28.0,R,30.0,R,33.0,R,29.0,R,32.0,R,34.0,R,26.0,R,27.0,R,31.0
196653,1,5,1,3,3,3,5,1,5,3,5,3,R,206,R,19,R,187,S,,S,,R,171.0,R,15.0,R,156.0,S,,S,,R,65.0,R,6.0,R,59.0,S,,S,,R,48.0,R,6.0,R,42.0,S,,S,,R,17.0,R,0.0,R,17.0,S,,S,,R,2.0,R,3.0,R,0.0,R,0.0,S,,S,,S,,S,,S,,S,,A,,A,,A,,A,,A,,A,,A,,A,,A,
196866,1,5,1,5,1,3,5,1,5,5,5,5,R,9295,R,4932,R,4363,A,,R,0.0,R,4070.0,R,2120.0,R,1950.0,A,,R,0.0,R,550.0,R,278.0,R,272.0,A,,R,0.0,R,550.0,R,278.0,R,272.0,A,,R,0.0,A,,A,,A,,A,,A,,R,200.0,R,36.0,R,71.0,R,13.0,R,650.0,R,690.0,R,720.0,R,660.0,R,710.0,R,760.0,R,30.0,R,32.0,R,33.0,R,29.0,R,33.0,R,35.0,R,27.0,R,29.0,R,32.0
197027,1,1,1,5,1,3,1,1,3,5,1,3,R,1392,R,1130,R,262,A,,R,0.0,R,452.0,R,370.0,R,82.0,A,,R,0.0,R,277.0,R,229.0,R,48.0,A,,R,0.0,R,277.0,R,229.0,R,48.0,A,,R,0.0,A,,A,,A,,A,,A,,R,208.0,R,75.0,R,121.0,R,44.0,R,570.0,R,620.0,R,650.0,R,570.0,R,610.0,R,650.0,R,23.0,R,25.0,R,29.0,R,23.0,R,25.0,R,30.0,R,23.0,R,26.0,R,28.0
197036,1,5,1,5,1,3,1,1,3,5,1,3,R,11430,R,8081,R,3349,A,,R,0.0,R,1598.0,R,1263.0,R,335.0,A,,R,0.0,R,1210.0,R,970.0,R,240.0,A,,R,0.0,R,1210.0,R,970.0,R,240.0,A,,R,0.0,A,,A,,A,,A,,A,,R,839.0,R,69.0,R,371.0,R,31.0,R,600.0,R,660.0,R,700.0,R,600.0,R,670.0,R,730.0,R,28.0,R,31.0,R,33.0,R,27.0,R,31.0,R,34.0,R,27.0,R,29.0,R,32.0
197045,1,5,1,5,1,5,5,1,3,3,5,5,R,3826,R,1798,R,2014,R,0.0,R,14.0,R,3336.0,R,1522.0,R,1800.0,A,,R,14.0,R,577.0,R,298.0,R,278.0,A,,R,1.0,R,577.0,R,298.0,R,278.0,A,,R,1.0,R,0.0,R,0.0,R,0.0,A,,R,0.0,R,85.0,R,15.0,R,4.0,R,1.0,R,510.0,R,560.0,R,600.0,R,520.0,R,570.0,R,610.0,S,,S,,S,,S,,S,,S,,S,,S,,S,
197133,5,5,1,1,1,5,5,1,3,5,1,5,R,12145,R,3953,R,8192,S,,S,,R,2153.0,R,853.0,R,1300.0,S,,S,,R,689.0,R,264.0,R,425.0,S,,S,,R,689.0,R,264.0,R,425.0,S,,S,,A,,A,,A,,S,,S,,R,179.0,R,26.0,R,88.0,R,13.0,R,720.0,R,750.0,R,770.0,R,715.0,R,760.0,R,780.0,R,33.0,R,34.0,R,35.0,A,,A,,A,,A,,A,,A,
197142,1,3,3,5,5,5,3,5,5,3,5,3,R,593,R,246,R,347,R,0.0,R,0.0,R,514.0,R,212.0,R,302.0,A,,R,0.0,R,161.0,R,83.0,R,78.0,A,,R,0.0,R,141.0,R,69.0,R,72.0,A,,R,0.0,R,20.0,R,14.0,R,6.0,A,,R,0.0,A,,A,,A,,A,,A,,A,,A,,A,,A,,A,,A,,A,,A,,A,,A,,A,,A,,A,,A,
197151,1,3,1,3,5,1,5,1,3,3,1,3,R,3458,R,816,R,2642,R,0.0,R,0.0,R,3158.0,R,716.0,R,2442.0,A,,R,0.0,R,747.0,R,178.0,R,569.0,A,,R,0.0,R,745.0,R,177.0,R,568.0,A,,R,0.0,R,2.0,R,1.0,R,1.0,A,,R,0.0,R,41.0,R,5.0,R,7.0,R,1.0,R,585.0,R,660.0,R,725.0,R,580.0,R,670.0,R,725.0,R,21.0,R,30.0,R,31.0,A,,A,,A,,A,,A,,A,
197197,1,5,1,1,1,3,5,1,3,5,1,3,R,2328,R,939,R,1389,S,,S,,R,1943.0,R,763.0,R,1180.0,S,,S,,R,398.0,R,159.0,R,239.0,S,,S,,R,398.0,R,159.0,R,239.0,S,,S,,A,,A,,A,,S,,S,,R,67.0,R,17.0,R,29.0,R,7.0,R,580.0,R,620.0,R,670.0,R,570.0,R,620.0,R,650.0,R,23.0,R,25.0,R,27.0,R,22.0,R,24.0,R,27.0,R,20.0,R,23.0,R,27.0
197221,1,5,1,1,1,1,5,5,3,5,5,3,R,185,R,138,R,45,S,,S,,R,37.0,R,27.0,R,10.0,S,,S,,R,27.0,R,21.0,R,6.0,S,,S,,R,27.0,R,21.0,R,6.0,S,,S,,A,,A,,A,,S,,S,,R,22.0,R,81.0,R,4.0,R,15.0,R,670.0,R,715.0,R,745.0,R,720.0,R,765.0,R,780.0,S,,S,,S,,S,,S,,S,,S,,S,,S,
197230,5,5,1,1,5,3,3,1,3,3,5,3,R,1532,R,492,R,1040,S,,S,,R,1067.0,R,302.0,R,765.0,S,,S,,R,129.0,R,47.0,R,82.0,S,,S,,R,129.0,R,47.0,R,82.0,S,,S,,A,,A,,A,,S,,S,,A,,A,,A,,A,,A,,A,,A,,A,,A,,A,,A,,A,,A,,A,,A,,A,,A,,A,,A,
197285,3,5,1,3,5,3,3,3,3,3,5,3,R,460,R,210,R,250,A,,R,0.0,R,435.0,R,202.0,R,233.0,A,,R,0.0,R,103.0,R,52.0,R,51.0,A,,R,0.0,R,98.0,R,50.0,R,48.0,A,,R,0.0,R,5.0,R,2.0,R,3.0,A,,R,0.0,A,,A,,A,,A,,A,,A,,A,,A,,A,,A,,A,,A,,A,,A,,A,,A,,A,,A,,A,
197647,5,3,5,1,1,5,3,3,3,3,5,5,R,47,R,47,Z,0,A,,R,0.0,R,33.0,R,33.0,A,,A,,R,0.0,R,24.0,R,24.0,A,,A,,R,0.0,R,24.0,R,24.0,A,,A,,R,0.0,R,0.0,R,0.0,A,,A,,R,0.0,A,,A,,A,,A,,A,,A,,A,,A,,A,,A,,A,,A,,A,,A,,A,,A,,A,,A,,A,
197692,5,3,5,5,1,1,3,3,3,3,3,3,R,49,R,49,R,0,A,,R,0.0,R,45.0,R,45.0,A,,A,,R,0.0,R,35.0,R,35.0,A,,A,,R,0.0,R,35.0,R,35.0,A,,A,,R,0.0,A,,A,,A,,A,,A,,A,,A,,A,,A,,A,,A,,A,,A,,A,,A,,A,,A,,A,,A,,A,,A,,A,,A,,A,
197708,1,3,1,3,1,3,5,1,3,3,1,3,R,1713,R,908,R,805,A,,R,0.0,R,1092.0,R,544.0,R,548.0,A,,R,0.0,R,646.0,R,339.0,R,307.0,A,,R,0.0,R,644.0,R,337.0,R,307.0,A,,R,0.0,R,2.0,R,2.0,R,0.0,A,,R,0.0,R,141.0,R,22.0,R,123.0,R,19.0,R,660.0,R,700.0,R,740.0,R,660.0,R,710.0,R,760.0,R,28.0,R,31.0,R,33.0,R,28.0,R,33.0,R,35.0,R,25.0,R,28.0,R,31.0
197735,5,3,5,1,5,5,3,3,3,3,5,5,R,287,R,287,R,0,R,0.0,R,0.0,R,269.0,R,269.0,A,,A,,R,0.0,R,269.0,R,269.0,A,,A,,R,0.0,R,269.0,R,269.0,A,,A,,R,0.0,A,,A,,A,,A,,A,,A,,A,,A,,A,,A,,A,,A,,A,,A,,A,,A,,A,,A,,A,,A,,A,,A,,A,,A,
197744,5,3,5,1,1,5,3,3,3,3,5,5,R,23,R,23,Z,0,A,,R,0.0,R,12.0,R,12.0,A,,A,,R,0.0,R,12.0,R,12.0,A,,A,,R,0.0,R,12.0,R,12.0,A,,A,,R,0.0,A,,A,,A,,A,,A,,A,,A,,A,,A,,A,,A,,A,,A,,A,,A,,A,,A,,A,,A,,A,,A,,A,,A,,A,
197869,1,5,1,1,3,3,5,1,3,5,5,3,R,24001,R,10027,R,13974,A,,R,0.0,R,21275.0,R,8643.0,R,12632.0,A,,R,0.0,R,4227.0,R,1794.0,R,2433.0,A,,R,0.0,R,4212.0,R,1790.0,R,2422.0,A,,R,0.0,R,15.0,R,4.0,R,11.0,A,,R,0.0,R,420.0,R,10.0,R,994.0,R,24.0,R,560.0,R,600.0,R,650.0,R,540.0,R,580.0,R,630.0,R,21.0,R,24.0,R,27.0,R,19.0,R,23.0,R,26.0,R,18.0,R,23.0,R,25.0
197911,1,3,1,5,5,3,5,1,3,3,5,3,R,2228,R,1003,R,1222,A,,R,3.0,R,2136.0,R,958.0,R,1175.0,A,,R,3.0,R,281.0,R,165.0,R,116.0,A,,R,0.0,R,281.0,R,165.0,R,116.0,A,,R,0.0,R,0.0,R,0.0,R,0.0,A,,R,0.0,R,2.0,R,1.0,R,1.0,R,1.0,S,,S,,S,,S,,S,,S,,S,,S,,S,,S,,S,,S,,S,,S,,S,
197984,1,5,1,5,5,3,5,5,5,3,5,3,R,2972,R,1396,R,1576,A,,R,0.0,R,2686.0,R,1221.0,R,1465.0,A,,R,0.0,R,400.0,R,217.0,R,183.0,A,,R,0.0,R,400.0,R,217.0,R,183.0,A,,R,0.0,R,0.0,R,0.0,R,0.0,A,,R,0.0,R,132.0,R,33.0,R,122.0,R,31.0,R,480.0,R,545.0,R,600.0,R,460.0,R,530.0,R,590.0,R,17.0,R,21.0,R,25.0,R,15.0,R,20.0,R,24.0,R,16.0,R,20.0,R,25.0
197993,1,5,1,5,5,5,5,1,3,3,5,5,R,723,Z,0,R,723,A,,R,0.0,R,243.0,A,,R,243.0,A,,R,0.0,R,49.0,A,,R,49.0,A,,R,0.0,R,49.0,A,,R,49.0,A,,R,0.0,R,0.0,A,,R,0.0,A,,R,0.0,R,6.0,R,12.0,R,4.0,R,8.0,R,453.0,R,465.0,R,508.0,R,405.0,R,425.0,R,438.0,S,,S,,S,,S,,S,,S,,S,,S,,S,
198066,1,3,1,1,3,3,5,5,3,3,5,3,R,2582,R,1356,R,1214,S,,S,,R,1020.0,R,578.0,R,436.0,S,,S,,R,239.0,R,154.0,R,85.0,S,,S,,R,239.0,R,154.0,R,85.0,S,,S,,R,0.0,R,0.0,R,0.0,S,,S,,R,58.0,R,24.0,R,67.0,R,28.0,R,440.0,R,550.0,R,620.0,R,430.0,R,530.0,R,600.0,R,16.0,R,20.0,R,26.0,R,16.0,R,21.0,R,25.0,R,15.0,R,20.0,R,26.0
198109,1,5,1,5,1,3,1,5,3,5,1,5,R,63,R,2,R,61,A,,R,0.0,R,31.0,R,1.0,R,30.0,A,,R,0.0,R,24.0,R,1.0,R,23.0,A,,R,0.0,R,19.0,R,1.0,R,18.0,A,,R,0.0,R,5.0,R,0.0,R,5.0,A,,R,0.0,R,9.0,R,38.0,R,15.0,R,63.0,R,500.0,R,520.0,R,540.0,R,470.0,R,500.0,R,520.0,R,16.0,R,19.0,R,22.0,R,15.0,R,19.0,R,21.0,R,16.0,R,17.0,R,19.0
198136,1,3,1,3,3,3,3,1,3,3,3,3,R,3680,R,1534,R,2146,A,,R,0.0,R,3470.0,R,1422.0,R,2048.0,A,,R,0.0,R,603.0,R,299.0,R,304.0,A,,R,0.0,R,564.0,R,267.0,R,297.0,A,,R,0.0,R,39.0,R,32.0,R,7.0,A,,R,0.0,A,,A,,A,,A,,A,,A,,A,,A,,A,,A,,A,,A,,A,,A,,A,,A,,A,,A,,A,
198215,1,5,1,1,5,5,5,1,3,5,1,5,R,2547,R,1362,R,1180,S,,S,,R,1979.0,R,1001.0,R,976.0,S,,S,,R,308.0,R,162.0,R,146.0,S,,S,,R,308.0,R,162.0,R,146.0,S,,S,,R,0.0,Z,0.0,Z,0.0,S,,S,,R,40.0,R,13.0,R,74.0,R,24.0,R,500.0,R,550.0,R,593.0,R,510.0,R,560.0,R,593.0,R,20.0,R,23.0,R,25.0,R,19.0,R,21.0,R,24.0,R,17.0,R,22.0,R,25.0
198303,1,3,1,5,5,3,5,5,3,3,5,5,R,2360,R,1182,R,1178,A,,R,0.0,R,1708.0,R,803.0,R,905.0,A,,R,0.0,R,161.0,R,109.0,R,52.0,A,,R,0.0,R,161.0,R,109.0,R,52.0,A,,R,0.0,A,,A,,A,,A,,A,,R,10.0,R,6.0,R,0.0,R,0.0,R,485.0,R,505.0,R,585.0,R,395.0,R,465.0,R,560.0,A,,A,,A,,A,,A,,A,,A,,A,,A,
198385,5,3,1,1,1,3,5,1,3,5,1,3,R,7347,R,3509,R,3838,A,,R,0.0,R,1064.0,R,499.0,R,565.0,A,,R,0.0,R,519.0,R,243.0,R,276.0,A,,R,0.0,R,519.0,R,243.0,R,276.0,A,,R,0.0,A,,A,,A,,A,,A,,R,154.0,R,30.0,R,139.0,R,27.0,R,690.0,R,725.0,R,750.0,R,670.0,R,730.0,R,760.0,R,31.0,R,32.0,R,34.0,A,,A,,A,,A,,A,,A,
198419,1,3,1,1,1,3,5,3,3,5,1,5,R,46365,R,21550,R,24815,A,,R,0.0,R,3145.0,R,1463.0,R,1682.0,A,,R,0.0,R,1742.0,R,791.0,R,951.0,A,,R,0.0,R,1742.0,R,791.0,R,951.0,A,,R,0.0,A,,A,,A,,A,,A,,R,863.0,R,50.0,R,534.0,R,31.0,R,740.0,R,760.0,R,770.0,R,770.0,R,790.0,R,800.0,R,34.0,R,34.0,R,35.0,R,35.0,R,35.0,R,36.0,R,32.0,R,34.0,R,35.0
198464,1,3,1,1,3,3,5,1,3,5,1,3,R,22289,R,8273,R,13914,A,,R,102.0,R,20073.0,R,7343.0,R,12642.0,A,,R,88.0,R,3941.0,R,1622.0,R,2291.0,A,,R,28.0,R,3894.0,R,1608.0,R,2260.0,A,,R,26.0,R,47.0,R,14.0,R,31.0,A,,R,2.0,R,339.0,R,9.0,R,692.0,R,18.0,R,530.0,R,570.0,R,610.0,R,520.0,R,560.0,R,590.0,R,20.0,R,23.0,R,26.0,R,18.0,R,21.0,R,24.0,R,18.0,R,22.0,R,25.0
198507,1,5,1,5,3,3,5,1,3,3,3,3,R,5360,R,2085,R,3275,A,,R,0.0,R,3778.0,R,1394.0,R,2384.0,A,,R,0.0,R,347.0,R,191.0,R,156.0,A,,R,0.0,R,346.0,R,191.0,R,155.0,A,,R,0.0,R,1.0,Z,0.0,R,1.0,A,,R,0.0,R,4.0,R,1.0,R,2.0,R,1.0,S,,S,,S,,S,,S,,S,,S,,S,,S,,S,,S,,S,,S,,S,,S,
198516,1,5,1,5,5,3,5,1,3,5,1,5,R,18791,R,7173,R,11618,A,,R,0.0,R,12649.0,R,4700.0,R,7949.0,A,,R,0.0,R,1677.0,R,694.0,R,983.0,A,,R,0.0,R,1677.0,R,694.0,R,983.0,A,,R,0.0,Z,0.0,Z,0.0,Z,0.0,A,,R,0.0,R,38.0,R,2.0,R,17.0,R,1.0,R,580.0,R,620.0,R,675.0,R,563.0,R,590.0,R,630.0,R,23.0,R,26.0,R,28.0,R,23.0,R,25.0,R,29.0,R,22.0,R,25.0,R,26.0
198543,1,5,1,5,5,3,5,1,3,3,5,3,R,5043,R,1733,R,3310,A,,R,0.0,R,4029.0,R,1297.0,R,2732.0,A,,R,0.0,R,807.0,R,277.0,R,530.0,A,,R,0.0,R,770.0,R,260.0,R,510.0,A,,R,0.0,R,37.0,R,17.0,R,20.0,A,,R,0.0,R,28.0,R,3.0,R,80.0,R,10.0,R,445.0,R,490.0,R,520.0,R,410.0,R,460.0,R,525.0,R,15.0,R,18.0,R,20.0,R,14.0,R,16.0,R,19.0,R,15.0,R,16.0,R,18.0
198561,1,1,1,1,1,5,5,1,3,5,1,5,R,4670,R,2054,R,2616,A,,R,0.0,R,4064.0,R,1763.0,R,2301.0,A,,R,0.0,R,411.0,R,187.0,R,224.0,A,,R,0.0,R,411.0,R,187.0,R,224.0,A,,R,0.0,A,,A,,A,,A,,A,,R,52.0,R,13.0,R,94.0,R,23.0,R,520.0,R,582.0,R,640.0,R,520.0,R,558.0,R,620.0,R,20.0,R,23.0,R,26.0,R,18.0,R,21.0,R,25.0,R,18.0,R,22.0,R,26.0
198598,1,3,1,5,5,5,3,1,3,3,5,3,R,3143,R,1293,R,1785,S,,S,,R,2893.0,R,1182.0,R,1652.0,S,,S,,R,208.0,R,133.0,R,70.0,S,,S,,R,208.0,R,133.0,R,70.0,S,,S,,R,0.0,R,0.0,R,0.0,S,,S,,A,,A,,A,,A,,A,,A,,A,,A,,A,,A,,A,,A,,A,,A,,A,,A,,A,,A,,A,
198613,5,5,1,5,5,5,5,1,3,5,5,5,R,3775,R,1490,R,1815,A,,R,470.0,R,3162.0,R,1411.0,R,1751.0,A,,R,0.0,R,366.0,R,167.0,R,199.0,A,,R,0.0,R,366.0,R,167.0,R,199.0,A,,R,0.0,A,,A,,A,,A,,A,,R,36.0,R,10.0,R,71.0,R,19.0,R,510.0,R,580.0,R,630.0,R,500.0,R,540.0,R,620.0,R,18.0,R,22.0,R,26.0,R,15.0,R,21.0,R,25.0,R,16.0,R,21.0,R,25.0
198695,1,3,1,1,1,5,5,1,3,5,1,5,R,15625,R,5884,R,9741,A,,R,0.0,R,12004.0,R,4439.0,R,7565.0,A,,R,0.0,R,1468.0,R,678.0,R,790.0,A,,R,0.0,R,1468.0,R,678.0,R,790.0,A,,R,0.0,A,,A,,A,,A,,A,,R,344.0,R,23.0,R,228.0,R,16.0,R,560.0,R,610.0,R,650.0,R,550.0,R,600.0,R,650.0,R,23.0,R,27.0,R,31.0,R,22.0,R,25.0,R,29.0,R,21.0,R,25.0,R,27.0
198756,1,5,1,1,3,3,3,1,3,3,5,3,R,4273,R,1725,R,2357,A,,R,191.0,R,1832.0,R,755.0,R,993.0,A,,R,84.0,R,283.0,R,146.0,R,137.0,A,,R,0.0,R,279.0,R,143.0,R,136.0,A,,R,0.0,R,4.0,R,3.0,R,1.0,A,,R,0.0,A,,A,,A,,A,,A,,A,,A,,A,,A,,A,,A,,A,,A,,A,,A,,A,,A,,A,,A,
198808,1,5,1,1,5,3,5,1,3,5,1,5,R,1787,R,646,R,1139,S,,S,,R,1443.0,R,507.0,R,936.0,S,,S,,R,199.0,R,78.0,R,121.0,S,,S,,R,199.0,R,78.0,R,121.0,S,,S,,A,,A,,A,,S,,S,,R,0.0,R,0.0,R,0.0,R,0.0,A,,A,,A,,A,,A,,A,,A,,A,,A,,A,,A,,A,,A,,A,,A,
198835,1,5,1,5,5,5,3,1,3,5,5,3,R,6299,R,2516,R,3769,A,,R,14.0,R,5082.0,R,2054.0,R,3022.0,A,,R,6.0,R,377.0,R,179.0,R,198.0,A,,R,0.0,R,376.0,R,179.0,R,197.0,A,,R,0.0,R,1.0,R,0.0,R,1.0,A,,R,0.0,A,,A,,A,,A,,A,,A,,A,,A,,A,,A,,A,,A,,A,,A,,A,,A,,A,,A,,A,
198862,1,3,3,5,5,3,3,3,5,3,5,3,R,4748,R,1969,R,2779,A,,R,0.0,R,3518.0,R,1405.0,R,2113.0,A,,R,0.0,R,269.0,R,155.0,R,114.0,A,,R,0.0,R,269.0,R,155.0,R,114.0,A,,R,0.0,R,0.0,R,0.0,R,0.0,A,,R,0.0,A,,A,,A,,A,,A,,A,,A,,A,,A,,A,,A,,A,,A,,A,,A,,A,,A,,A,,A,
198871,1,3,5,5,3,3,3,5,3,3,5,5,R,830,R,581,R,249,A,,R,0.0,R,266.0,R,199.0,R,67.0,A,,R,0.0,R,266.0,R,199.0,R,67.0,A,,R,0.0,R,265.0,R,199.0,R,66.0,A,,R,0.0,R,1.0,R,0.0,R,1.0,A,,R,0.0,A,,A,,A,,A,,A,,A,,A,,A,,A,,A,,A,,A,,A,,A,,A,,A,,A,,A,,A,
198899,1,5,1,3,5,5,3,5,3,3,3,3,R,1393,R,721,R,672,A,,R,0.0,R,1085.0,R,560.0,R,525.0,A,,R,0.0,R,318.0,R,180.0,R,138.0,A,,R,0.0,R,314.0,R,176.0,R,138.0,A,,R,0.0,R,4.0,R,4.0,R,0.0,A,,R,0.0,A,,A,,A,,A,,A,,A,,A,,A,,A,,A,,A,,A,,A,,A,,A,,A,,A,,A,,A,
198950,1,5,1,1,1,3,5,5,3,5,5,5,R,1563,R,0,R,1563,A,,R,0.0,R,1167.0,A,,R,1167.0,A,,R,0.0,R,325.0,A,,R,325.0,A,,R,0.0,R,325.0,A,,R,325.0,A,,R,0.0,R,0.0,A,,R,0.0,A,,R,0.0,R,38.0,R,12.0,R,58.0,R,18.0,R,590.0,R,625.0,R,650.0,R,520.0,R,560.0,R,610.0,R,23.0,R,26.0,R,30.0,R,22.0,R,26.0,R,32.0,R,20.0,R,24.0,R,26.0
198969,1,5,1,1,5,3,5,5,3,5,5,5,R,2738,R,1720,R,1001,R,17.0,R,0.0,R,2059.0,R,1251.0,R,808.0,R,0.0,R,0.0,R,344.0,R,215.0,R,129.0,A,,R,0.0,R,341.0,R,212.0,R,129.0,A,,R,0.0,R,3.0,R,3.0,R,0.0,A,,R,0.0,R,38.0,R,11.0,R,44.0,R,13.0,R,550.0,R,590.0,R,630.0,R,560.0,R,590.0,R,590.0,R,23.0,R,25.0,R,25.0,R,22.0,R,24.0,R,26.0,R,21.0,R,25.0,R,26.0
199032,1,3,1,3,3,3,3,1,3,3,3,3,R,2154,R,1005,R,1147,A,,R,2.0,R,1412.0,R,649.0,R,763.0,A,,R,0.0,R,201.0,R,126.0,R,75.0,A,,R,0.0,R,198.0,R,125.0,R,73.0,A,,R,0.0,R,3.0,R,1.0,R,2.0,A,,R,0.0,A,,A,,A,,A,,A,,A,,A,,A,,A,,A,,A,,A,,A,,A,,A,,A,,A,,A,,A,
199069,1,3,1,3,3,3,5,1,3,3,3,3,R,1748,R,763,R,985,A,,R,0.0,R,1359.0,R,569.0,R,790.0,A,,R,0.0,R,277.0,R,122.0,R,155.0,A,,R,0.0,R,271.0,R,121.0,R,150.0,A,,R,0.0,R,6.0,R,1.0,R,5.0,A,,R,0.0,A,,A,,R,36.0,R,13.0,A,,A,,A,,A,,A,,A,,R,17.0,R,19.0,R,22.0,R,15.0,R,19.0,R,22.0,R,15.0,R,17.0,R,22.0
199102,1,5,1,1,3,3,5,1,3,3,3,3,R,30717,R,9562,R,21155,A,,R,0.0,R,14183.0,R,4209.0,R,9974.0,A,,R,0.0,R,2755.0,R,981.0,R,1774.0,A,,R,0.0,R,2723.0,R,966.0,R,1757.0,A,,R,0.0,R,32.0,R,15.0,R,17.0,A,,R,0.0,R,371.0,R,13.0,R,426.0,R,15.0,R,490.0,R,550.0,R,610.0,R,470.0,R,530.0,R,580.0,R,16.0,R,19.0,R,22.0,R,14.0,R,18.0,R,21.0,R,16.0,R,18.0,R,21.0
199111,1,5,1,1,1,3,5,1,3,5,1,3,R,5465,R,1945,R,3520,A,,R,0.0,R,5131.0,R,1798.0,R,3333.0,A,,R,0.0,R,630.0,R,235.0,R,395.0,A,,R,0.0,R,627.0,R,233.0,R,394.0,A,,R,0.0,R,3.0,R,2.0,R,1.0,A,,R,0.0,R,61.0,R,10.0,R,147.0,R,23.0,R,600.0,R,640.0,R,690.0,R,570.0,R,600.0,R,660.0,R,22.0,R,26.0,R,29.0,R,21.0,R,25.0,R,29.0,R,19.0,R,23.0,R,27.0
199120,5,5,1,5,1,5,5,1,3,5,1,5,R,57902,R,23947,R,33955,A,,R,0.0,R,10850.0,R,4333.0,R,6517.0,A,,R,0.0,R,4699.0,R,1764.0,R,2935.0,A,,R,0.0,R,4688.0,R,1758.0,R,2930.0,A,,R,0.0,R,11.0,R,6.0,R,5.0,A,,R,0.0,R,1362.0,R,29.0,R,1600.0,R,34.0,R,680.0,R,720.0,R,750.0,R,690.0,R,750.0,R,780.0,R,30.0,R,32.0,R,34.0,R,29.0,R,33.0,R,35.0,R,27.0,R,30.0,R,33.0
199139,1,5,1,1,5,3,5,1,3,5,1,3,R,22699,R,9992,R,12707,A,,R,0.0,R,18208.0,R,7809.0,R,10399.0,A,,R,0.0,R,4501.0,R,2199.0,R,2302.0,A,,R,0.0,R,4421.0,R,2155.0,R,2266.0,A,,R,0.0,R,80.0,R,44.0,R,36.0,A,,R,0.0,R,924.0,R,21.0,R,1443.0,R,32.0,R,550.0,R,610.0,R,650.0,R,560.0,R,610.0,R,670.0,R,21.0,R,24.0,R,27.0,R,19.0,R,22.0,R,26.0,R,20.0,R,24.0,R,26.0
199148,1,5,1,1,3,3,5,1,3,5,5,3,R,12379,R,4054,R,8319,A,,R,6.0,R,11120.0,R,3577.0,R,7538.0,A,,R,5.0,R,2613.0,R,841.0,R,1772.0,A,,R,0.0,R,2580.0,R,827.0,R,1753.0,A,,R,0.0,R,33.0,R,14.0,R,19.0,A,,R,0.0,R,123.0,R,5.0,R,248.0,R,9.0,R,560.0,R,600.0,R,660.0,R,540.0,R,580.0,R,620.0,R,22.0,R,24.0,R,27.0,R,21.0,R,23.0,R,27.0,R,20.0,R,23.0,R,26.0
199157,1,5,1,5,5,3,5,1,3,3,3,3,R,14192,R,4238,R,9954,A,,R,0.0,R,12842.0,R,3692.0,R,9150.0,A,,R,0.0,R,1465.0,R,428.0,R,1037.0,A,,R,0.0,R,1455.0,R,422.0,R,1033.0,A,,R,0.0,R,10.0,R,6.0,R,4.0,A,,R,0.0,R,10.0,R,1.0,R,5.0,R,1.0,R,500.0,R,560.0,R,570.0,R,480.0,R,500.0,R,530.0,R,17.0,R,17.0,R,18.0,R,14.0,R,16.0,R,20.0,R,15.0,R,16.0,R,18.0
199184,1,5,1,5,1,1,5,1,3,5,1,3,R,1423,R,481,R,940,A,,R,2.0,R,471.0,R,158.0,R,312.0,A,,R,1.0,R,221.0,R,70.0,R,150.0,A,,R,1.0,R,221.0,R,70.0,R,150.0,A,,R,1.0,R,0.0,R,0.0,R,0.0,A,,R,0.0,R,35.0,R,16.0,R,33.0,R,15.0,R,600.0,R,670.0,R,710.0,R,550.0,R,580.0,R,640.0,R,24.0,R,26.0,R,27.0,R,24.0,R,26.0,R,30.0,R,19.0,R,23.0,R,26.0
199193,1,5,1,1,5,3,5,1,3,5,1,3,R,40049,R,19382,R,20665,R,0.0,R,2.0,R,15958.0,R,6766.0,R,9192.0,A,,R,0.0,R,5728.0,R,2686.0,R,3042.0,A,,R,0.0,R,5636.0,R,2628.0,R,3008.0,A,,R,0.0,R,92.0,R,58.0,R,34.0,A,,R,0.0,R,1199.0,R,21.0,R,1596.0,R,28.0,R,640.0,R,680.0,R,720.0,R,660.0,R,700.0,R,740.0,R,28.0,R,30.0,R,32.0,R,26.0,R,29.0,R,33.0,R,26.0,R,28.0,R,31.0
199209,3,3,3,3,3,3,3,1,3,3,3,3,R,2417,R,1698,R,719,A,,R,0.0,R,1884.0,R,1280.0,R,604.0,A,,R,0.0,R,250.0,R,168.0,R,82.0,A,,R,0.0,R,246.0,R,168.0,R,78.0,A,,R,0.0,R,4.0,R,0.0,R,4.0,A,,R,0.0,A,,A,,A,,A,,A,,A,,A,,A,,A,,A,,A,,A,,A,,A,,A,,A,,A,,A,,A,
199218,1,1,1,5,5,3,5,1,3,5,1,5,R,17370,R,5902,R,11467,A,,R,1.0,R,12856.0,R,3991.0,R,8865.0,A,,R,0.0,R,2701.0,R,885.0,R,1816.0,A,,R,0.0,R,2694.0,R,884.0,R,1810.0,A,,R,0.0,R,7.0,R,1.0,R,6.0,A,,R,0.0,R,189.0,R,7.0,R,436.0,R,16.0,R,620.0,R,660.0,R,690.0,R,600.0,R,630.0,R,670.0,R,24.0,R,26.0,R,28.0,R,23.0,R,25.0,R,28.0,R,23.0,R,25.0,R,27.0
199272,1,3,1,1,5,5,5,1,3,3,5,3,R,1286,R,553,R,732,S,,S,,R,1252.0,R,537.0,R,714.0,S,,S,,R,159.0,R,94.0,R,64.0,S,,S,,R,159.0,R,94.0,R,64.0,S,,S,,R,0.0,R,0.0,R,0.0,S,,S,,R,11.0,R,7.0,R,15.0,R,9.0,R,590.0,R,620.0,R,640.0,R,550.0,R,590.0,R,640.0,R,22.0,R,24.0,R,27.0,R,19.0,R,24.0,R,27.0,R,18.0,R,20.0,R,24.0
199281,1,5,1,1,5,3,5,1,3,3,5,3,R,7635,R,2907,R,4192,A,,R,536.0,R,7052.0,R,2653.0,R,3891.0,A,,R,508.0,R,908.0,R,384.0,R,493.0,A,,R,31.0,R,871.0,R,371.0,R,470.0,A,,R,30.0,R,37.0,R,13.0,R,23.0,A,,R,1.0,R,2.0,R,0.0,R,3.0,R,0.0,S,,S,,S,,S,,S,,S,,S,,S,,S,,S,,S,,S,,S,,S,,S,
199306,1,5,1,3,3,3,3,1,3,3,3,5,R,1637,R,745,R,892,S,,S,,R,1560.0,R,711.0,R,849.0,S,,S,,R,195.0,R,121.0,R,74.0,S,,S,,R,195.0,R,121.0,R,74.0,S,,S,,Z,0.0,R,0.0,R,0.0,S,,S,,A,,A,,A,,A,,A,,A,,A,,A,,A,,A,,A,,A,,A,,A,,A,,A,,A,,A,,A,
199412,1,5,5,1,5,5,5,1,3,5,1,5,R,4357,R,1413,R,2836,S,,S,,R,2949.0,R,961.0,R,1913.0,S,,S,,R,399.0,R,162.0,R,229.0,S,,S,,R,399.0,R,162.0,R,229.0,S,,S,,R,0.0,R,0.0,R,0.0,S,,S,,R,69.0,R,17.0,R,58.0,R,15.0,R,560.0,R,610.0,R,650.0,R,550.0,R,590.0,R,650.0,R,24.0,R,26.0,R,29.0,R,22.0,R,25.0,R,29.0,R,23.0,R,25.0,R,27.0
199458,1,1,1,3,5,3,5,1,3,3,1,3,R,290,R,168,R,122,A,,R,0.0,R,221.0,R,125.0,R,96.0,A,,R,0.0,R,46.0,R,29.0,R,17.0,A,,R,0.0,R,45.0,R,28.0,R,17.0,A,,R,0.0,R,1.0,R,1.0,R,0.0,A,,R,0.0,R,3.0,R,7.0,R,0.0,R,0.0,S,,S,,S,,S,,S,,S,,A,,A,,A,,A,,A,,A,,A,,A,,A,
199582,1,3,1,3,3,3,3,1,3,3,3,3,R,3160,R,1380,R,1769,R,11.0,R,0.0,R,1856.0,R,755.0,R,1094.0,R,7.0,R,0.0,R,162.0,R,91.0,R,71.0,R,0.0,R,0.0,R,152.0,R,84.0,R,68.0,A,,R,0.0,R,10.0,R,7.0,R,3.0,A,,R,0.0,A,,A,,A,,A,,A,,A,,A,,A,,A,,A,,A,,A,,A,,A,,A,,A,,A,,A,,A,
199607,1,5,1,5,5,5,5,1,3,5,1,5,R,1951,R,0,R,1951,R,0.0,R,0.0,R,1698.0,A,,R,1698.0,A,,R,0.0,R,156.0,A,,R,156.0,A,,R,0.0,R,154.0,A,,R,154.0,A,,R,0.0,R,2.0,A,,R,2.0,A,,R,0.0,R,8.0,R,5.0,R,11.0,R,7.0,R,588.0,R,655.0,R,685.0,R,490.0,R,580.0,R,630.0,R,18.0,R,22.0,R,27.0,R,18.0,R,20.0,R,25.0,R,17.0,R,21.0,R,25.0
199643,1,5,1,1,5,3,3,1,3,3,5,5,R,10699,R,4329,R,6281,A,,R,89.0,R,3261.0,R,1293.0,R,1955.0,A,,R,13.0,R,186.0,R,115.0,R,71.0,A,,R,0.0,R,182.0,R,113.0,R,69.0,A,,R,0.0,R,4.0,R,2.0,R,2.0,A,,R,0.0,A,,A,,A,,A,,A,,A,,A,,A,,A,,A,,A,,A,,A,,A,,A,,A,,A,,A,,A,
199759,1,3,1,3,1,3,5,1,3,5,1,3,R,124,R,75,R,49,A,,R,0.0,R,95.0,R,52.0,R,43.0,A,,R,0.0,R,77.0,R,46.0,R,31.0,A,,R,0.0,R,41.0,R,25.0,R,16.0,A,,R,0.0,R,36.0,R,21.0,R,15.0,A,,R,0.0,R,14.0,R,18.0,R,14.0,R,18.0,R,480.0,R,560.0,R,630.0,R,440.0,R,530.0,R,600.0,R,18.0,R,21.0,R,26.0,R,20.0,R,24.0,R,27.0,R,15.0,R,18.0,R,26.0
199847,5,5,1,5,1,3,5,1,3,5,1,5,R,17479,R,7864,R,9613,S,,S,,R,3768.0,R,1751.0,R,2017.0,S,,S,,R,1385.0,R,623.0,R,762.0,S,,S,,R,1385.0,R,623.0,R,762.0,S,,S,,R,0.0,R,0.0,R,0.0,S,,S,,R,357.0,R,26.0,R,298.0,R,22.0,R,690.0,R,720.0,R,740.0,R,700.0,R,740.0,R,770.0,R,32.0,R,33.0,R,34.0,R,33.0,R,35.0,R,35.0,R,29.0,R,31.0,R,33.0
199865,1,5,1,5,5,5,5,1,3,5,1,3,R,943,R,360,R,571,R,12.0,R,0.0,R,732.0,R,230.0,R,490.0,R,12.0,R,0.0,R,196.0,R,57.0,R,133.0,R,6.0,R,0.0,R,196.0,R,57.0,R,133.0,R,6.0,R,0.0,R,0.0,R,0.0,R,0.0,R,0.0,R,0.0,R,0.0,R,0.0,R,38.0,R,19.0,A,,A,,A,,A,,A,,A,,R,25.0,R,27.0,R,30.0,R,25.0,R,27.0,R,32.0,R,23.0,R,25.0,R,27.0
199962,1,5,1,1,3,3,5,1,3,3,5,3,R,21210,R,8497,R,12426,A,,R,287.0,R,18027.0,R,6951.0,R,10855.0,A,,R,221.0,R,708.0,R,324.0,R,372.0,A,,R,12.0,R,708.0,R,324.0,R,372.0,A,,R,12.0,R,0.0,R,0.0,R,0.0,A,,R,0.0,R,168.0,R,24.0,R,85.0,R,12.0,R,490.0,R,530.0,R,640.0,R,500.0,R,550.0,R,630.0,R,18.0,R,21.0,R,24.0,R,16.0,R,19.0,R,23.0,R,16.0,R,20.0,R,25.0
199999,1,5,1,3,3,3,5,1,3,3,3,3,R,9273,R,2630,R,6641,A,,R,2.0,R,6357.0,R,1714.0,R,4643.0,A,,R,0.0,R,883.0,R,225.0,R,658.0,A,,R,0.0,R,879.0,R,224.0,R,655.0,A,,R,0.0,R,4.0,R,1.0,R,3.0,A,,R,0.0,R,56.0,R,6.0,R,98.0,R,11.0,R,420.0,R,490.0,R,530.0,R,400.0,R,450.0,R,520.0,R,14.0,R,17.0,R,18.0,R,12.0,R,14.0,R,17.0,R,15.0,R,16.0,R,18.0
200004,1,5,1,1,5,3,5,1,3,5,5,3,R,18183,R,7044,R,11122,A,,R,17.0,R,15758.0,R,5858.0,R,9890.0,A,,R,10.0,R,2103.0,R,871.0,R,1231.0,A,,R,1.0,R,2082.0,R,863.0,R,1218.0,A,,R,1.0,R,21.0,R,8.0,R,13.0,A,,R,0.0,R,190.0,R,9.0,R,493.0,R,23.0,R,540.0,R,590.0,R,650.0,R,510.0,R,565.0,R,610.0,R,20.0,R,23.0,R,26.0,R,18.0,R,22.0,R,26.0,R,18.0,R,22.0,R,25.0
200059,1,5,1,1,3,3,3,1,3,5,5,5,R,831,R,383,R,448,R,0.0,R,0.0,R,499.0,R,216.0,R,283.0,A,,R,0.0,R,226.0,R,100.0,R,126.0,A,,R,0.0,R,203.0,R,94.0,R,109.0,A,,R,0.0,R,23.0,R,6.0,R,17.0,A,,R,0.0,A,,A,,A,,A,,A,,A,,A,,A,,A,,A,,A,,A,,A,,A,,A,,A,,A,,A,,A,
200156,1,5,1,5,5,3,3,1,3,3,5,5,R,1047,R,632,R,415,R,0.0,R,0.0,R,979.0,R,596.0,R,383.0,A,,R,0.0,R,251.0,R,151.0,R,100.0,A,,R,0.0,R,251.0,R,151.0,R,100.0,A,,R,0.0,R,0.0,R,0.0,R,0.0,A,,R,0.0,A,,A,,A,,A,,A,,A,,A,,A,,A,,A,,A,,A,,A,,A,,A,,A,,A,,A,,A,
200217,1,3,1,3,3,3,3,5,5,3,3,3,R,1577,R,614,R,963,A,,R,0.0,R,1234.0,R,483.0,R,751.0,A,,R,0.0,R,559.0,R,222.0,R,337.0,A,,R,0.0,R,559.0,R,222.0,R,337.0,A,,R,0.0,R,0.0,R,0.0,R,0.0,A,,R,0.0,A,,A,,A,,A,,A,,A,,A,,A,,A,,A,,A,,A,,A,,A,,A,,A,,A,,A,,A,
200253,1,5,1,3,3,3,5,5,3,3,3,3,R,745,R,358,R,387,R,0.0,R,0.0,R,538.0,R,264.0,R,274.0,A,,R,0.0,R,365.0,R,165.0,R,200.0,A,,R,0.0,R,355.0,R,161.0,R,194.0,A,,R,0.0,R,10.0,R,4.0,R,6.0,A,,R,0.0,R,27.0,R,8.0,R,210.0,R,58.0,R,480.0,R,520.0,R,580.0,R,450.0,R,520.0,R,600.0,R,18.0,R,21.0,R,24.0,R,16.0,R,20.0,R,23.0,R,16.0,R,19.0,R,24.0
200280,1,3,1,1,3,3,3,1,3,3,3,3,R,7437,R,4009,R,3428,A,,R,0.0,R,5733.0,R,2886.0,R,2847.0,A,,R,0.0,R,1766.0,R,859.0,R,907.0,A,,R,0.0,R,1715.0,R,827.0,R,888.0,A,,R,0.0,R,51.0,R,32.0,R,19.0,A,,R,0.0,A,,A,,A,,A,,A,,A,,A,,A,,A,,A,,A,,A,,A,,A,,A,,A,,A,,A,,A,
200332,1,3,1,1,3,3,5,3,3,3,5,3,R,7331,R,3168,R,4163,A,,R,0.0,R,7024.0,R,3020.0,R,4004.0,A,,R,0.0,R,2214.0,R,1047.0,R,1167.0,A,,R,0.0,R,2192.0,R,1036.0,R,1156.0,A,,R,0.0,R,22.0,R,11.0,R,11.0,A,,R,0.0,R,1.0,R,1.0,R,91.0,R,4.0,S,,S,,S,,S,,S,,S,,R,19.0,R,22.0,R,24.0,R,17.0,R,20.0,R,22.0,R,17.0,R,20.0,R,24.0
200484,1,1,1,3,1,3,5,1,3,3,1,3,R,185,R,68,R,117,A,,R,0.0,R,67.0,R,23.0,R,44.0,A,,R,0.0,R,46.0,R,15.0,R,31.0,A,,R,0.0,R,44.0,R,15.0,R,29.0,A,,R,0.0,R,2.0,R,0.0,R,2.0,A,,R,0.0,R,4.0,R,9.0,R,33.0,R,72.0,S,,S,,S,,S,,S,,S,,R,18.0,R,22.0,R,26.0,R,18.0,R,21.0,R,24.0,R,17.0,R,20.0,R,25.0
200572,1,3,1,1,3,3,5,1,3,3,3,3,R,492,R,289,R,203,S,,S,,R,341.0,R,195.0,R,146.0,S,,S,,R,194.0,R,106.0,R,88.0,S,,S,,R,175.0,R,100.0,R,75.0,S,,S,,R,19.0,R,6.0,R,13.0,S,,S,,A,,A,,R,142.0,R,73.0,A,,A,,A,,A,,A,,A,,R,18.0,R,21.0,R,24.0,R,16.0,R,20.0,R,22.0,R,17.0,R,20.0,R,24.0
200785,1,3,1,3,3,3,3,1,1,3,3,3,R,134,R,11,R,123,R,0.0,R,0.0,R,126.0,R,10.0,R,116.0,A,,R,0.0,R,87.0,R,7.0,R,80.0,A,,R,0.0,R,51.0,R,6.0,R,45.0,A,,R,0.0,R,36.0,R,1.0,R,35.0,A,,R,0.0,A,,A,,A,,A,,A,,A,,A,,A,,A,,A,,A,,A,,A,,A,,A,,A,,A,,A,,A,
200800,1,3,5,1,5,5,5,1,3,5,5,5,R,14982,R,7644,R,7338,R,0.0,R,0.0,R,10624.0,R,5153.0,R,5471.0,A,,R,0.0,R,2091.0,R,1095.0,R,996.0,A,,R,0.0,R,2050.0,R,1065.0,R,985.0,A,,R,0.0,R,41.0,R,30.0,R,11.0,A,,R,0.0,R,410.0,R,20.0,R,1496.0,R,72.0,R,480.0,R,540.0,R,590.0,R,470.0,R,540.0,R,600.0,R,18.0,R,21.0,R,25.0,R,16.0,R,21.0,R,24.0,R,17.0,R,21.0,R,25.0
200846,1,3,5,1,5,5,5,1,3,5,5,5,R,303,R,105,R,198,R,0.0,R,0.0,R,244.0,R,84.0,R,160.0,A,,R,0.0,R,133.0,R,50.0,R,83.0,A,,R,0.0,R,123.0,R,44.0,R,79.0,A,,R,0.0,R,10.0,R,6.0,R,4.0,A,,R,0.0,R,6.0,R,5.0,R,118.0,R,89.0,R,493.0,R,530.0,R,560.0,R,408.0,R,505.0,R,593.0,R,17.0,R,20.0,R,23.0,R,16.0,R,21.0,R,24.0,R,16.0,R,19.0,R,24.0
201061,1,3,1,3,3,1,5,1,3,3,3,3,R,1056,R,257,R,711,R,88.0,R,0.0,R,350.0,R,53.0,R,259.0,R,38.0,R,0.0,R,57.0,R,10.0,R,14.0,R,33.0,R,0.0,R,57.0,R,10.0,R,14.0,R,33.0,R,0.0,R,0.0,R,0.0,R,0.0,R,0.0,R,0.0,R,0.0,R,0.0,R,1.0,R,2.0,A,,A,,A,,A,,A,,A,,S,,S,,S,,S,,S,,S,,S,,S,,S,
201104,1,5,5,3,3,3,5,3,3,3,5,3,R,3633,R,1578,R,2055,S,,S,,R,2927.0,R,1280.0,R,1647.0,S,,S,,C,519.0,C,246.0,C,273.0,S,,S,,C,513.0,C,244.0,C,269.0,S,,S,,R,6.0,R,2.0,R,4.0,S,,S,,R,9.0,R,2.0,R,278.0,C,54.0,R,495.0,R,510.0,R,610.0,R,525.0,R,570.0,R,645.0,R,20.0,R,22.0,R,25.0,R,19.0,R,21.0,R,25.0,R,19.0,R,22.0,R,25.0
201177,1,3,1,3,3,3,1,1,3,3,3,3,R,189,R,12,R,177,R,0.0,R,0.0,R,78.0,R,10.0,R,68.0,A,,R,0.0,R,43.0,R,5.0,R,38.0,A,,R,0.0,R,32.0,R,4.0,R,28.0,A,,R,0.0,R,11.0,R,1.0,R,10.0,A,,R,0.0,R,0.0,R,0.0,R,17.0,R,40.0,A,,A,,A,,A,,A,,A,,R,15.0,R,19.0,R,22.0,R,14.0,R,19.0,R,21.0,R,16.0,R,18.0,R,20.0
201195,1,5,1,1,5,3,5,1,3,3,1,3,R,4384,R,1923,R,2461,A,,R,0.0,R,3369.0,R,1573.0,R,1796.0,A,,R,0.0,R,732.0,R,361.0,R,371.0,A,,R,0.0,R,730.0,R,360.0,R,370.0,A,,R,0.0,R,2.0,R,1.0,R,1.0,A,,R,0.0,R,199.0,R,27.0,R,230.0,R,31.0,R,530.0,R,590.0,R,650.0,R,520.0,R,570.0,R,635.0,R,20.0,R,24.0,R,27.0,R,20.0,R,23.0,R,27.0,R,19.0,R,24.0,R,27.0
201371,1,5,1,5,5,3,5,1,3,3,5,3,R,2873,R,2250,R,623,A,,R,0.0,R,1757.0,R,1296.0,R,461.0,A,,R,0.0,R,190.0,R,128.0,R,62.0,A,,R,0.0,R,190.0,R,128.0,R,62.0,A,,R,0.0,A,,A,,A,,A,,A,,R,120.0,R,63.0,R,14.0,R,7.0,R,480.0,R,500.0,R,560.0,R,440.0,R,520.0,R,570.0,R,17.0,R,19.0,R,23.0,R,15.0,R,19.0,R,22.0,R,17.0,R,20.0,R,24.0
201441,1,5,1,1,5,3,5,1,3,3,5,3,R,18629,R,7476,R,11153,A,,R,0.0,R,15016.0,R,5943.0,R,9073.0,A,,R,0.0,R,3114.0,R,1299.0,R,1815.0,A,,R,0.0,R,3098.0,R,1290.0,R,1808.0,A,,R,0.0,R,16.0,R,9.0,R,7.0,A,,R,0.0,R,566.0,R,18.0,R,2111.0,R,68.0,R,510.0,R,560.0,R,620.0,R,510.0,R,550.0,R,610.0,R,20.0,R,22.0,R,26.0,R,18.0,R,21.0,R,24.0,R,17.0,R,21.0,R,25.0
201539,3,3,1,3,3,1,3,3,1,3,3,3,R,27,R,10,R,17,A,,R,0.0,R,17.0,R,2.0,R,15.0,A,,R,0.0,R,17.0,R,2.0,R,15.0,A,,R,0.0,R,17.0,R,2.0,R,15.0,A,,R,0.0,R,0.0,R,0.0,R,0.0,A,,R,0.0,A,,A,,A,,A,,A,,A,,A,,A,,A,,A,,A,,A,,A,,A,,A,,A,,A,,A,,A,
201548,1,3,3,5,3,3,5,1,3,3,3,3,R,4365,R,1966,R,2394,R,5.0,R,0.0,R,3194.0,R,1346.0,R,1848.0,R,0.0,R,0.0,R,413.0,R,224.0,R,189.0,A,,R,0.0,R,413.0,R,224.0,R,189.0,A,,R,0.0,R,0.0,R,0.0,R,0.0,A,,R,0.0,R,61.0,R,15.0,R,240.0,R,58.0,R,490.0,R,570.0,R,600.0,R,490.0,R,540.0,R,590.0,R,18.0,R,22.0,R,25.0,R,17.0,R,21.0,R,24.0,R,17.0,R,20.0,R,25.0
201645,1,5,1,1,1,5,5,1,3,5,1,5,R,39033,R,19937,R,19096,S,,S,,R,11193.0,R,5721.0,R,5472.0,S,,S,,R,1544.0,R,803.0,R,741.0,S,,S,,R,1544.0,R,803.0,R,741.0,S,,S,,A,,A,,A,,S,,S,,R,661.0,R,43.0,R,359.0,R,23.0,R,700.0,R,720.0,R,750.0,R,730.0,R,770.0,R,790.0,R,32.0,R,34.0,R,35.0,R,33.0,R,34.0,R,35.0,R,31.0,R,33.0,R,35.0
201654,1,5,1,5,1,3,5,1,3,3,3,3,R,5382,R,2079,R,3303,A,,R,0.0,R,3381.0,R,1414.0,R,1967.0,A,,R,0.0,R,1017.0,R,469.0,R,548.0,A,,R,0.0,R,1012.0,R,466.0,R,546.0,A,,R,0.0,R,5.0,R,3.0,R,2.0,A,,R,0.0,R,366.0,R,36.0,R,481.0,R,47.0,R,570.0,R,640.0,R,690.0,R,540.0,R,600.0,R,670.0,R,23.0,R,26.0,R,29.0,R,22.0,R,26.0,R,32.0,R,21.0,R,25.0,R,28.0
201690,1,3,1,1,5,3,3,1,3,3,5,3,R,3291,R,1037,R,1797,S,,S,,R,1514.0,R,398.0,R,765.0,S,,S,,R,574.0,R,248.0,R,326.0,S,,S,,R,524.0,R,224.0,R,300.0,S,,S,,R,50.0,R,24.0,R,26.0,S,,S,,A,,A,,A,,A,,A,,A,,A,,A,,A,,A,,A,,A,,A,,A,,A,,A,,A,,A,,A,
201821,1,3,1,3,5,3,5,3,3,3,5,3,R,562,R,34,R,524,A,,R,4.0,R,282.0,R,17.0,R,264.0,A,,R,1.0,R,88.0,R,2.0,R,86.0,A,,R,0.0,R,78.0,R,2.0,R,76.0,A,,R,0.0,R,10.0,R,0.0,R,10.0,A,,R,0.0,R,7.0,R,8.0,R,56.0,R,64.0,R,420.0,R,420.0,R,490.0,R,410.0,R,490.0,R,510.0,R,17.0,R,18.0,R,22.0,R,15.0,R,18.0,R,22.0,R,16.0,R,17.0,R,20.0
201885,1,5,1,1,5,3,5,1,3,5,1,3,R,33165,R,14891,R,18274,A,,R,0.0,R,29077.0,R,13165.0,R,15912.0,A,,R,0.0,R,6922.0,R,3385.0,R,3537.0,A,,R,0.0,R,6842.0,R,3368.0,R,3474.0,A,,R,0.0,R,80.0,R,17.0,R,63.0,A,,R,0.0,R,748.0,R,11.0,R,2489.0,R,36.0,R,580.0,R,620.0,R,670.0,R,570.0,R,630.0,R,690.0,R,24.0,R,27.0,R,29.0,R,22.0,R,25.0,R,30.0,R,23.0,R,26.0,R,29.0
201964,1,5,1,5,5,3,5,1,3,3,5,3,R,1223,R,541,R,682,A,,R,0.0,R,488.0,R,216.0,R,272.0,A,,R,0.0,R,186.0,R,86.0,R,100.0,A,,R,0.0,R,130.0,R,60.0,R,70.0,A,,R,0.0,R,56.0,R,26.0,R,30.0,A,,R,0.0,R,1.0,R,1.0,R,13.0,R,7.0,S,,S,,S,,S,,S,,S,,R,15.0,R,16.0,R,17.0,R,12.0,R,15.0,R,16.0,R,16.0,R,16.0,R,17.0
202046,1,3,1,3,5,1,5,1,3,3,1,3,R,963,R,257,R,706,A,,R,0.0,R,542.0,R,124.0,R,418.0,A,,R,0.0,R,123.0,R,37.0,R,86.0,A,,R,0.0,R,123.0,R,37.0,R,86.0,A,,R,0.0,A,,A,,A,,A,,A,,R,24.0,R,20.0,R,17.0,R,14.0,R,550.0,R,610.0,R,670.0,R,510.0,R,550.0,R,630.0,R,22.0,R,23.0,R,26.0,R,19.0,R,23.0,R,28.0,R,18.0,R,22.0,R,25.0
202073,5,3,1,5,1,1,3,1,3,5,1,3,R,461,R,229,R,220,S,,S,,R,176.0,R,91.0,R,82.0,S,,S,,R,50.0,R,28.0,R,22.0,S,,S,,R,50.0,R,28.0,R,22.0,S,,S,,A,,A,,A,,S,,S,,A,,A,,A,,A,,A,,A,,A,,A,,A,,A,,A,,A,,A,,A,,A,,A,,A,,A,,A,
202134,1,3,1,1,3,3,5,1,3,3,5,5,R,10274,R,3854,R,6420,A,,R,0.0,R,9810.0,R,3660.0,R,6150.0,A,,R,0.0,R,1593.0,R,744.0,R,849.0,A,,R,0.0,R,1570.0,R,730.0,R,840.0,A,,R,0.0,R,23.0,R,14.0,R,9.0,A,,R,0.0,R,0.0,R,0.0,R,518.0,R,33.0,A,,A,,A,,A,,A,,A,,R,17.0,R,18.0,R,25.0,R,16.0,R,17.0,R,24.0,R,16.0,R,17.0,R,25.0
202170,1,3,3,3,5,1,3,1,3,3,1,5,R,867,R,204,R,588,R,66.0,R,9.0,R,622.0,R,121.0,R,438.0,R,54.0,R,9.0,R,192.0,R,36.0,R,120.0,R,31.0,R,5.0,R,192.0,R,36.0,R,120.0,R,31.0,R,5.0,R,0.0,R,0.0,R,0.0,R,0.0,R,0.0,A,,A,,A,,A,,A,,A,,A,,A,,A,,A,,A,,A,,A,,A,,A,,A,,A,,A,,A,
202480,1,3,1,5,1,3,5,1,3,5,5,3,R,22747,R,12186,R,10299,R,100.0,R,162.0,R,14023.0,R,6883.0,R,7018.0,R,67.0,R,55.0,R,1904.0,R,998.0,R,901.0,R,5.0,R,0.0,R,1893.0,R,993.0,R,895.0,R,5.0,R,0.0,R,11.0,R,5.0,R,6.0,R,0.0,R,0.0,R,184.0,R,10.0,R,559.0,R,29.0,R,600.0,R,640.0,R,680.0,R,595.0,R,650.0,R,690.0,R,26.0,R,28.0,R,31.0,R,24.0,R,28.0,R,32.0,R,25.0,R,27.0,R,30.0
202514,1,3,1,3,5,3,3,1,3,3,3,3,R,1546,R,1131,R,415,A,,R,0.0,R,656.0,R,519.0,R,137.0,A,,R,0.0,R,134.0,R,95.0,R,39.0,A,,R,0.0,R,133.0,R,94.0,R,39.0,A,,R,0.0,R,1.0,R,1.0,R,0.0,A,,R,0.0,A,,A,,A,,A,,A,,A,,A,,A,,A,,A,,A,,A,,A,,A,,A,,A,,A,,A,,A,
202523,1,5,1,1,1,5,5,1,3,5,1,5,R,14580,R,7029,R,7551,R,0.0,R,0.0,R,2468.0,R,1110.0,R,1358.0,A,,R,0.0,R,636.0,R,292.0,R,344.0,A,,R,0.0,R,636.0,R,292.0,R,344.0,A,,R,0.0,A,,A,,A,,A,,A,,R,167.0,R,26.0,R,159.0,R,25.0,R,650.0,R,680.0,R,710.0,R,650.0,R,700.0,R,760.0,R,29.0,R,31.0,R,32.0,R,29.0,R,33.0,R,34.0,R,26.0,R,28.0,R,30.0
202763,1,3,5,5,5,5,3,1,3,5,5,3,R,3760,R,1188,R,2551,S,,S,,R,3246.0,R,1013.0,R,2215.0,S,,S,,R,613.0,R,194.0,R,419.0,S,,S,,R,613.0,R,194.0,R,419.0,S,,S,,R,0.0,R,0.0,R,0.0,S,,S,,A,,A,,A,,A,,A,,A,,A,,A,,A,,A,,A,,A,,A,,A,,A,,A,,A,,A,,A,
202903,1,3,1,3,1,3,5,1,3,3,3,3,R,139,R,76,R,63,A,,R,0.0,R,89.0,R,39.0,R,50.0,A,,R,0.0,R,58.0,R,31.0,R,27.0,A,,R,0.0,R,50.0,R,25.0,R,25.0,A,,R,0.0,R,8.0,R,6.0,R,2.0,A,,R,0.0,R,1.0,R,2.0,R,0.0,R,0.0,S,,S,,S,,S,,S,,S,,A,,A,,A,,A,,A,,A,,A,,A,,A,
202912,1,3,1,3,3,3,5,1,3,3,3,3,R,189,R,18,R,171,A,,R,0.0,R,32.0,R,4.0,R,28.0,A,,R,0.0,R,32.0,R,4.0,R,28.0,A,,R,0.0,R,19.0,R,3.0,R,16.0,A,,R,0.0,R,13.0,R,1.0,R,12.0,A,,R,0.0,R,0.0,R,0.0,R,0.0,R,0.0,A,,A,,A,,A,,A,,A,,A,,A,,A,,A,,A,,A,,A,,A,,A,
202985,3,3,3,3,3,3,3,3,1,3,3,3,R,24,R,1,R,23,A,,R,0.0,R,12.0,Z,0.0,R,12.0,A,,R,0.0,R,12.0,A,,R,12.0,A,,R,0.0,R,7.0,A,,R,7.0,A,,R,0.0,R,5.0,A,,R,5.0,A,,R,0.0,A,,A,,A,,A,,A,,A,,A,,A,,A,,A,,A,,A,,A,,A,,A,,A,,A,,A,,A,
203030,3,3,1,3,3,3,3,3,1,3,3,3,R,9,R,1,R,8,A,,R,0.0,R,9.0,R,1.0,R,8.0,A,,R,0.0,R,9.0,R,1.0,R,8.0,A,,R,0.0,R,9.0,R,1.0,R,8.0,A,,R,0.0,A,,A,,A,,A,,A,,A,,A,,A,,A,,A,,A,,A,,A,,A,,A,,A,,A,,A,,A,,A,,A,,A,,A,,A,
203085,1,5,1,5,5,3,3,1,3,5,5,3,R,2253,R,1385,R,851,R,17.0,R,0.0,R,1526.0,R,926.0,R,584.0,R,16.0,R,0.0,R,287.0,R,168.0,R,119.0,R,0.0,R,0.0,R,287.0,R,168.0,R,119.0,A,,R,0.0,A,,A,,A,,A,,A,,A,,A,,A,,A,,A,,A,,A,,A,,A,,A,,A,,A,,A,,A,,A,,A,,A,,A,,A,
203128,1,5,1,5,5,3,3,1,3,3,5,3,R,1906,R,1014,R,876,S,,S,,R,1780.0,R,926.0,R,838.0,S,,S,,R,231.0,R,123.0,R,106.0,S,,S,,R,231.0,R,123.0,R,106.0,S,,S,,R,0.0,R,0.0,R,0.0,S,,S,,A,,A,,A,,A,,A,,A,,A,,A,,A,,A,,A,,A,,A,,A,,A,,A,,A,,A,,A,
203368,1,5,1,1,1,5,5,5,3,5,1,5,R,4238,R,2216,R,2022,S,,S,,R,3437.0,R,1725.0,R,1712.0,S,,S,,R,556.0,R,280.0,R,276.0,S,,S,,R,556.0,R,280.0,R,276.0,S,,S,,R,0.0,R,0.0,R,0.0,S,,S,,R,83.0,R,15.0,R,115.0,R,21.0,R,600.0,R,630.0,R,670.0,R,590.0,R,630.0,R,680.0,R,25.0,R,28.0,R,30.0,R,22.0,R,27.0,R,32.0,R,24.0,R,27.0,R,29.0
203386,3,3,1,3,3,1,3,5,1,3,3,3,R,394,R,32,R,362,R,0.0,R,0.0,R,270.0,R,25.0,R,245.0,A,,R,0.0,R,215.0,R,21.0,R,194.0,A,,R,0.0,R,215.0,R,21.0,R,194.0,A,,R,0.0,R,0.0,R,0.0,R,0.0,A,,R,0.0,A,,A,,A,,A,,A,,A,,A,,A,,A,,A,,A,,A,,A,,A,,A,,A,,A,,A,,A,
203517,1,3,1,5,3,3,5,3,3,5,5,3,R,22365,R,8947,R,13418,A,,R,0.0,R,19379.0,R,7590.0,R,11789.0,A,,R,0.0,R,4278.0,R,1584.0,R,2694.0,A,,R,0.0,R,4225.0,R,1559.0,R,2666.0,A,,R,0.0,R,53.0,R,25.0,R,28.0,A,,R,0.0,R,752.0,R,18.0,R,2172.0,R,51.0,R,500.0,R,560.0,R,620.0,R,500.0,R,550.0,R,610.0,R,18.0,R,21.0,R,25.0,R,17.0,R,21.0,R,24.0,R,17.0,R,21.0,R,25.0
203535,1,5,1,1,1,3,5,1,3,5,5,3,R,8218,R,3913,R,4305,S,,S,,R,2524.0,R,1058.0,R,1466.0,S,,S,,R,455.0,R,194.0,R,261.0,S,,S,,R,455.0,R,194.0,R,261.0,S,,S,,A,,A,,A,,S,,S,,R,90.0,R,20.0,R,77.0,R,17.0,R,690.0,R,720.0,R,750.0,R,670.0,R,720.0,R,750.0,R,31.0,R,32.0,R,34.0,R,33.0,R,35.0,R,35.0,R,27.0,R,28.0,R,31.0
203544,1,3,1,5,5,5,5,1,3,3,5,3,R,140,R,26,R,114,R,0.0,R,0.0,R,116.0,R,26.0,R,90.0,A,,R,0.0,R,35.0,R,4.0,R,31.0,A,,R,0.0,R,34.0,R,4.0,R,30.0,A,,R,0.0,R,1.0,R,0.0,R,1.0,A,,R,0.0,R,0.0,R,0.0,R,12.0,R,34.0,A,,A,,A,,A,,A,,A,,R,18.0,R,22.0,R,26.0,R,16.0,R,22.0,R,26.0,R,16.0,R,22.0,R,26.0
203580,1,3,1,5,5,5,5,1,3,3,5,5,R,1193,R,653,R,515,R,25.0,R,0.0,R,765.0,R,433.0,R,315.0,R,17.0,R,0.0,R,187.0,R,129.0,R,58.0,R,0.0,R,0.0,R,187.0,R,129.0,R,58.0,A,,R,0.0,R,0.0,R,0.0,R,0.0,A,,R,0.0,R,6.0,R,3.0,R,80.0,R,43.0,R,485.0,R,520.0,R,560.0,R,460.0,R,520.0,R,555.0,R,18.0,R,22.0,R,24.0,R,15.0,R,20.0,R,24.0,R,17.0,R,21.0,R,25.0
203757,1,3,1,3,3,3,3,1,3,3,3,3,R,1004,R,421,R,580,A,,R,3.0,R,744.0,R,294.0,R,448.0,A,,R,2.0,R,129.0,R,45.0,R,84.0,A,,R,0.0,R,127.0,R,44.0,R,83.0,A,,R,0.0,R,2.0,R,1.0,R,1.0,A,,R,0.0,A,,A,,A,,A,,A,,A,,A,,A,,A,,A,,A,,A,,A,,A,,A,,A,,A,,A,,A,
203775,1,3,1,1,3,3,5,1,3,3,5,3,R,1335,R,617,R,715,R,0.0,R,3.0,R,1009.0,R,450.0,R,558.0,A,,R,1.0,R,219.0,R,105.0,R,114.0,A,,R,0.0,R,217.0,R,103.0,R,114.0,A,,R,0.0,R,2.0,R,2.0,R,0.0,A,,R,0.0,R,24.0,R,11.0,R,153.0,R,71.0,R,455.0,R,560.0,R,618.0,R,430.0,R,520.0,R,618.0,R,17.0,R,21.0,R,24.0,R,15.0,R,20.0,R,24.0,R,17.0,R,20.0,R,24.0
203845,1,3,1,1,1,5,5,1,3,5,1,5,R,2516,R,1247,R,1268,S,,S,,R,1978.0,R,957.0,R,1020.0,S,,S,,R,314.0,R,171.0,R,143.0,S,,S,,R,314.0,R,171.0,R,143.0,S,,S,,R,0.0,R,0.0,R,0.0,S,,S,,R,55.0,R,18.0,R,193.0,R,61.0,R,500.0,R,580.0,R,640.0,R,490.0,R,570.0,R,655.0,R,18.0,R,21.0,R,24.0,R,15.0,R,20.0,R,23.0,R,17.0,R,21.0,R,25.0
203960,1,3,1,1,3,3,5,3,3,3,3,3,R,283,R,29,R,254,A,,R,0.0,R,121.0,R,14.0,R,107.0,A,,R,0.0,R,52.0,R,7.0,R,45.0,A,,R,0.0,R,32.0,R,6.0,R,26.0,A,,R,0.0,R,20.0,R,1.0,R,19.0,A,,R,0.0,R,8.0,R,15.0,R,22.0,R,42.0,R,420.0,R,510.0,R,570.0,R,430.0,R,480.0,R,500.0,R,15.0,R,17.0,R,22.0,R,13.0,R,17.0,R,20.0,R,15.0,R,17.0,R,20.0
204024,1,5,1,1,1,3,5,1,3,5,1,3,R,34498,R,15653,R,18845,A,,R,0.0,R,28319.0,R,12700.0,R,15619.0,A,,R,0.0,R,3937.0,R,1899.0,R,2038.0,A,,R,0.0,R,3926.0,R,1895.0,R,2031.0,A,,R,0.0,R,11.0,R,4.0,R,7.0,A,,R,0.0,R,381.0,R,10.0,R,1151.0,R,29.0,R,610.0,R,650.0,R,690.0,R,600.0,R,640.0,R,690.0,R,26.0,R,28.0,R,31.0,R,24.0,R,27.0,R,32.0,R,25.0,R,27.0,R,30.0
204176,1,5,1,1,3,3,5,1,3,3,1,3,R,115,R,6,R,109,A,,R,0.0,R,66.0,R,4.0,R,62.0,A,,R,0.0,R,26.0,R,0.0,R,26.0,A,,R,0.0,R,26.0,A,,R,26.0,A,,R,0.0,R,0.0,A,,R,0.0,A,,R,0.0,R,2.0,R,8.0,R,23.0,R,92.0,S,,S,,S,,S,,S,,S,,R,17.0,R,19.0,R,21.0,R,15.0,R,18.0,R,20.0,R,18.0,R,20.0,R,22.0
204185,1,5,1,5,5,5,5,5,3,3,1,3,R,3322,R,1873,R,1444,S,,S,,R,2661.0,R,1416.0,R,1242.0,S,,S,,R,536.0,R,280.0,R,256.0,S,,S,,R,536.0,R,280.0,R,256.0,S,,S,,R,0.0,R,0.0,R,0.0,S,,S,,R,5.0,R,1.0,R,30.0,R,6.0,R,560.0,R,570.0,R,620.0,R,510.0,R,520.0,R,670.0,R,24.0,R,26.0,R,28.0,R,21.0,R,24.0,R,26.0,R,24.0,R,26.0,R,28.0
204194,1,5,1,5,5,3,5,1,3,3,5,3,R,1134,R,493,R,641,A,,R,0.0,R,956.0,R,411.0,R,545.0,A,,R,0.0,R,272.0,R,122.0,R,150.0,A,,R,0.0,R,270.0,R,121.0,R,149.0,A,,R,0.0,R,2.0,R,1.0,R,1.0,A,,R,0.0,R,33.0,R,12.0,R,199.0,R,73.0,R,485.0,R,560.0,R,610.0,R,478.0,R,555.0,R,618.0,R,18.0,R,22.0,R,25.0,R,17.0,R,21.0,R,25.0,R,18.0,R,22.0,R,25.0
204200,1,3,1,1,3,3,5,1,3,5,5,3,R,2169,R,1255,R,902,S,,S,,R,1226.0,R,730.0,R,492.0,S,,S,,R,324.0,R,176.0,R,147.0,S,,S,,R,323.0,R,176.0,R,146.0,S,,S,,R,1.0,R,0.0,R,1.0,S,,S,,R,44.0,R,14.0,R,175.0,R,54.0,R,440.0,R,500.0,R,548.0,R,440.0,R,480.0,R,535.0,R,17.0,R,21.0,R,24.0,R,15.0,R,21.0,R,24.0,R,16.0,R,19.0,R,24.0
204264,1,5,1,1,5,3,5,1,3,5,5,5,R,2623,R,1535,R,1088,R,0.0,R,0.0,R,2142.0,R,1191.0,R,951.0,A,,R,0.0,R,373.0,R,183.0,R,190.0,A,,R,0.0,R,373.0,R,183.0,R,190.0,A,,R,0.0,R,0.0,R,0.0,R,0.0,A,,R,0.0,R,37.0,R,10.0,R,265.0,R,71.0,R,470.0,R,500.0,R,550.0,R,430.0,R,490.0,R,570.0,R,17.0,R,19.0,R,22.0,R,15.0,R,18.0,R,22.0,R,16.0,R,18.0,R,23.0
204468,1,5,5,5,5,3,3,1,3,3,5,3,R,3348,R,1507,R,1841,R,0.0,R,0.0,R,2690.0,R,1186.0,R,1504.0,A,,R,0.0,R,238.0,R,129.0,R,109.0,A,,R,0.0,R,234.0,R,128.0,R,106.0,A,,R,0.0,R,4.0,R,1.0,R,3.0,A,,R,0.0,A,,A,,A,,A,,A,,A,,A,,A,,A,,A,,A,,A,,A,,A,,A,,A,,A,,A,,A,
204501,1,5,1,1,1,3,5,1,3,5,5,5,R,11039,R,4819,R,6220,A,,R,0.0,R,3641.0,R,1403.0,R,2238.0,A,,R,0.0,R,779.0,R,323.0,R,456.0,A,,R,0.0,R,779.0,R,323.0,R,456.0,A,,R,0.0,A,,A,,A,,A,,A,,R,276.0,R,35.0,R,147.0,R,19.0,R,700.0,R,730.0,R,760.0,R,670.0,R,710.0,R,750.0,R,30.0,R,32.0,R,33.0,R,32.0,R,35.0,R,35.0,R,28.0,R,30.0,R,32.0
204617,1,5,5,5,5,3,5,1,3,5,5,3,R,1559,R,726,R,833,R,0.0,R,0.0,R,1329.0,R,595.0,R,734.0,A,,R,0.0,R,234.0,R,125.0,R,109.0,A,,R,0.0,R,232.0,R,125.0,R,107.0,A,,R,0.0,R,2.0,Z,0.0,R,2.0,A,,R,0.0,R,4.0,R,2.0,R,20.0,R,9.0,S,,S,,S,,S,,S,,S,,R,20.0,R,23.0,R,28.0,R,16.0,R,21.0,R,27.0,R,20.0,R,24.0,R,27.0
204635,1,5,1,1,5,5,5,1,3,5,5,5,R,4537,R,2191,R,2346,S,,S,,R,3328.0,R,1601.0,R,1727.0,S,,S,,R,587.0,R,320.0,R,267.0,S,,S,,R,587.0,R,320.0,R,267.0,S,,S,,R,0.0,R,0.0,R,0.0,S,,S,,R,60.0,R,10.0,R,247.0,R,42.0,R,580.0,R,640.0,R,678.0,R,593.0,R,650.0,R,698.0,R,25.0,R,27.0,R,29.0,R,22.0,R,25.0,R,29.0,R,25.0,R,27.0,R,30.0
204796,1,1,1,1,5,3,5,1,3,5,1,3,R,70028,R,34160,R,35868,A,,R,0.0,R,35588.0,R,16943.0,R,18645.0,A,,R,0.0,R,8062.0,R,3809.0,R,4253.0,A,,R,0.0,R,8034.0,R,3795.0,R,4239.0,A,,R,0.0,R,28.0,R,14.0,R,14.0,A,,R,0.0,R,1151.0,R,14.0,R,2829.0,R,35.0,R,650.0,R,680.0,R,720.0,R,680.0,R,720.0,R,760.0,R,29.0,R,31.0,R,32.0,R,27.0,R,31.0,R,34.0,R,27.0,R,29.0,R,32.0
204857,1,5,1,1,5,3,5,1,3,3,5,5,R,25648,R,10588,R,15060,A,,R,0.0,R,21739.0,R,8701.0,R,13038.0,A,,R,0.0,R,4593.0,R,1803.0,R,2790.0,A,,R,0.0,R,4558.0,R,1792.0,R,2766.0,A,,R,0.0,R,35.0,R,11.0,R,24.0,A,,R,0.0,R,569.0,R,12.0,R,1662.0,R,36.0,R,560.0,R,600.0,R,650.0,R,540.0,R,590.0,R,640.0,R,22.0,R,25.0,R,28.0,R,21.0,R,24.0,R,28.0,R,20.0,R,24.0,R,26.0
204893,5,3,1,5,3,3,5,3,1,3,3,3,R,2,R,0,R,2,A,,R,0.0,R,2.0,A,,R,2.0,A,,R,0.0,R,2.0,A,,R,2.0,A,,R,0.0,R,2.0,A,,R,2.0,A,,R,0.0,R,0.0,A,,R,0.0,A,,R,0.0,R,0.0,R,0.0,R,0.0,R,0.0,A,,A,,A,,A,,A,,A,,A,,A,,A,,A,,A,,A,,A,,A,,A,
204909,1,5,1,1,5,3,5,1,3,5,1,5,R,5708,R,2977,R,2727,S,,S,,R,2892.0,R,1301.0,R,1587.0,S,,S,,R,428.0,R,182.0,R,243.0,S,,S,,R,428.0,R,182.0,R,243.0,S,,S,,A,,A,,A,,S,,S,,R,56.0,R,13.0,R,131.0,R,31.0,R,550.0,R,610.0,R,685.0,R,555.0,R,610.0,R,665.0,R,25.0,R,29.0,R,31.0,R,24.0,R,28.0,R,30.0,R,25.0,R,27.0,R,29.0
204936,1,5,1,1,5,5,5,1,3,5,1,3,R,3498,R,1300,R,2198,A,,R,0.0,R,2914.0,R,1107.0,R,1807.0,A,,R,0.0,R,519.0,R,193.0,R,326.0,A,,R,0.0,R,519.0,R,193.0,R,326.0,A,,R,0.0,R,0.0,R,0.0,R,0.0,A,,R,0.0,R,0.0,R,0.0,R,171.0,R,33.0,A,,A,,A,,A,,A,,A,,R,23.0,R,25.0,R,28.0,R,21.0,R,24.0,R,27.0,R,23.0,R,25.0,R,27.0
205027,1,3,1,3,1,3,5,1,3,3,3,3,R,6,R,6,R,0,R,0.0,R,0.0,R,5.0,R,5.0,A,,A,,R,0.0,R,4.0,R,4.0,A,,A,,R,0.0,R,4.0,R,4.0,A,,A,,R,0.0,A,,A,,A,,A,,A,,R,1.0,R,25.0,R,0.0,R,0.0,S,,S,,S,,S,,S,,S,,A,,A,,A,,A,,A,,A,,A,,A,,A,
205054,1,3,1,3,1,1,3,3,1,5,1,3,R,168,R,14,R,153,A,,R,1.0,R,120.0,R,10.0,R,110.0,A,,R,0.0,R,50.0,R,3.0,R,47.0,A,,R,0.0,R,50.0,R,3.0,R,47.0,A,,R,0.0,A,,A,,A,,A,,A,,A,,A,,A,,A,,A,,A,,A,,A,,A,,A,,A,,A,,A,,A,,A,,A,,A,,A,,A,
205124,3,3,1,3,1,1,3,3,3,3,3,3,R,36,R,36,R,0,A,,R,0.0,R,29.0,R,29.0,A,,A,,R,0.0,R,18.0,R,18.0,A,,A,,R,0.0,R,18.0,R,18.0,A,,A,,R,0.0,A,,A,,A,,A,,A,,A,,A,,A,,A,,A,,A,,A,,A,,A,,A,,A,,A,,A,,A,,A,,A,,A,,A,,A,
205391,1,3,1,3,3,1,3,3,3,3,5,3,R,355,R,112,R,243,R,0.0,R,0.0,R,326.0,R,101.0,R,225.0,A,,R,0.0,R,66.0,R,22.0,R,44.0,A,,R,0.0,R,57.0,R,18.0,R,39.0,A,,R,0.0,R,9.0,R,4.0,R,5.0,A,,R,0.0,A,,A,,A,,A,,A,,A,,A,,A,,A,,A,,A,,A,,A,,A,,A,,A,,A,,A,,A,
205957,1,3,1,1,3,3,5,1,3,3,3,3,R,2265,R,997,R,1268,A,,R,0.0,R,1636.0,R,710.0,R,926.0,A,,R,0.0,R,674.0,R,314.0,R,360.0,A,,R,0.0,R,655.0,R,307.0,R,348.0,A,,R,0.0,R,19.0,R,7.0,R,12.0,A,,R,0.0,R,196.0,R,30.0,R,169.0,R,26.0,R,570.0,R,610.0,R,660.0,R,530.0,R,580.0,R,630.0,R,23.0,R,26.0,R,29.0,R,23.0,R,26.0,R,31.0,R,21.0,R,24.0,R,27.0
206048,1,5,1,5,5,3,5,5,3,5,5,3,R,4785,R,2928,R,1854,S,,S,,R,3817.0,R,2333.0,R,1483.0,S,,S,,R,504.0,R,267.0,R,237.0,S,,S,,R,475.0,R,259.0,R,216.0,S,,S,,R,29.0,R,8.0,R,21.0,S,,S,,R,108.0,R,21.0,R,262.0,R,52.0,R,440.0,R,510.0,R,560.0,R,430.0,R,500.0,R,560.0,R,15.0,R,18.0,R,22.0,R,14.0,R,17.0,R,21.0,R,15.0,R,17.0,R,22.0
206084,1,3,1,3,3,3,5,1,3,3,3,3,R,11184,R,4886,R,6285,S,,S,,R,10606.0,R,4573.0,R,6020.0,S,,S,,R,2122.0,R,955.0,R,1164.0,S,,S,,R,2072.0,R,935.0,R,1135.0,S,,S,,R,50.0,R,20.0,R,29.0,S,,S,,R,219.0,R,10.0,R,588.0,R,28.0,R,530.0,R,590.0,R,640.0,R,520.0,R,590.0,R,660.0,R,22.0,R,25.0,R,28.0,R,20.0,R,24.0,R,27.0,R,21.0,R,25.0,R,28.0
206349,1,5,1,5,5,3,5,1,3,5,1,3,R,613,R,38,R,575,S,,S,,R,515.0,R,28.0,R,487.0,S,,S,,R,114.0,R,2.0,R,112.0,S,,S,,R,114.0,R,2.0,R,112.0,S,,S,,R,0.0,R,0.0,R,0.0,S,,S,,R,14.0,R,12.0,R,25.0,R,22.0,R,490.0,R,550.0,R,580.0,R,470.0,R,500.0,R,620.0,R,21.0,R,24.0,R,25.0,R,21.0,R,23.0,R,25.0,R,20.0,R,24.0,R,24.0
206437,1,5,1,5,5,3,5,5,3,3,5,3,R,2287,R,1228,R,1056,S,,S,,R,1788.0,R,936.0,R,849.0,S,,S,,R,337.0,R,201.0,R,136.0,S,,S,,R,334.0,R,199.0,R,135.0,S,,S,,R,3.0,R,2.0,R,1.0,S,,S,,R,8.0,R,2.0,R,54.0,R,16.0,R,508.0,R,545.0,R,590.0,R,548.0,R,600.0,R,625.0,R,21.0,R,25.0,R,28.0,R,19.0,R,23.0,R,27.0,R,20.0,R,24.0,R,27.0
206491,1,3,3,3,5,3,5,1,3,3,5,3,R,12661,R,4904,R,7757,A,,R,0.0,R,6676.0,R,2624.0,R,4052.0,A,,R,0.0,R,204.0,R,118.0,R,86.0,A,,R,0.0,R,170.0,R,101.0,R,69.0,A,,R,0.0,R,34.0,R,17.0,R,17.0,A,,R,0.0,R,3.0,R,1.0,R,5.0,R,2.0,S,,S,,S,,S,,S,,S,,R,15.0,R,18.0,R,21.0,R,13.0,R,17.0,R,22.0,R,15.0,R,16.0,R,19.0
206507,1,3,1,5,5,5,5,5,5,5,5,5,R,1877,R,884,R,993,A,,R,0.0,R,1588.0,R,717.0,R,871.0,A,,R,0.0,R,262.0,R,131.0,R,131.0,A,,R,0.0,R,262.0,R,131.0,R,131.0,A,,R,0.0,A,,A,,A,,A,,A,,R,13.0,R,5.0,R,187.0,R,71.0,R,430.0,R,460.0,R,540.0,R,430.0,R,460.0,R,510.0,R,17.0,R,20.0,R,23.0,R,15.0,R,18.0,R,22.0,R,16.0,R,19.0,R,24.0
206525,1,5,1,5,5,5,5,1,3,5,5,3,R,2956,R,1389,R,1430,S,,S,,R,2691.0,R,1260.0,R,1430.0,S,,S,,R,383.0,R,217.0,R,166.0,S,,S,,R,383.0,R,217.0,R,166.0,S,,S,,R,0.0,R,0.0,R,0.0,S,,S,,R,25.0,R,7.0,R,130.0,R,34.0,R,540.0,R,600.0,R,640.0,R,530.0,R,570.0,R,620.0,R,20.0,R,23.0,R,27.0,R,19.0,R,23.0,R,25.0,R,19.0,R,24.0,R,26.0
206589,1,5,1,1,1,5,5,1,5,5,1,3,R,7031,R,3662,R,3369,A,,R,0.0,R,3819.0,R,1813.0,R,2006.0,A,,R,0.0,R,452.0,R,217.0,R,235.0,A,,R,0.0,R,452.0,R,217.0,R,235.0,A,,R,0.0,A,,A,,A,,A,,A,,R,118.0,R,26.0,R,107.0,R,24.0,R,640.0,R,690.0,R,730.0,R,610.0,R,670.0,R,720.0,R,27.0,R,30.0,R,32.0,R,27.0,R,31.0,R,34.0,R,25.0,R,28.0,R,31.0
206604,1,3,1,5,5,3,5,5,3,3,5,3,R,8894,R,4371,R,4523,R,0.0,R,0.0,R,8463.0,R,4131.0,R,4332.0,A,,R,0.0,R,1463.0,R,666.0,R,797.0,A,,R,0.0,R,1415.0,R,642.0,R,773.0,A,,R,0.0,R,48.0,R,24.0,R,24.0,A,,R,0.0,R,85.0,R,6.0,R,876.0,R,60.0,R,470.0,R,520.0,R,620.0,R,443.0,R,520.0,R,610.0,R,17.0,R,21.0,R,25.0,R,15.0,R,20.0,R,24.0,R,16.0,R,19.0,R,25.0
206622,1,5,1,5,1,3,5,1,3,5,1,3,R,16750,R,7253,R,9486,A,,R,11.0,R,14694.0,R,6301.0,R,8388.0,A,,R,5.0,R,1229.0,R,564.0,R,665.0,A,,R,0.0,R,1225.0,R,562.0,R,663.0,A,,R,0.0,R,4.0,R,2.0,R,2.0,A,,R,0.0,R,246.0,R,20.0,R,316.0,R,26.0,R,530.0,R,600.0,R,658.0,R,530.0,R,590.0,R,640.0,R,22.0,R,26.0,R,29.0,R,22.0,R,25.0,R,29.0,R,20.0,R,24.0,R,27.0
206695,1,3,1,1,3,3,5,1,3,3,3,3,R,5799,R,2295,R,3402,S,,S,,R,4658.0,R,1823.0,R,2772.0,S,,S,,R,1317.0,R,625.0,R,684.0,S,,S,,R,1284.0,R,609.0,R,667.0,S,,S,,R,33.0,R,16.0,R,17.0,S,,S,,R,229.0,R,17.0,R,1031.0,R,78.0,R,480.0,R,540.0,R,600.0,R,460.0,R,540.0,R,610.0,R,17.0,R,20.0,R,24.0,R,16.0,R,20.0,R,24.0,R,17.0,R,20.0,R,25.0
206835,1,1,1,3,3,3,3,1,3,3,3,3,R,688,R,434,R,254,R,0.0,R,0.0,R,530.0,R,342.0,R,188.0,A,,R,0.0,R,195.0,R,113.0,R,82.0,A,,R,0.0,R,192.0,R,111.0,R,81.0,A,,R,0.0,R,3.0,R,2.0,R,1.0,A,,R,0.0,A,,A,,A,,A,,A,,A,,A,,A,,A,,A,,A,,A,,A,,A,,A,,A,,A,,A,,A,
206941,1,5,1,5,5,5,1,1,5,5,5,5,R,4945,R,2001,R,2944,A,,R,0.0,R,4043.0,R,1639.0,R,2404.0,A,,R,0.0,R,1889.0,R,714.0,R,1175.0,A,,R,0.0,R,1793.0,R,673.0,R,1120.0,A,,R,0.0,R,96.0,R,41.0,R,55.0,A,,R,0.0,R,0.0,R,0.0,R,1674.0,R,89.0,A,,A,,A,,A,,A,,A,,R,17.0,R,20.0,R,24.0,R,17.0,R,21.0,R,24.0,R,16.0,R,18.0,R,23.0
207041,1,1,1,3,3,3,5,1,3,3,3,3,R,1161,R,267,R,894,R,0.0,R,0.0,R,761.0,R,184.0,R,577.0,A,,R,0.0,R,370.0,R,171.0,R,199.0,A,,R,0.0,R,360.0,R,167.0,R,193.0,A,,R,0.0,R,10.0,R,4.0,R,6.0,A,,R,0.0,R,10.0,R,3.0,R,370.0,R,100.0,R,435.0,R,480.0,R,515.0,R,500.0,R,520.0,R,540.0,R,16.0,R,19.0,R,22.0,R,15.0,R,19.0,R,22.0,R,15.0,R,17.0,R,20.0
207157,1,5,1,5,1,5,5,1,5,5,1,5,R,183,R,118,R,65,A,,R,0.0,R,82.0,R,58.0,R,24.0,A,,R,0.0,R,56.0,R,40.0,R,16.0,A,,R,0.0,R,53.0,R,38.0,R,15.0,A,,R,0.0,R,3.0,R,2.0,R,1.0,A,,R,0.0,R,10.0,R,18.0,R,44.0,R,79.0,R,430.0,R,460.0,R,468.0,R,408.0,R,430.0,R,460.0,R,17.0,R,20.0,R,22.0,R,16.0,R,17.0,R,22.0,R,16.0,R,18.0,R,21.0
207263,1,5,1,1,3,3,5,1,3,3,3,3,R,1386,R,540,R,823,A,,R,23.0,R,1375.0,R,537.0,R,815.0,A,,R,23.0,R,666.0,R,276.0,R,377.0,A,,R,13.0,R,643.0,R,268.0,R,364.0,A,,R,11.0,R,23.0,R,8.0,R,13.0,A,,R,2.0,R,31.0,R,5.0,R,486.0,R,73.0,R,455.0,R,530.0,R,585.0,R,465.0,R,520.0,R,560.0,R,18.0,R,20.0,R,23.0,R,17.0,R,21.0,R,24.0,R,16.0,R,18.0,R,22.0
207306,1,1,1,3,3,3,1,1,3,3,3,3,R,1293,R,586,R,707,A,,R,0.0,R,859.0,R,405.0,R,454.0,A,,R,0.0,R,340.0,R,172.0,R,168.0,A,,R,0.0,R,336.0,R,172.0,R,164.0,A,,R,0.0,R,4.0,R,0.0,R,4.0,A,,R,0.0,R,51.0,R,15.0,R,252.0,R,74.0,R,430.0,R,490.0,R,550.0,R,438.0,R,500.0,R,540.0,R,16.0,R,19.0,R,22.0,R,15.0,R,18.0,R,21.0,R,16.0,R,17.0,R,21.0
207324,1,5,5,5,5,5,5,1,5,3,5,3,R,1367,R,586,R,781,A,,R,0.0,R,1327.0,R,553.0,R,774.0,A,,R,0.0,R,323.0,R,174.0,R,149.0,A,,R,0.0,R,318.0,R,172.0,R,146.0,A,,R,0.0,R,5.0,R,2.0,R,3.0,A,,R,0.0,R,81.0,R,25.0,R,210.0,R,65.0,R,500.0,R,550.0,R,610.0,R,500.0,R,560.0,R,610.0,R,19.0,R,22.0,R,27.0,R,17.0,R,21.0,R,26.0,R,17.0,R,22.0,R,26.0
207388,1,1,1,3,3,3,5,1,3,3,5,3,R,19612,R,8587,R,11025,A,,R,0.0,R,13910.0,R,6275.0,R,7635.0,A,,R,0.0,R,4670.0,R,2210.0,R,2460.0,A,,R,0.0,R,4542.0,R,2164.0,R,2378.0,A,,R,0.0,R,128.0,R,46.0,R,82.0,A,,R,0.0,R,1071.0,R,23.0,R,3222.0,R,69.0,R,520.0,R,570.0,R,630.0,R,510.0,R,560.0,R,610.0,R,20.0,R,23.0,R,27.0,R,19.0,R,22.0,R,26.0,R,18.0,R,22.0,R,26.0
207403,1,5,1,3,5,5,5,1,3,3,5,3,R,3730,R,1192,R,1577,A,,R,961.0,R,2077.0,R,996.0,R,756.0,A,,R,325.0,R,428.0,R,214.0,R,214.0,A,,R,0.0,R,427.0,R,213.0,R,214.0,A,,R,0.0,R,1.0,R,1.0,R,0.0,A,,R,0.0,R,73.0,R,17.0,R,306.0,R,71.0,R,510.0,R,550.0,R,600.0,R,490.0,R,550.0,R,590.0,R,20.0,R,24.0,R,28.0,R,18.0,R,22.0,R,24.0,R,18.0,R,23.0,R,25.0
207458,1,5,1,3,1,3,5,1,3,3,1,3,R,1432,R,590,R,842,A,,R,0.0,R,1008.0,R,408.0,R,600.0,A,,R,0.0,R,375.0,R,132.0,R,243.0,A,,R,0.0,R,375.0,R,132.0,R,243.0,A,,R,0.0,A,,A,,A,,A,,A,,R,1.0,R,1.0,R,191.0,R,51.0,S,,S,,S,,S,,S,,S,,R,20.0,R,23.0,R,26.0,R,20.0,R,23.0,R,27.0,R,18.0,R,21.0,R,25.0
207500,1,5,1,5,5,5,5,1,3,5,1,5,R,22337,R,9801,R,12536,A,,R,0.0,R,17097.0,R,7287.0,R,9810.0,A,,R,0.0,R,5198.0,R,2370.0,R,2828.0,A,,R,0.0,R,4464.0,R,2057.0,R,2407.0,A,,R,0.0,R,734.0,R,313.0,R,421.0,A,,R,0.0,R,1342.0,R,26.0,R,2194.0,R,42.0,R,580.0,R,620.0,R,670.0,R,560.0,R,600.0,R,660.0,R,23.0,R,26.0,R,29.0,R,22.0,R,25.0,R,30.0,R,21.0,R,25.0,R,27.0
207582,1,5,1,3,5,3,5,5,3,3,5,3,R,3639,R,1560,R,2079,A,,R,0.0,R,3588.0,R,1537.0,R,2051.0,A,,R,0.0,R,853.0,R,359.0,R,494.0,A,,R,0.0,R,722.0,R,296.0,R,426.0,A,,R,0.0,R,131.0,R,63.0,R,68.0,A,,R,0.0,R,62.0,R,7.0,R,121.0,R,14.0,R,550.0,R,600.0,R,640.0,R,533.0,R,570.0,R,610.0,R,22.0,R,24.0,R,27.0,R,21.0,R,24.0,R,27.0,R,19.0,R,23.0,R,25.0
207722,1,5,1,3,5,3,5,1,3,5,5,3,R,1465,R,426,R,995,R,44.0,R,0.0,R,817.0,R,188.0,R,603.0,R,26.0,R,0.0,R,272.0,R,67.0,R,192.0,R,13.0,R,0.0,R,270.0,R,67.0,R,190.0,R,13.0,R,0.0,R,2.0,R,0.0,R,2.0,R,0.0,R,0.0,R,16.0,R,9.0,R,112.0,R,43.0,R,523.0,R,550.0,R,618.0,R,520.0,R,540.0,R,570.0,R,21.0,R,23.0,R,25.0,R,21.0,R,23.0,R,27.0,R,18.0,R,20.0,R,24.0
207847,1,1,1,3,3,3,5,1,3,3,3,3,R,1221,R,596,R,625,A,,R,0.0,R,981.0,R,460.0,R,521.0,A,,R,0.0,C,530.0,C,249.0,C,281.0,A,,R,0.0,C,484.0,C,235.0,C,249.0,A,,R,0.0,C,46.0,C,14.0,C,32.0,A,,R,0.0,R,63.0,R,12.0,R,358.0,R,68.0,R,490.0,R,530.0,R,580.0,R,470.0,R,520.0,R,570.0,R,18.0,R,21.0,R,23.0,R,17.0,R,20.0,R,23.0,R,16.0,R,18.0,R,23.0
207865,1,5,1,3,3,3,5,1,3,3,3,3,R,1689,R,707,R,982,R,0.0,R,0.0,R,1689.0,R,707.0,R,982.0,A,,R,0.0,R,736.0,R,310.0,R,426.0,A,,R,0.0,R,695.0,R,299.0,R,396.0,A,,R,0.0,R,41.0,R,11.0,R,30.0,A,,R,0.0,R,0.0,R,0.0,R,571.0,R,78.0,A,,A,,A,,A,,A,,A,,R,17.0,R,20.0,R,23.0,R,16.0,R,19.0,R,23.0,R,16.0,R,18.0,R,22.0
207971,1,5,1,5,5,5,5,1,3,5,5,3,R,6631,R,2844,R,3735,R,52.0,R,0.0,R,3845.0,R,1811.0,R,2016.0,R,18.0,R,0.0,R,594.0,R,318.0,R,276.0,R,0.0,R,0.0,R,559.0,R,297.0,R,262.0,A,,R,0.0,R,35.0,R,21.0,R,14.0,A,,R,0.0,R,156.0,R,26.0,R,320.0,R,54.0,R,590.0,R,665.0,R,740.0,R,560.0,R,670.0,R,750.0,R,24.0,R,28.0,R,33.0,R,24.0,R,29.0,R,35.0,R,24.0,R,27.0,R,31.0
208479,3,3,1,3,3,3,3,3,1,5,3,3,R,134,R,10,R,124,R,0.0,R,0.0,R,128.0,R,10.0,R,118.0,A,,R,0.0,R,94.0,R,8.0,R,86.0,A,,R,0.0,R,94.0,R,8.0,R,86.0,A,,R,0.0,A,,A,,A,,A,,A,,A,,A,,A,,A,,A,,A,,A,,A,,A,,A,,A,,A,,A,,A,,A,,A,,A,,A,,A,
208512,3,3,5,3,1,5,3,3,1,5,1,3,R,15,R,3,R,12,R,0.0,R,0.0,R,13.0,R,2.0,R,11.0,A,,R,0.0,R,13.0,R,2.0,R,11.0,A,,R,0.0,R,13.0,R,2.0,R,11.0,A,,R,0.0,A,,A,,A,,A,,A,,A,,A,,A,,A,,A,,A,,A,,A,,A,,A,,A,,A,,A,,A,,A,,A,,A,,A,,A,
208646,1,5,1,5,3,3,3,1,3,5,5,3,R,1446,R,568,R,849,S,,S,,R,1428.0,R,557.0,R,842.0,S,,S,,R,267.0,R,136.0,R,127.0,S,,S,,R,256.0,R,132.0,R,121.0,S,,S,,R,11.0,R,4.0,R,6.0,S,,S,,A,,A,,A,,A,,A,,A,,A,,A,,A,,A,,A,,A,,A,,A,,A,,A,,A,,A,,A,
208725,1,3,1,3,1,3,3,3,3,3,1,3,R,32,R,13,R,18,A,,R,1.0,R,21.0,R,9.0,R,12.0,A,,R,0.0,R,10.0,R,4.0,R,6.0,A,,R,0.0,R,6.0,R,4.0,R,2.0,A,,R,0.0,R,4.0,R,0.0,R,4.0,A,,R,0.0,A,,A,,A,,A,,A,,A,,A,,A,,A,,A,,A,,A,,A,,A,,A,,A,,A,,A,,A,
208822,1,5,1,5,5,3,5,1,3,3,5,3,R,3737,R,1597,R,2137,A,,R,3.0,R,3603.0,R,1540.0,R,2060.0,A,,R,3.0,R,603.0,R,277.0,R,326.0,A,,R,0.0,R,602.0,R,277.0,R,325.0,A,,R,0.0,R,1.0,R,0.0,R,1.0,A,,R,0.0,R,67.0,R,11.0,R,32.0,R,5.0,R,540.0,R,600.0,R,670.0,R,530.0,R,580.0,R,660.0,R,17.0,R,23.0,R,28.0,R,17.0,R,23.0,R,28.0,R,17.0,R,20.0,R,25.0
209056,5,5,1,5,1,3,5,1,3,5,1,3,R,6334,R,2263,R,3552,R,519.0,R,0.0,R,4721.0,R,1589.0,R,2713.0,R,419.0,R,0.0,R,553.0,R,195.0,R,289.0,R,69.0,R,0.0,R,553.0,R,195.0,R,289.0,R,69.0,R,0.0,R,0.0,R,0.0,R,0.0,R,0.0,R,0.0,R,55.0,R,10.0,R,21.0,R,4.0,R,620.0,R,680.0,R,720.0,R,590.0,R,630.0,R,670.0,R,28.0,R,29.0,R,31.0,R,31.0,R,32.0,R,35.0,R,25.0,R,27.0,R,28.0
209065,1,5,1,5,1,3,3,1,3,5,1,5,R,1963,R,773,R,1190,S,,S,,R,1726.0,R,676.0,R,1050.0,S,,S,,R,345.0,R,152.0,R,193.0,S,,S,,R,345.0,R,152.0,R,193.0,S,,S,,A,,A,,A,,S,,S,,A,,A,,A,,A,,A,,A,,A,,A,,A,,A,,A,,A,,A,,A,,A,,A,,A,,A,,A,
209241,3,3,1,3,1,3,3,1,3,5,1,3,R,2,R,2,Z,0,A,,R,0.0,R,2.0,R,2.0,A,,A,,R,0.0,R,2.0,R,2.0,A,,A,,R,0.0,R,2.0,R,2.0,A,,A,,R,0.0,A,,A,,A,,A,,A,,A,,A,,A,,A,,A,,A,,A,,A,,A,,A,,A,,A,,A,,A,,A,,A,,A,,A,,A,
209287,1,5,1,5,5,5,5,1,3,5,5,3,R,317,R,161,R,156,A,,R,0.0,R,158.0,R,78.0,R,80.0,A,,R,0.0,R,58.0,R,36.0,R,22.0,A,,R,0.0,R,58.0,R,36.0,R,22.0,A,,R,0.0,R,0.0,R,0.0,R,0.0,A,,R,0.0,R,2.0,R,3.0,R,1.0,R,2.0,S,,S,,S,,S,,S,,S,,S,,S,,S,,S,,S,,S,,S,,S,,S,
209409,1,5,1,5,5,3,5,1,3,5,1,5,R,755,R,319,R,436,A,,R,0.0,R,501.0,R,192.0,R,309.0,A,,R,0.0,R,83.0,R,44.0,R,39.0,A,,R,0.0,R,83.0,R,44.0,R,39.0,A,,R,0.0,A,,A,,A,,A,,A,,R,11.0,R,13.0,R,2.0,R,2.0,R,520.0,R,570.0,R,635.0,R,490.0,R,550.0,R,680.0,S,,S,,S,,S,,S,,S,,S,,S,,S,
209506,1,3,1,1,3,3,5,1,3,3,3,3,R,5006,R,2211,R,2793,S,,S,,R,4589.0,R,2051.0,R,2536.0,S,,S,,R,433.0,R,235.0,R,198.0,S,,S,,R,403.0,R,221.0,R,182.0,S,,S,,R,30.0,R,14.0,R,16.0,S,,S,,R,59.0,R,14.0,R,19.0,R,4.0,R,525.0,R,580.0,R,650.0,R,520.0,R,590.0,R,650.0,R,22.0,R,23.0,R,26.0,R,20.0,R,22.0,R,24.0,R,21.0,R,24.0,R,26.0
209542,1,5,1,1,3,5,3,1,3,3,5,3,R,29025,R,13317,R,15708,A,,R,0.0,R,22886.0,R,10303.0,R,12583.0,A,,R,0.0,R,4689.0,R,2318.0,R,2371.0,A,,R,0.0,R,4094.0,R,2038.0,R,2056.0,A,,R,0.0,R,595.0,R,280.0,R,315.0,A,,R,0.0,A,,A,,A,,A,,A,,A,,A,,A,,A,,A,,A,,A,,A,,A,,A,,A,,A,,A,,A,
209551,1,5,1,1,5,3,5,1,3,5,1,3,R,39400,R,16417,R,22936,A,,R,47.0,R,33532.0,R,13617.0,R,19885.0,A,,R,30.0,R,5032.0,R,2132.0,R,2880.0,A,,R,20.0,R,4979.0,R,2107.0,R,2852.0,A,,R,20.0,R,53.0,R,25.0,R,28.0,A,,R,0.0,R,478.0,R,9.0,R,257.0,R,5.0,R,580.0,R,640.0,R,690.0,R,550.0,R,600.0,R,670.0,R,22.0,R,27.0,R,30.0,R,21.0,R,26.0,R,32.0,R,20.0,R,25.0,R,28.0
209603,1,3,5,3,5,1,3,1,3,3,5,3,R,658,R,136,R,384,R,138.0,R,0.0,R,451.0,R,76.0,R,261.0,R,114.0,R,0.0,C,119.0,R,29.0,C,50.0,R,40.0,R,0.0,C,118.0,R,29.0,C,49.0,R,40.0,R,0.0,R,1.0,R,0.0,R,1.0,R,0.0,R,0.0,A,,A,,A,,A,,A,,A,,A,,A,,A,,A,,A,,A,,A,,A,,A,,A,,A,,A,,A,
209612,1,5,1,5,1,3,5,1,3,3,1,3,R,2817,R,1191,R,1541,A,,R,85.0,R,2585.0,R,1091.0,R,1418.0,A,,R,76.0,R,400.0,R,181.0,R,219.0,A,,R,0.0,R,399.0,R,181.0,R,218.0,A,,R,0.0,R,1.0,R,0.0,R,1.0,A,,R,0.0,R,30.0,R,8.0,R,15.0,R,4.0,R,500.0,R,580.0,R,640.0,R,490.0,R,530.0,R,600.0,R,17.0,R,23.0,R,28.0,R,16.0,R,20.0,R,25.0,R,16.0,R,23.0,R,27.0
209807,1,3,1,1,3,3,5,1,3,3,3,3,R,8877,R,3234,R,5535,S,,S,,R,8070.0,R,2904.0,R,5075.0,S,,S,,R,1580.0,R,655.0,R,889.0,S,,S,,R,1444.0,R,593.0,R,818.0,S,,S,,R,136.0,R,62.0,R,71.0,S,,S,,R,1.0,R,1.0,R,0.0,Z,0.0,S,,S,,S,,S,,S,,S,,A,,A,,A,,A,,A,,A,,A,,A,,A,
209825,1,5,1,1,1,3,5,1,3,5,1,5,R,9041,R,2902,R,6139,S,,S,,R,8624.0,R,2763.0,R,5861.0,S,,S,,R,729.0,R,263.0,R,466.0,S,,S,,R,728.0,R,262.0,R,466.0,S,,S,,R,1.0,R,1.0,R,0.0,S,,S,,R,92.0,R,13.0,R,37.0,R,5.0,R,620.0,R,650.0,R,693.0,R,570.0,R,610.0,R,663.0,R,25.0,R,28.0,R,30.0,R,23.0,R,27.0,R,30.0,R,24.0,R,26.0,R,27.0
209922,1,5,1,1,1,5,5,1,3,3,1,3,R,10045,R,4095,R,5103,R,847.0,R,0.0,R,2728.0,R,879.0,R,1506.0,R,343.0,R,0.0,R,351.0,R,130.0,R,154.0,R,67.0,R,0.0,R,351.0,R,130.0,R,154.0,R,67.0,R,0.0,A,,A,,A,,A,,A,,R,169.0,R,48.0,R,81.0,R,23.0,R,670.0,R,710.0,R,760.0,R,630.0,R,700.0,R,750.0,R,29.0,R,32.0,R,34.0,R,32.0,R,34.0,R,35.0,R,27.0,R,29.0,R,32.0
210146,1,3,1,1,3,3,3,1,3,3,3,3,R,3564,R,1040,R,1792,R,725.0,R,7.0,R,2946.0,R,844.0,R,1467.0,R,629.0,R,6.0,R,657.0,R,190.0,R,300.0,R,166.0,R,1.0,R,615.0,R,175.0,R,281.0,R,158.0,R,1.0,R,42.0,R,15.0,R,19.0,R,8.0,R,0.0,A,,A,,A,,A,,A,,A,,A,,A,,A,,A,,A,,A,,A,,A,,A,,A,,A,,A,,A,
210304,1,3,1,3,3,3,3,1,3,3,5,3,R,825,R,289,R,536,A,,R,0.0,R,483.0,R,156.0,R,327.0,A,,R,0.0,R,26.0,R,11.0,R,15.0,A,,R,0.0,R,24.0,R,10.0,R,14.0,A,,R,0.0,R,2.0,R,1.0,R,1.0,A,,R,0.0,A,,A,,A,,A,,A,,A,,A,,A,,A,,A,,A,,A,,A,,A,,A,,A,,A,,A,,A,
210331,1,3,1,3,1,3,3,1,3,3,1,3,R,546,R,203,R,342,A,,R,1.0,R,490.0,R,184.0,R,305.0,A,,R,1.0,R,140.0,R,59.0,R,81.0,A,,R,0.0,R,140.0,R,59.0,R,81.0,A,,R,0.0,R,0.0,R,0.0,R,0.0,A,,R,0.0,A,,A,,A,,A,,A,,A,,A,,A,,A,,A,,A,,A,,A,,A,,A,,A,,A,,A,,A,
210401,1,5,1,1,1,3,5,1,3,5,1,3,R,4107,R,1594,R,2441,R,72.0,R,0.0,R,3249.0,R,1217.0,R,1967.0,R,65.0,R,0.0,R,504.0,R,179.0,R,278.0,R,47.0,R,0.0,R,504.0,R,179.0,R,278.0,R,47.0,R,0.0,R,0.0,R,0.0,R,0.0,R,0.0,R,0.0,R,133.0,R,26.0,R,63.0,R,13.0,R,630.0,R,680.0,R,730.0,R,590.0,R,640.0,R,700.0,R,27.0,R,30.0,R,32.0,A,,A,,A,,A,,A,,A,
210429,1,3,1,5,5,3,5,1,3,3,5,3,R,2898,R,993,R,1885,A,,R,20.0,R,2860.0,R,980.0,R,1861.0,A,,R,19.0,R,649.0,R,242.0,R,405.0,A,,R,2.0,R,620.0,R,231.0,R,387.0,A,,R,2.0,R,29.0,R,11.0,R,18.0,A,,R,0.0,R,18.0,R,3.0,R,9.0,R,1.0,R,438.0,R,525.0,R,575.0,R,430.0,R,485.0,R,533.0,R,21.0,R,23.0,R,26.0,R,22.0,R,23.0,R,27.0,R,18.0,R,18.0,R,25.0
210492,1,3,1,1,1,3,5,1,3,5,1,3,R,593,R,240,R,353,S,,S,,R,440.0,R,148.0,R,292.0,S,,S,,R,75.0,R,36.0,R,39.0,S,,S,,R,75.0,R,36.0,R,39.0,S,,S,,R,0.0,R,0.0,R,0.0,S,,S,,R,26.0,R,35.0,R,2.0,R,3.0,R,510.0,R,605.0,R,688.0,R,550.0,R,569.0,R,610.0,S,,S,,S,,S,,S,,S,,S,,S,,S,
210571,1,5,1,3,5,3,3,1,3,3,5,3,R,5366,R,2126,R,3036,R,204.0,R,0.0,R,4623.0,R,1721.0,R,2720.0,R,182.0,R,0.0,C,348.0,C,158.0,C,177.0,R,13.0,R,0.0,C,348.0,C,158.0,C,177.0,R,13.0,R,0.0,A,,A,,A,,A,,A,,A,,A,,A,,A,,A,,A,,A,,A,,A,,A,,A,,A,,A,,A,,A,,A,,A,,A,,A,
210669,1,5,1,1,1,3,5,1,3,3,1,3,R,5045,R,2608,R,2436,S,,S,,R,2953.0,R,1366.0,R,1586.0,S,,S,,R,283.0,R,141.0,R,141.0,S,,S,,R,283.0,R,141.0,R,141.0,S,,S,,A,,A,,A,,S,,S,,R,37.0,R,13.0,R,27.0,R,10.0,R,600.0,R,640.0,R,690.0,R,540.0,R,610.0,R,660.0,R,25.0,R,29.0,R,31.0,R,22.0,R,28.0,R,35.0,R,21.0,R,25.0,R,27.0
210739,1,5,1,1,1,3,5,1,3,3,1,3,R,3636,R,1256,R,2379,S,,S,,R,2857.0,R,944.0,R,1912.0,S,,S,,R,444.0,R,158.0,R,285.0,S,,S,,R,436.0,R,156.0,R,279.0,S,,S,,R,8.0,R,2.0,R,6.0,S,,S,,R,160.0,R,37.0,R,15.0,R,3.0,R,550.0,R,605.0,R,650.0,R,540.0,R,585.0,R,640.0,R,24.0,R,27.0,R,28.0,R,23.0,R,25.0,R,28.0,R,23.0,R,24.0,R,27.0
210775,1,5,1,5,5,3,5,5,3,5,5,5,R,5491,R,2659,R,2812,A,,R,20.0,R,3422.0,R,1518.0,R,1900.0,A,,R,4.0,R,414.0,R,204.0,R,210.0,A,,R,0.0,R,414.0,R,204.0,R,210.0,A,,R,0.0,R,0.0,R,0.0,R,0.0,A,,R,0.0,R,32.0,R,8.0,A,,A,,R,528.0,R,580.0,R,620.0,R,538.0,R,580.0,R,633.0,A,,A,,A,,A,,A,,A,,A,,A,,A,
211024,1,5,1,5,1,3,3,1,3,5,1,3,R,202,R,133,R,69,A,,R,0.0,R,182.0,R,113.0,R,69.0,A,,R,0.0,R,66.0,R,32.0,R,34.0,A,,R,0.0,R,63.0,R,31.0,R,32.0,A,,R,0.0,R,3.0,R,1.0,R,2.0,A,,R,0.0,A,,A,,A,,A,,A,,A,,A,,A,,A,,A,,A,,A,,A,,A,,A,,A,,A,,A,,A,
211088,5,5,1,1,5,1,5,1,3,5,5,3,R,6688,R,2282,R,4380,S,,S,,R,5296.0,R,1661.0,R,3615.0,S,,S,,R,420.0,R,163.0,R,254.0,S,,S,,R,415.0,R,161.0,R,251.0,S,,S,,R,5.0,R,2.0,R,3.0,S,,S,,R,50.0,R,12.0,R,7.0,R,2.0,R,553.0,R,600.0,R,650.0,R,530.0,R,595.0,R,660.0,R,26.0,R,28.0,R,30.0,R,24.0,R,30.0,R,35.0,R,19.0,R,23.0,R,27.0
211273,1,5,1,5,1,3,5,1,3,5,1,3,R,3278,R,0,R,3278,A,,R,0.0,R,1018.0,A,,R,1018.0,A,,R,0.0,R,361.0,A,,R,361.0,A,,R,0.0,R,361.0,A,,R,361.0,A,,R,0.0,A,,A,,A,,A,,A,,R,220.0,R,61.0,R,85.0,R,24.0,R,670.0,R,710.0,R,740.0,R,630.0,R,680.0,R,730.0,R,30.0,R,32.0,R,33.0,R,31.0,R,34.0,R,35.0,R,26.0,R,29.0,R,32.0
211291,1,5,1,1,1,5,5,1,3,5,1,5,R,11010,R,5538,R,5472,A,,R,0.0,R,3524.0,R,1624.0,R,1900.0,A,,R,0.0,R,1030.0,R,469.0,R,561.0,A,,R,0.0,R,1030.0,R,469.0,R,561.0,A,,R,0.0,A,,A,,A,,A,,A,,R,275.0,R,27.0,R,102.0,R,10.0,R,640.0,R,680.0,R,710.0,R,660.0,R,690.0,R,740.0,R,31.0,R,32.0,R,33.0,R,31.0,R,34.0,R,35.0,R,27.0,R,29.0,R,31.0
211352,1,5,1,1,5,3,5,1,3,5,1,5,R,2467,R,945,R,1518,S,,S,,R,1707.0,R,649.0,R,1055.0,S,,S,,R,76.0,R,30.0,R,46.0,S,,S,,R,76.0,R,30.0,R,46.0,S,,S,,A,,A,,A,,S,,S,,R,10.0,R,13.0,R,0.0,R,0.0,R,557.0,R,575.0,R,632.0,R,512.0,R,570.0,R,625.0,A,,A,,A,,A,,A,,A,,A,,A,,A,
211431,1,5,1,5,5,3,5,1,3,5,5,5,R,1326,R,266,R,1060,A,,R,0.0,R,1155.0,R,218.0,R,937.0,A,,R,0.0,R,227.0,R,33.0,R,194.0,A,,R,0.0,R,218.0,R,32.0,R,186.0,A,,R,0.0,R,9.0,R,1.0,R,8.0,A,,R,0.0,R,1.0,R,1.0,R,0.0,R,0.0,S,,S,,S,,S,,S,,S,,A,,A,,A,,A,,A,,A,,A,,A,,A,
211440,1,5,1,1,1,1,5,1,3,5,1,3,R,33707,R,19656,R,12853,R,1198.0,R,0.0,R,3843.0,R,1808.0,R,1878.0,R,157.0,R,0.0,R,1708.0,R,852.0,R,786.0,R,70.0,R,0.0,R,1708.0,R,852.0,R,786.0,R,70.0,R,0.0,R,0.0,R,0.0,R,0.0,R,0.0,R,0.0,R,878.0,R,51.0,R,284.0,R,17.0,R,730.0,R,750.0,R,770.0,R,770.0,R,790.0,R,800.0,R,34.0,R,35.0,R,35.0,R,34.0,R,35.0,R,35.0,R,33.0,R,35.0,R,36.0
211468,1,1,1,1,1,3,5,1,3,5,5,5,R,1152,R,21,R,1131,S,,S,,R,1142.0,R,21.0,R,1121.0,S,,S,,R,155.0,R,1.0,R,154.0,S,,S,,R,155.0,R,1.0,R,154.0,S,,S,,A,,A,,A,,S,,S,,R,28.0,R,18.0,R,0.0,R,0.0,R,520.0,R,550.0,R,660.0,R,480.0,R,520.0,R,570.0,A,,A,,A,,A,,A,,A,,A,,A,,A,
211477,1,3,5,3,5,3,3,1,3,5,1,3,R,594,R,164,R,360,S,,S,,R,154.0,R,66.0,R,88.0,S,,S,,R,94.0,R,46.0,R,48.0,S,,S,,R,41.0,R,23.0,R,18.0,S,,S,,R,53.0,R,23.0,R,30.0,S,,S,,A,,A,,A,,A,,A,,A,,A,,A,,A,,A,,A,,A,,A,,A,,A,,A,,A,,A,,A,
211556,1,5,1,5,5,5,5,1,5,5,5,5,R,4169,R,1276,R,2721,S,,S,,R,2923.0,R,1012.0,R,1910.0,S,,S,,R,332.0,R,110.0,R,222.0,S,,S,,R,331.0,R,110.0,R,221.0,S,,S,,R,1.0,R,0.0,R,1.0,S,,S,,R,92.0,R,28.0,R,30.0,R,9.0,R,550.0,R,610.0,R,670.0,R,520.0,R,580.0,R,620.0,R,23.0,R,26.0,R,27.0,R,22.0,R,26.0,R,30.0,R,22.0,R,24.0,R,26.0
211583,1,3,1,5,5,3,3,1,3,3,5,3,R,2559,R,1042,R,1517,A,,R,0.0,R,2025.0,R,795.0,R,1230.0,A,,R,0.0,R,178.0,R,90.0,R,88.0,A,,R,0.0,R,171.0,R,90.0,R,81.0,A,,R,0.0,R,7.0,R,0.0,R,7.0,A,,R,0.0,A,,A,,A,,A,,A,,A,,A,,A,,A,,A,,A,,A,,A,,A,,A,,A,,A,,A,,A,
211635,1,3,1,3,5,3,3,5,1,5,5,5,R,17,R,2,R,15,R,0.0,R,0.0,R,17.0,R,2.0,R,15.0,A,,R,0.0,R,13.0,R,2.0,R,11.0,A,,R,0.0,R,13.0,R,2.0,R,11.0,A,,R,0.0,A,,A,,A,,A,,A,,A,,A,,A,,A,,A,,A,,A,,A,,A,,A,,A,,A,,A,,A,,A,,A,,A,,A,,A,
211802,1,5,1,5,5,3,1,3,3,5,1,3,R,60,R,8,R,52,A,,R,0.0,R,26.0,R,5.0,R,21.0,A,,R,0.0,R,23.0,R,3.0,R,20.0,A,,R,0.0,R,23.0,R,3.0,R,20.0,A,,R,0.0,A,,A,,A,,A,,A,,R,16.0,R,70.0,R,1.0,R,4.0,R,510.0,R,520.0,R,540.0,R,490.0,R,520.0,R,550.0,S,,S,,S,,S,,S,,S,,S,,S,,S,
211893,3,3,5,3,1,1,3,5,3,3,1,3,R,446,R,225,R,207,R,14.0,R,0.0,R,31.0,R,18.0,R,13.0,R,0.0,R,0.0,R,25.0,R,14.0,R,11.0,A,,R,0.0,R,25.0,R,14.0,R,11.0,A,,R,0.0,A,,A,,A,,A,,A,,A,,A,,A,,A,,A,,A,,A,,A,,A,,A,,A,,A,,A,,A,,A,,A,,A,,A,,A,
211981,1,5,1,1,5,3,5,1,3,5,1,5,R,2358,R,941,R,1417,A,,R,0.0,R,2181.0,R,846.0,R,1335.0,A,,R,0.0,R,485.0,R,175.0,R,310.0,A,,R,0.0,R,485.0,R,175.0,R,310.0,A,,R,0.0,R,0.0,R,0.0,R,0.0,A,,R,0.0,R,85.0,R,18.0,R,12.0,R,2.0,R,550.0,R,610.0,R,650.0,R,520.0,R,560.0,R,620.0,R,24.0,R,26.0,R,27.0,R,22.0,R,24.0,R,25.0,R,21.0,R,24.0,R,26.0
212009,1,5,1,1,5,5,5,1,5,5,5,5,R,7185,R,2957,R,4228,A,,R,0.0,R,3095.0,R,1085.0,R,2010.0,A,,R,0.0,R,525.0,R,202.0,R,323.0,A,,R,0.0,R,525.0,R,202.0,R,323.0,A,,R,0.0,R,0.0,R,0.0,R,0.0,A,,R,0.0,R,0.0,R,0.0,R,0.0,R,0.0,A,,A,,A,,A,,A,,A,,A,,A,,A,,A,,A,,A,,A,,A,,A,
212054,1,5,1,5,1,1,5,1,3,5,1,3,R,40204,R,18609,R,20866,R,729.0,R,0.0,R,31171.0,R,14190.0,R,16445.0,R,536.0,R,0.0,R,2883.0,R,1432.0,R,1375.0,R,76.0,R,0.0,R,2852.0,R,1414.0,R,1362.0,R,76.0,R,0.0,R,31.0,R,18.0,R,13.0,R,0.0,R,0.0,R,1094.0,R,38.0,R,170.0,R,6.0,R,610.0,R,660.0,R,700.0,R,620.0,R,670.0,R,730.0,R,27.0,R,30.0,R,33.0,R,26.0,R,31.0,R,35.0,R,25.0,R,27.0,R,31.0
212106,1,3,1,1,5,3,5,5,3,3,5,3,R,14112,R,5288,R,8808,A,,R,16.0,R,11128.0,R,4026.0,R,7094.0,A,,R,8.0,R,1477.0,R,555.0,R,919.0,A,,R,3.0,R,1473.0,R,552.0,R,918.0,A,,R,3.0,R,4.0,R,3.0,R,1.0,A,,R,0.0,R,374.0,R,25.0,R,75.0,R,5.0,R,590.0,R,630.0,R,680.0,R,570.0,R,620.0,R,670.0,R,26.0,R,27.0,R,31.0,R,24.0,R,28.0,R,33.0,R,25.0,R,26.0,R,29.0
212115,1,1,1,1,3,3,5,1,3,5,5,5,R,7398,R,3125,R,4273,A,,R,0.0,R,6871.0,R,2882.0,R,3989.0,A,,R,0.0,R,1397.0,R,589.0,R,808.0,A,,R,0.0,R,1391.0,R,586.0,R,805.0,A,,R,0.0,R,6.0,R,3.0,R,3.0,A,,R,0.0,R,241.0,R,17.0,R,25.0,R,2.0,R,480.0,R,540.0,R,590.0,R,490.0,R,530.0,R,580.0,R,20.0,R,23.0,R,25.0,R,18.0,R,22.0,R,23.0,R,18.0,R,22.0,R,25.0
212133,1,5,1,5,5,3,5,1,3,5,5,5,R,2852,R,1284,R,1412,S,,S,,R,2670.0,R,1180.0,R,1351.0,S,,S,,R,503.0,R,272.0,R,231.0,S,,S,,R,447.0,R,246.0,R,201.0,S,,S,,R,56.0,R,26.0,R,30.0,S,,S,,N,1.0,N,1.0,N,2.0,N,1.0,N,,N,,N,,N,,N,,N,,N,,N,,N,,N,,N,,N,,N,,N,,N,
212197,1,5,1,5,1,3,5,1,3,5,5,3,R,3551,R,1424,R,2126,S,,S,,R,2726.0,R,1037.0,R,1689.0,S,,S,,R,529.0,R,208.0,R,321.0,S,,S,,R,524.0,R,206.0,R,318.0,S,,S,,R,5.0,R,2.0,R,3.0,S,,S,,R,162.0,R,31.0,R,16.0,R,3.0,R,560.0,R,600.0,R,650.0,R,530.0,R,580.0,R,630.0,R,19.0,R,27.0,R,29.0,R,19.0,R,27.0,R,29.0,R,19.0,R,24.0,R,27.0
212577,1,5,1,1,1,5,5,1,3,5,1,5,R,9231,R,4544,R,4687,R,0.0,R,0.0,R,2938.0,R,1339.0,R,1599.0,A,,R,0.0,R,553.0,R,263.0,R,290.0,A,,R,0.0,R,553.0,R,263.0,R,290.0,A,,R,0.0,A,,A,,A,,A,,A,,R,173.0,R,31.0,R,50.0,R,9.0,R,658.0,R,700.0,R,730.0,R,640.0,R,690.0,R,730.0,R,29.0,R,31.0,R,32.0,R,29.0,R,33.0,R,35.0,R,27.0,R,28.0,R,31.0
212601,1,5,1,1,5,3,3,1,3,3,5,3,R,6331,R,3350,R,2964,A,,R,17.0,R,4856.0,R,2469.0,R,2387.0,A,,R,0.0,R,619.0,R,253.0,R,366.0,A,,R,0.0,R,615.0,R,251.0,R,364.0,A,,R,0.0,R,4.0,R,2.0,R,2.0,A,,R,0.0,A,,A,,A,,A,,A,,A,,A,,A,,A,,A,,A,,A,,A,,A,,A,,A,,A,,A,,A,
212674,1,5,1,1,1,5,5,1,3,5,1,3,R,7123,R,3651,R,3471,A,,R,1.0,R,3384.0,R,1587.0,R,1796.0,A,,R,1.0,R,604.0,R,298.0,R,306.0,A,,R,0.0,R,604.0,R,298.0,R,306.0,A,,R,0.0,A,,A,,A,,A,,A,,R,205.0,R,34.0,R,40.0,R,7.0,R,630.0,R,680.0,R,720.0,R,610.0,R,670.0,R,740.0,R,27.0,R,29.0,R,32.0,R,27.0,R,32.0,R,34.0,R,23.0,R,27.0,R,31.0
212805,1,5,1,5,1,3,5,1,1,5,1,5,R,2034,R,1075,R,959,A,,R,0.0,R,1493.0,R,772.0,R,721.0,A,,R,0.0,R,557.0,R,305.0,R,252.0,A,,R,0.0,R,557.0,R,305.0,R,252.0,A,,R,0.0,A,,A,,A,,A,,A,,R,289.0,R,52.0,R,98.0,R,18.0,R,566.0,R,630.0,R,684.0,R,562.0,R,621.0,R,690.0,R,23.0,R,27.0,R,31.0,R,22.0,R,27.0,R,33.0,R,21.0,R,25.0,R,29.0
212832,1,5,1,1,5,3,5,1,3,3,5,3,R,1111,R,293,R,818,A,,R,0.0,R,1040.0,R,275.0,R,765.0,A,,R,0.0,R,184.0,R,64.0,R,120.0,A,,R,0.0,R,184.0,R,64.0,R,120.0,A,,R,0.0,R,0.0,R,0.0,R,0.0,A,,R,0.0,R,60.0,R,33.0,R,2.0,R,1.0,R,528.0,R,560.0,R,590.0,R,520.0,R,550.0,R,590.0,S,,S,,S,,S,,S,,S,,S,,S,,S,
212911,5,5,1,5,1,3,5,1,3,5,1,5,R,6391,R,3066,R,3325,R,0.0,R,0.0,R,825.0,R,351.0,R,474.0,A,,R,0.0,R,373.0,R,153.0,R,220.0,A,,R,0.0,R,373.0,R,153.0,R,220.0,A,,R,0.0,A,,A,,A,,A,,A,,R,148.0,R,40.0,R,51.0,R,14.0,R,710.0,R,730.0,R,760.0,R,720.0,R,760.0,R,780.0,R,33.0,R,34.0,R,35.0,R,33.0,R,35.0,R,35.0,R,30.0,R,32.0,R,34.0
212984,1,5,1,5,5,3,5,1,3,5,5,5,R,2653,R,966,R,1687,A,,R,0.0,R,1969.0,R,656.0,R,1313.0,A,,R,0.0,R,471.0,R,173.0,R,298.0,A,,R,0.0,R,468.0,R,172.0,R,296.0,A,,R,0.0,R,3.0,R,1.0,R,2.0,A,,R,0.0,R,31.0,R,7.0,R,0.0,R,0.0,R,480.0,R,520.0,R,565.0,R,470.0,R,510.0,R,565.0,A,,A,,A,,A,,A,,A,,A,,A,,A,
213011,1,5,1,5,1,5,5,1,3,5,1,5,R,1958,R,601,R,1357,S,,S,,R,1536.0,R,443.0,R,1093.0,S,,S,,R,281.0,R,84.0,R,197.0,S,,S,,R,273.0,R,83.0,R,190.0,S,,S,,R,8.0,R,1.0,R,7.0,S,,S,,R,71.0,R,26.0,R,6.0,R,2.0,R,530.0,R,590.0,R,640.0,R,520.0,R,560.0,R,620.0,R,26.0,R,28.0,R,28.0,A,,A,,A,,A,,A,,A,
213020,1,5,1,5,5,5,5,1,3,5,5,5,R,9422,R,3328,R,6094,A,,R,0.0,R,8593.0,R,2982.0,R,5611.0,A,,R,0.0,R,2032.0,R,746.0,R,1286.0,A,,R,0.0,R,1995.0,R,725.0,R,1270.0,A,,R,0.0,R,37.0,R,21.0,R,16.0,A,,R,0.0,R,660.0,R,32.0,R,33.0,R,2.0,R,480.0,R,530.0,R,600.0,R,460.0,R,520.0,R,570.0,R,17.0,R,21.0,R,24.0,R,16.0,R,20.0,R,24.0,R,16.0,R,19.0,R,23.0
213163,3,3,1,3,3,3,3,3,1,3,3,3,R,58,R,4,R,48,R,0.0,R,6.0,R,43.0,R,4.0,R,36.0,A,,R,3.0,R,29.0,R,3.0,R,25.0,A,,R,1.0,R,29.0,R,3.0,R,25.0,A,,R,1.0,R,0.0,R,0.0,R,0.0,A,,R,0.0,A,,A,,A,,A,,A,,A,,A,,A,,A,,A,,A,,A,,A,,A,,A,,A,,A,,A,,A,
213233,1,5,1,5,1,5,5,5,5,5,1,5,R,314,R,263,R,51,A,,R,0.0,R,303.0,R,257.0,R,46.0,A,,R,0.0,R,232.0,R,198.0,R,34.0,A,,R,0.0,R,225.0,R,193.0,R,32.0,A,,R,0.0,R,7.0,R,5.0,R,2.0,A,,R,0.0,R,27.0,R,12.0,R,1.0,R,1.0,R,480.0,R,510.0,R,570.0,R,470.0,R,510.0,R,570.0,S,,S,,S,,S,,S,,S,,S,,S,,S,
213251,1,3,1,1,1,3,5,1,3,3,1,3,R,2917,R,1333,R,1581,A,,R,3.0,R,2090.0,R,880.0,R,1210.0,A,,R,0.0,R,390.0,R,187.0,R,203.0,A,,R,0.0,R,390.0,R,187.0,R,203.0,A,,R,0.0,R,0.0,R,0.0,R,0.0,A,,R,0.0,R,146.0,R,37.0,R,19.0,R,5.0,R,550.0,R,600.0,R,660.0,R,520.0,R,580.0,R,620.0,R,22.0,R,25.0,R,29.0,R,21.0,R,24.0,R,26.0,R,21.0,R,24.0,R,27.0
213303,1,5,5,3,5,3,5,1,3,3,5,3,R,1789,R,1029,R,756,A,,R,4.0,R,1424.0,R,826.0,R,598.0,A,,R,0.0,R,191.0,R,117.0,R,74.0,A,,R,0.0,R,187.0,R,116.0,R,71.0,A,,R,0.0,R,4.0,R,1.0,R,3.0,A,,R,0.0,R,11.0,R,6.0,R,0.0,R,0.0,R,460.0,R,520.0,R,570.0,R,450.0,R,510.0,R,560.0,A,,A,,A,,A,,A,,A,,A,,A,,A,
213321,1,5,1,5,5,5,5,1,5,5,5,5,R,3206,R,1555,R,1651,A,,R,0.0,R,2988.0,R,1437.0,R,1551.0,A,,R,0.0,R,396.0,R,219.0,R,177.0,A,,R,0.0,R,395.0,R,219.0,R,176.0,A,,R,0.0,R,1.0,R,0.0,R,1.0,A,,R,0.0,R,115.0,R,29.0,R,9.0,R,2.0,R,520.0,R,570.0,R,620.0,R,540.0,R,580.0,R,620.0,R,19.0,R,23.0,R,25.0,A,,A,,A,,A,,A,,A,
213349,1,1,1,5,5,1,5,1,3,5,5,5,R,8170,R,3694,R,4476,A,,R,0.0,R,7748.0,R,3465.0,R,4283.0,A,,R,0.0,R,1601.0,R,682.0,R,919.0,A,,R,0.0,R,1601.0,R,682.0,R,919.0,A,,R,0.0,R,0.0,R,0.0,R,0.0,A,,R,0.0,R,202.0,R,13.0,R,0.0,R,0.0,R,540.0,R,600.0,R,650.0,R,530.0,R,570.0,R,620.0,A,,A,,A,,A,,A,,A,,A,,A,,A,
213358,1,5,1,5,1,5,5,3,3,3,5,5,R,2063,R,1061,R,1002,A,,R,0.0,R,1601.0,R,771.0,R,830.0,A,,R,0.0,R,172.0,R,85.0,R,87.0,A,,R,0.0,R,170.0,R,83.0,R,87.0,A,,R,0.0,R,2.0,R,2.0,R,0.0,A,,R,0.0,R,18.0,R,12.0,R,2.0,R,2.0,R,550.0,R,595.0,R,640.0,R,505.0,R,545.0,R,595.0,S,,S,,S,,S,,S,,S,,S,,S,,S,
213367,1,5,1,1,5,3,3,1,3,5,5,3,R,4845,R,1634,R,3211,A,,R,0.0,R,4176.0,R,1410.0,R,2766.0,A,,R,0.0,R,465.0,R,156.0,R,309.0,A,,R,0.0,R,458.0,R,156.0,R,302.0,A,,R,0.0,R,7.0,Z,0.0,R,7.0,A,,R,0.0,A,,A,,A,,A,,A,,A,,A,,A,,A,,A,,A,,A,,A,,A,,A,,A,,A,,A,,A,
213385,1,5,1,5,1,5,5,1,3,5,1,5,R,9874,R,5160,R,4714,A,,R,0.0,R,3107.0,R,1523.0,R,1584.0,A,,R,0.0,R,697.0,R,377.0,R,320.0,A,,R,0.0,R,697.0,R,377.0,R,320.0,A,,R,0.0,A,,A,,A,,A,,A,,R,217.0,R,31.0,R,99.0,R,14.0,R,670.0,R,700.0,R,730.0,R,670.0,R,710.0,R,760.0,R,30.0,R,32.0,R,33.0,R,31.0,R,34.0,R,35.0,R,27.0,R,30.0,R,32.0
213400,1,3,1,3,1,3,5,1,3,3,1,3,R,395,R,177,R,218,A,,R,0.0,R,376.0,R,161.0,R,215.0,A,,R,0.0,R,179.0,R,86.0,R,93.0,A,,R,0.0,R,177.0,R,84.0,R,93.0,A,,R,0.0,R,2.0,R,2.0,Z,0.0,A,,R,0.0,R,57.0,R,32.0,R,7.0,R,4.0,R,540.0,R,600.0,R,660.0,R,540.0,R,570.0,R,610.0,R,21.0,R,21.0,R,23.0,R,20.0,R,22.0,R,24.0,R,19.0,R,22.0,R,24.0
213507,1,5,1,1,3,3,5,1,5,3,5,3,R,3275,R,1378,R,1897,A,,R,0.0,R,2441.0,R,1013.0,R,1428.0,A,,R,0.0,R,480.0,R,203.0,R,277.0,A,,R,0.0,R,476.0,R,200.0,R,276.0,A,,R,0.0,R,4.0,R,3.0,R,1.0,A,,R,0.0,R,118.0,R,25.0,R,0.0,R,0.0,R,553.0,R,600.0,R,660.0,R,540.0,R,590.0,R,640.0,A,,A,,A,,A,,A,,A,,A,,A,,A,
213543,1,3,1,5,1,3,5,1,3,5,1,5,R,18415,R,9193,R,9222,R,0.0,R,0.0,R,5389.0,R,2536.0,R,2853.0,A,,R,0.0,R,1531.0,R,763.0,R,768.0,A,,R,0.0,R,1531.0,R,763.0,R,768.0,A,,R,0.0,A,,A,,A,,A,,A,,R,500.0,R,33.0,R,152.0,R,10.0,R,670.0,R,710.0,R,730.0,R,680.0,R,720.0,R,760.0,R,31.0,R,32.0,R,33.0,R,31.0,R,34.0,R,35.0,R,28.0,R,30.0,R,32.0
213598,1,3,3,3,5,3,5,1,3,3,5,3,R,5987,R,1843,R,4137,S,,S,,R,4692.0,R,1309.0,R,3379.0,S,,S,,R,551.0,R,181.0,R,370.0,S,,S,,R,534.0,R,172.0,R,362.0,S,,S,,R,17.0,R,9.0,R,8.0,S,,S,,R,79.0,R,14.0,R,8.0,R,1.0,R,450.0,R,490.0,R,530.0,R,420.0,R,480.0,R,520.0,R,18.0,R,22.0,R,22.0,R,17.0,R,19.0,R,21.0,R,16.0,R,20.0,R,21.0
213622,3,3,1,3,3,3,3,3,1,3,3,3,R,7,R,2,R,5,R,0.0,R,0.0,R,6.0,R,1.0,R,5.0,A,,R,0.0,R,6.0,R,1.0,R,5.0,A,,R,0.0,R,6.0,R,1.0,R,5.0,A,,R,0.0,R,0.0,R,0.0,R,0.0,A,,R,0.0,A,,A,,A,,A,,A,,A,,A,,A,,A,,A,,A,,A,,A,,A,,A,,A,,A,,A,,A,
213668,1,5,1,1,1,5,5,1,3,5,1,3,R,3225,R,1640,R,1584,A,,R,1.0,R,2189.0,R,988.0,R,1200.0,A,,R,1.0,R,293.0,R,141.0,R,152.0,A,,R,0.0,R,293.0,R,141.0,R,152.0,A,,R,0.0,R,0.0,R,0.0,R,0.0,A,,R,0.0,R,86.0,R,29.0,R,7.0,R,2.0,R,540.0,R,595.0,R,643.0,R,530.0,R,570.0,R,630.0,R,23.0,R,25.0,R,30.0,R,22.0,R,28.0,R,29.0,R,20.0,R,21.0,R,27.0
213774,1,3,1,5,5,5,5,5,3,5,5,5,R,825,R,263,R,562,R,0.0,R,0.0,R,790.0,R,245.0,R,545.0,A,,R,0.0,R,119.0,R,48.0,R,71.0,A,,R,0.0,R,109.0,R,45.0,R,64.0,A,,R,0.0,R,10.0,R,3.0,R,7.0,A,,R,0.0,R,13.0,R,11.0,R,0.0,R,0.0,R,360.0,R,410.0,R,445.0,R,365.0,R,410.0,R,490.0,A,,A,,A,,A,,A,,A,,A,,A,,A,
213826,1,5,1,5,1,5,5,1,3,5,5,3,R,3136,R,1127,R,2004,S,,S,,R,2625.0,R,945.0,R,1679.0,S,,S,,R,422.0,R,170.0,R,252.0,S,,S,,R,416.0,R,165.0,R,251.0,S,,S,,R,6.0,R,5.0,R,1.0,S,,S,,R,123.0,R,29.0,R,10.0,R,2.0,R,530.0,R,580.0,R,640.0,R,520.0,R,570.0,R,600.0,R,21.0,R,24.0,R,26.0,R,20.0,R,22.0,R,25.0,R,20.0,R,22.0,R,27.0
213914,1,3,1,3,5,3,3,3,1,5,3,3,R,103,R,9,R,94,A,,R,0.0,R,75.0,R,8.0,R,67.0,A,,R,0.0,R,45.0,R,4.0,R,41.0,A,,R,0.0,R,45.0,R,4.0,R,41.0,A,,R,0.0,A,,A,,A,,A,,A,,A,,A,,A,,A,,A,,A,,A,,A,,A,,A,,A,,A,,A,,A,,A,,A,,A,,A,,A,
213987,1,5,1,5,1,5,3,1,5,3,5,5,R,3500,R,1592,R,1908,S,,S,,R,2913.0,R,1262.0,R,1651.0,S,,S,,R,571.0,R,244.0,R,327.0,S,,S,,R,571.0,R,244.0,R,327.0,S,,S,,R,0.0,R,0.0,R,0.0,S,,S,,A,,A,,A,,A,,A,,A,,A,,A,,A,,A,,A,,A,,A,,A,,A,,A,,A,,A,,A,
213996,1,5,1,1,5,3,5,1,3,5,1,3,R,2375,R,989,R,1386,A,,R,0.0,R,1864.0,R,771.0,R,1093.0,A,,R,0.0,R,596.0,R,250.0,R,346.0,A,,R,0.0,R,595.0,R,250.0,R,345.0,A,,R,0.0,R,1.0,R,0.0,R,1.0,A,,R,0.0,R,334.0,R,56.0,R,38.0,R,6.0,R,560.0,R,610.0,R,670.0,R,540.0,R,600.0,R,670.0,R,22.0,R,26.0,R,30.0,R,22.0,R,24.0,R,30.0,R,21.0,R,25.0,R,29.0
214023,3,3,1,3,3,3,3,3,1,3,3,3,R,3,R,2,R,1,A,,R,0.0,R,3.0,R,2.0,R,1.0,A,,R,0.0,R,3.0,R,2.0,R,1.0,A,,R,0.0,R,3.0,R,2.0,R,1.0,A,,R,0.0,R,0.0,R,0.0,R,0.0,A,,R,0.0,A,,A,,A,,A,,A,,A,,A,,A,,A,,A,,A,,A,,A,,A,,A,,A,,A,,A,,A,
214041,1,5,1,5,5,3,5,1,3,5,5,5,R,6989,R,3135,R,3854,A,,R,0.0,R,6249.0,R,2766.0,R,3483.0,A,,R,0.0,R,1175.0,R,495.0,R,680.0,A,,R,0.0,R,1142.0,R,483.0,R,659.0,A,,R,0.0,R,33.0,R,12.0,R,21.0,A,,R,0.0,R,306.0,R,26.0,R,0.0,R,0.0,R,520.0,R,570.0,R,620.0,R,510.0,R,550.0,R,590.0,A,,A,,A,,A,,A,,A,,A,,A,,A,
214069,1,5,1,5,5,5,3,1,3,5,5,3,R,2508,R,1139,R,1369,A,,R,0.0,R,2129.0,R,946.0,R,1183.0,A,,R,0.0,R,408.0,R,183.0,R,225.0,A,,R,0.0,R,407.0,R,183.0,R,224.0,A,,R,0.0,R,1.0,R,0.0,R,1.0,A,,R,0.0,A,,A,,A,,A,,A,,A,,A,,A,,A,,A,,A,,A,,A,,A,,A,,A,,A,,A,,A,
214148,1,3,1,5,5,1,5,1,3,5,5,3,R,1322,Z,0,R,1322,A,,R,0.0,R,800.0,A,,R,800.0,A,,R,0.0,R,108.0,A,,R,108.0,A,,R,0.0,R,108.0,A,,R,108.0,A,,R,0.0,A,,A,,A,,A,,A,,R,26.0,R,24.0,R,5.0,R,5.0,R,605.0,R,630.0,R,688.0,R,628.0,R,675.0,R,723.0,R,25.0,R,27.0,R,31.0,R,24.0,R,28.0,R,34.0,R,23.0,R,25.0,R,29.0
214157,1,5,1,5,5,5,5,1,3,5,5,5,R,5115,R,2443,R,2614,S,,S,,R,2762.0,R,1062.0,R,1674.0,S,,S,,R,515.0,R,190.0,R,321.0,S,,S,,R,512.0,R,189.0,R,319.0,S,,S,,R,3.0,R,1.0,R,2.0,S,,S,,R,111.0,R,22.0,R,7.0,R,1.0,R,540.0,R,590.0,R,630.0,R,520.0,R,560.0,R,600.0,R,24.0,R,25.0,R,28.0,A,,A,,A,,A,,A,,A,
214166,1,5,1,1,5,5,5,1,5,5,5,5,R,2377,R,1034,R,1342,S,,S,,R,2149.0,R,875.0,R,1273.0,S,,S,,R,324.0,R,86.0,R,238.0,S,,S,,R,322.0,R,86.0,R,236.0,S,,S,,R,2.0,R,0.0,R,2.0,S,,S,,R,33.0,R,10.0,R,8.0,R,2.0,R,445.0,R,520.0,R,540.0,R,455.0,R,510.0,R,565.0,R,15.0,R,20.0,R,24.0,R,15.0,R,21.0,R,23.0,R,20.0,R,22.0,R,24.0
214175,1,5,1,1,1,3,5,5,3,5,5,5,R,4348,R,1896,R,2452,S,,S,,R,2783.0,R,1098.0,R,1685.0,S,,S,,R,427.0,R,189.0,R,238.0,S,,S,,R,427.0,R,189.0,R,238.0,S,,S,,A,,A,,A,,S,,S,,R,140.0,R,33.0,R,45.0,R,11.0,R,630.0,R,670.0,R,710.0,R,600.0,R,640.0,R,690.0,R,28.0,R,30.0,R,31.0,R,27.0,R,30.0,R,33.0,R,25.0,R,26.0,R,30.0
214272,1,3,5,5,3,3,3,1,3,3,5,3,R,4212,R,1469,R,2743,S,,S,,R,3218.0,R,1031.0,R,2187.0,S,,S,,R,369.0,R,130.0,R,239.0,S,,S,,R,369.0,R,130.0,R,239.0,S,,S,,R,0.0,R,0.0,R,0.0,S,,S,,A,,A,,A,,A,,A,,A,,A,,A,,A,,A,,A,,A,,A,,A,,A,,A,,A,,A,,A,
214476,1,3,5,3,1,5,3,3,1,5,5,3,R,109,R,15,R,47,A,,R,47.0,R,45.0,R,6.0,R,39.0,A,,R,0.0,R,42.0,R,5.0,R,37.0,A,,R,0.0,R,33.0,R,3.0,R,30.0,A,,R,0.0,R,9.0,R,2.0,R,7.0,A,,R,0.0,A,,A,,A,,A,,A,,A,,A,,A,,A,,A,,A,,A,,A,,A,,A,,A,,A,,A,,A,
214528,3,3,1,3,3,3,3,3,1,3,3,3,R,129,R,106,R,23,A,,R,0.0,R,65.0,R,52.0,R,13.0,A,,R,0.0,R,48.0,R,36.0,R,12.0,A,,R,0.0,R,48.0,R,36.0,R,12.0,A,,R,0.0,R,0.0,R,0.0,R,0.0,A,,R,0.0,A,,A,,A,,A,,A,,A,,A,,A,,A,,A,,A,,A,,A,,A,,A,,A,,A,,A,,A,
214591,1,3,1,5,3,3,5,1,3,3,5,3,R,4827,R,2599,R,2165,S,,S,,R,4620.0,R,2486.0,R,2074.0,S,,S,,R,866.0,R,538.0,R,316.0,S,,S,,R,855.0,R,531.0,R,312.0,S,,S,,R,11.0,R,7.0,R,4.0,S,,S,,R,293.0,R,34.0,R,25.0,R,3.0,R,560.0,R,610.0,R,660.0,R,550.0,R,600.0,R,660.0,R,23.0,R,26.0,R,28.0,R,21.0,R,24.0,R,27.0,R,23.0,R,26.0,R,28.0
214625,1,3,1,5,3,3,5,1,3,3,5,3,R,643,R,334,R,303,S,,S,,R,600.0,R,313.0,R,281.0,S,,S,,R,125.0,R,77.0,R,47.0,S,,S,,R,124.0,R,77.0,R,46.0,S,,S,,R,1.0,R,0.0,R,1.0,S,,S,,R,25.0,R,20.0,R,5.0,R,4.0,R,500.0,R,550.0,R,640.0,R,530.0,R,560.0,R,630.0,R,25.0,R,26.0,R,27.0,R,22.0,R,23.0,R,26.0,R,23.0,R,25.0,R,26.0
214634,1,3,1,5,3,3,5,1,3,3,5,3,R,209,R,98,R,108,S,,S,,R,190.0,R,90.0,R,97.0,S,,S,,R,73.0,R,34.0,R,38.0,S,,S,,R,69.0,R,33.0,R,35.0,S,,S,,R,4.0,R,1.0,R,3.0,S,,S,,R,6.0,R,8.0,R,2.0,R,3.0,R,550.0,R,610.0,R,620.0,R,490.0,R,560.0,R,610.0,S,,S,,S,,S,,S,,S,,S,,S,,S,
214643,1,3,1,5,3,3,5,1,3,3,5,3,R,640,R,326,R,302,S,,S,,R,605.0,R,311.0,R,283.0,S,,S,,R,90.0,R,53.0,R,32.0,S,,S,,R,90.0,R,53.0,R,32.0,S,,S,,R,0.0,R,0.0,R,0.0,S,,S,,R,16.0,R,18.0,R,2.0,R,2.0,R,530.0,R,555.0,R,660.0,R,530.0,R,590.0,R,645.0,S,,S,,S,,S,,S,,S,,S,,S,,S,
214652,1,3,1,5,3,3,5,1,3,3,5,3,R,2240,R,1007,R,1207,S,,S,,R,2125.0,R,959.0,R,1144.0,S,,S,,R,237.0,R,143.0,R,90.0,S,,S,,R,237.0,R,143.0,R,90.0,S,,S,,R,0.0,R,0.0,R,0.0,S,,S,,R,57.0,R,24.0,R,1.0,R,1.0,R,540.0,R,610.0,R,640.0,R,530.0,R,580.0,R,640.0,S,,S,,S,,S,,S,,S,,S,,S,,S,
214670,1,3,1,5,3,3,5,1,3,3,5,3,R,1848,R,949,R,881,S,,S,,R,1741.0,R,899.0,R,824.0,S,,S,,R,283.0,R,168.0,R,114.0,S,,S,,R,281.0,R,167.0,R,113.0,S,,S,,R,2.0,R,1.0,R,1.0,S,,S,,R,76.0,R,27.0,R,10.0,R,4.0,R,575.0,R,620.0,R,660.0,R,565.0,R,600.0,R,655.0,R,20.0,R,23.0,R,28.0,R,20.0,R,23.0,R,26.0,R,17.0,R,21.0,R,26.0
214689,1,3,1,5,3,3,5,1,3,3,5,3,R,7134,R,3116,R,3955,S,,S,,R,6942.0,R,3036.0,R,3849.0,S,,S,,R,859.0,R,475.0,R,373.0,S,,S,,R,854.0,R,471.0,R,372.0,S,,S,,R,5.0,R,4.0,R,1.0,S,,S,,R,234.0,R,27.0,R,26.0,R,3.0,R,530.0,R,580.0,R,630.0,R,520.0,R,580.0,R,630.0,R,22.0,R,24.0,R,27.0,R,20.0,R,23.0,R,25.0,R,18.0,R,24.0,R,25.0
214698,1,3,1,5,3,3,5,1,3,3,5,3,R,1603,R,846,R,745,S,,S,,R,1478.0,R,775.0,R,691.0,S,,S,,R,165.0,R,95.0,R,65.0,S,,S,,R,165.0,R,95.0,R,65.0,S,,S,,A,,A,,A,,S,,S,,R,39.0,R,24.0,R,8.0,R,5.0,R,520.0,R,600.0,R,660.0,R,530.0,R,600.0,R,660.0,R,21.0,R,23.0,R,26.0,R,21.0,R,21.0,R,24.0,R,19.0,R,25.0,R,26.0
214704,1,3,1,5,3,3,5,1,3,3,5,3,R,5844,R,2759,R,3038,S,,S,,R,5676.0,R,2670.0,R,2960.0,S,,S,,R,591.0,R,313.0,R,270.0,S,,S,,R,586.0,R,310.0,R,268.0,S,,S,,R,5.0,R,3.0,R,2.0,S,,S,,R,174.0,R,29.0,R,22.0,R,4.0,R,540.0,R,610.0,R,650.0,R,550.0,R,600.0,R,660.0,R,26.0,R,27.0,R,29.0,R,22.0,R,28.0,R,34.0,R,22.0,R,25.0,R,27.0
214713,1,3,1,5,3,3,5,1,3,3,5,3,R,10296,R,5500,R,4698,S,,S,,R,9924.0,R,5304.0,R,4528.0,S,,S,,R,1210.0,R,727.0,R,461.0,S,,S,,R,1204.0,R,723.0,R,461.0,S,,S,,R,6.0,R,4.0,R,0.0,S,,S,,R,323.0,R,27.0,R,27.0,R,2.0,R,560.0,R,600.0,R,650.0,R,550.0,R,610.0,R,670.0,R,26.0,R,28.0,R,30.0,R,24.0,R,27.0,R,31.0,R,24.0,R,27.0,R,29.0
214731,1,3,1,5,3,3,5,1,3,3,5,3,R,2461,R,1319,R,1109,S,,S,,R,2346.0,R,1258.0,R,1056.0,S,,S,,R,442.0,R,286.0,R,144.0,S,,S,,R,436.0,R,282.0,R,143.0,S,,S,,R,6.0,R,4.0,R,1.0,S,,S,,R,132.0,R,30.0,R,10.0,R,2.0,R,570.0,R,610.0,R,660.0,R,540.0,R,600.0,R,680.0,R,18.0,R,25.0,R,29.0,R,17.0,R,25.0,R,31.0,R,19.0,R,21.0,R,25.0
214740,1,3,1,5,3,3,5,1,3,3,5,3,R,481,R,238,R,236,S,,S,,R,445.0,R,223.0,R,217.0,S,,S,,R,98.0,R,58.0,R,39.0,S,,S,,R,98.0,R,58.0,R,39.0,S,,S,,R,0.0,R,0.0,R,0.0,S,,S,,R,28.0,R,29.0,R,0.0,R,0.0,R,540.0,R,580.0,R,625.0,R,520.0,R,550.0,R,625.0,A,,A,,A,,A,,A,,A,,A,,A,,A,
214759,1,3,1,5,3,3,5,1,3,3,5,3,R,731,R,303,R,416,S,,S,,R,670.0,R,277.0,R,382.0,S,,S,,R,117.0,R,65.0,R,49.0,S,,S,,R,117.0,R,65.0,R,49.0,S,,S,,R,0.0,R,0.0,R,0.0,S,,S,,R,16.0,R,14.0,R,1.0,R,1.0,R,540.0,R,585.0,R,630.0,R,540.0,R,575.0,R,635.0,S,,S,,S,,S,,S,,S,,S,,S,,S,
214768,1,3,1,5,3,3,5,1,3,3,5,3,R,714,R,349,R,350,S,,S,,R,650.0,R,323.0,R,317.0,S,,S,,R,200.0,R,113.0,R,82.0,S,,S,,R,199.0,R,113.0,R,81.0,S,,S,,R,1.0,R,0.0,R,1.0,S,,S,,R,51.0,R,26.0,R,1.0,R,1.0,R,540.0,R,610.0,R,650.0,R,520.0,R,590.0,R,670.0,S,,S,,S,,S,,S,,S,,S,,S,,S,
214777,1,3,1,5,3,3,5,1,3,3,5,3,R,85956,R,39869,R,45333,S,,S,,R,46605.0,R,20636.0,R,25578.0,S,,S,,R,9040.0,R,4470.0,R,4490.0,S,,S,,R,9004.0,R,4450.0,R,4475.0,S,,S,,R,36.0,R,20.0,R,15.0,S,,S,,R,2976.0,R,33.0,R,504.0,R,6.0,R,610.0,R,650.0,R,690.0,R,610.0,R,660.0,R,710.0,R,27.0,R,29.0,R,32.0,R,25.0,R,30.0,R,33.0,R,25.0,R,28.0,R,31.0
214786,1,3,1,5,3,3,5,1,3,3,5,3,R,581,R,302,R,271,S,,S,,R,550.0,R,283.0,R,259.0,S,,S,,R,124.0,R,74.0,R,47.0,S,,S,,R,123.0,R,74.0,R,46.0,S,,S,,R,1.0,R,0.0,R,1.0,S,,S,,R,20.0,R,16.0,R,3.0,R,2.0,R,505.0,R,570.0,R,635.0,R,515.0,R,555.0,R,580.0,S,,S,,S,,S,,S,,S,,S,,S,,S,
214795,1,3,1,5,3,3,5,1,3,3,5,3,R,608,R,225,R,374,S,,S,,R,549.0,R,199.0,R,341.0,S,,S,,R,133.0,R,55.0,R,78.0,S,,S,,R,132.0,R,55.0,R,77.0,S,,S,,R,1.0,R,0.0,R,1.0,S,,S,,R,34.0,R,26.0,R,0.0,R,0.0,R,550.0,R,590.0,R,620.0,R,530.0,R,580.0,R,610.0,A,,A,,A,,A,,A,,A,,A,,A,,A,
214801,1,3,1,5,3,3,5,1,3,3,5,3,R,6575,R,3221,R,3276,S,,S,,R,6051.0,R,2972.0,R,3009.0,S,,S,,R,909.0,R,531.0,R,363.0,S,,S,,R,903.0,R,529.0,R,360.0,S,,S,,R,6.0,R,2.0,R,3.0,S,,S,,R,257.0,R,28.0,R,12.0,R,1.0,R,550.0,R,590.0,R,650.0,R,540.0,R,590.0,R,660.0,R,21.0,R,23.0,R,27.0,R,19.0,R,23.0,R,27.0,R,19.0,R,24.0,R,26.0
214810,1,3,1,5,3,3,5,1,3,3,5,3,R,816,R,233,R,575,S,,S,,R,743.0,R,206.0,R,530.0,S,,S,,R,157.0,R,61.0,R,95.0,S,,S,,R,156.0,R,60.0,R,95.0,S,,S,,R,1.0,R,1.0,R,0.0,S,,S,,R,25.0,R,16.0,R,1.0,R,1.0,R,510.0,R,550.0,R,590.0,R,480.0,R,510.0,R,590.0,S,,S,,S,,S,,S,,S,,S,,S,,S,
214829,1,3,1,5,3,3,5,1,3,3,5,3,R,2012,R,1064,R,926,S,,S,,R,1855.0,R,984.0,R,850.0,S,,S,,R,185.0,R,114.0,R,68.0,S,,S,,R,181.0,R,112.0,R,66.0,S,,S,,R,4.0,R,2.0,R,2.0,S,,S,,R,64.0,R,35.0,R,2.0,R,1.0,R,530.0,R,580.0,R,630.0,R,540.0,R,590.0,R,640.0,S,,S,,S,,S,,S,,S,,S,,S,,S,
214892,3,3,1,3,5,3,3,3,1,3,5,3,R,90,R,38,R,52,S,,S,,R,66.0,R,35.0,R,31.0,S,,S,,R,42.0,R,25.0,R,17.0,S,,S,,R,42.0,R,25.0,R,17.0,S,,S,,A,,A,,A,,S,,S,,A,,A,,A,,A,,A,,A,,A,,A,,A,,A,,A,,A,,A,,A,,A,,A,,A,,A,,A,
214971,1,3,1,3,5,1,3,1,3,3,1,3,R,192,R,48,R,119,S,,S,,R,168.0,R,42.0,R,101.0,S,,S,,R,18.0,R,5.0,R,11.0,S,,S,,R,18.0,R,5.0,R,11.0,S,,S,,R,0.0,R,0.0,R,0.0,S,,S,,A,,A,,A,,A,,A,,A,,A,,A,,A,,A,,A,,A,,A,,A,,A,,A,,A,,A,,A,
215053,1,3,1,5,5,1,3,1,3,3,1,3,R,677,R,207,R,467,S,,S,,R,311.0,R,66.0,R,242.0,S,,S,,R,95.0,R,24.0,R,70.0,S,,S,,R,94.0,R,24.0,R,69.0,S,,S,,R,1.0,Z,0.0,R,1.0,S,,S,,A,,A,,A,,A,,A,,A,,A,,A,,A,,A,,A,,A,,A,,A,,A,,A,,A,,A,,A,
215062,1,5,1,5,1,5,5,5,3,3,5,5,R,59465,R,27128,R,32337,R,0.0,R,0.0,R,3489.0,R,1602.0,R,1887.0,A,,R,0.0,R,2416.0,R,1114.0,R,1302.0,A,,R,0.0,R,2416.0,R,1114.0,R,1302.0,A,,R,0.0,A,,A,,A,,A,,A,,R,1225.0,R,51.0,R,452.0,R,19.0,R,730.0,R,750.0,R,770.0,R,770.0,R,790.0,R,800.0,R,34.0,R,35.0,R,35.0,R,35.0,R,35.0,R,36.0,R,33.0,R,35.0,R,36.0
215105,5,5,1,5,5,1,3,1,3,5,1,3,R,1367,R,376,R,769,R,150.0,R,72.0,R,1069.0,R,291.0,R,590.0,R,129.0,R,59.0,R,250.0,R,83.0,R,118.0,R,34.0,R,15.0,R,249.0,R,83.0,R,117.0,R,34.0,R,15.0,R,1.0,R,0.0,R,1.0,R,0.0,R,0.0,A,,A,,A,,A,,A,,A,,A,,A,,A,,A,,A,,A,,A,,A,,A,,A,,A,,A,,A,
215114,1,5,1,5,5,1,5,1,5,5,1,5,R,505,R,259,R,246,A,,R,0.0,R,422.0,R,215.0,R,207.0,A,,R,0.0,R,260.0,R,126.0,R,134.0,A,,R,0.0,R,256.0,R,124.0,R,132.0,A,,R,0.0,R,4.0,R,2.0,R,2.0,A,,R,0.0,R,63.0,R,24.0,R,9.0,R,3.0,R,520.0,R,580.0,R,650.0,R,530.0,R,560.0,R,610.0,R,23.0,R,26.0,R,27.0,A,,A,,A,,A,,A,,A,
215266,1,5,1,5,5,5,5,1,5,5,5,3,R,4985,R,2225,R,2760,S,,S,,R,4527.0,R,2037.0,R,2490.0,S,,S,,R,310.0,R,150.0,R,160.0,S,,S,,R,310.0,R,150.0,R,160.0,S,,S,,R,0.0,R,0.0,R,0.0,S,,S,,R,89.0,R,29.0,R,13.0,R,4.0,R,520.0,R,580.0,R,630.0,R,510.0,R,570.0,R,630.0,R,22.0,R,27.0,R,31.0,R,23.0,R,27.0,R,31.0,R,20.0,R,27.0,R,29.0
215275,1,5,1,5,5,3,5,1,3,5,5,5,R,2936,R,1217,R,1719,S,,S,,R,2875.0,R,1190.0,R,1685.0,S,,S,,R,388.0,R,194.0,R,194.0,S,,S,,R,388.0,R,194.0,R,194.0,S,,S,,R,0.0,R,0.0,R,0.0,S,,S,,R,93.0,R,24.0,R,13.0,R,3.0,R,540.0,R,600.0,R,635.0,R,535.0,R,570.0,R,640.0,R,22.0,R,24.0,R,28.0,R,21.0,R,23.0,R,26.0,R,21.0,R,22.0,R,25.0
215284,1,5,1,5,5,3,5,1,3,5,5,3,R,3246,R,1516,R,1730,S,,S,,R,3113.0,R,1453.0,R,1660.0,S,,S,,R,474.0,R,256.0,R,218.0,S,,S,,R,473.0,R,255.0,R,218.0,S,,S,,R,1.0,R,1.0,R,0.0,S,,S,,R,238.0,R,50.0,R,27.0,R,6.0,R,520.0,R,570.0,R,625.0,R,520.0,R,570.0,R,630.0,R,19.0,R,28.0,R,32.0,R,19.0,R,25.0,R,31.0,R,17.0,R,24.0,R,28.0
215293,5,5,1,1,5,3,5,1,5,5,1,3,R,58416,R,25269,R,33147,S,,S,,R,29034.0,R,11646.0,R,17388.0,S,,S,,R,4549.0,R,1850.0,R,2699.0,S,,S,,R,4547.0,R,1849.0,R,2698.0,S,,S,,R,2.0,R,1.0,R,1.0,S,,S,,R,1879.0,R,41.0,R,522.0,R,12.0,R,640.0,R,680.0,R,720.0,R,630.0,R,680.0,R,730.0,R,29.0,R,31.0,R,33.0,R,27.0,R,31.0,R,35.0,R,26.0,R,28.0,R,31.0
215309,1,5,1,5,5,5,5,1,5,5,5,3,R,56,R,3,R,53,S,,S,,R,25.0,R,1.0,R,24.0,S,,S,,R,13.0,R,1.0,R,12.0,S,,S,,R,13.0,R,1.0,R,12.0,S,,S,,R,0.0,R,0.0,R,0.0,S,,S,,R,0.0,R,0.0,R,0.0,R,0.0,A,,A,,A,,A,,A,,A,,A,,A,,A,,A,,A,,A,,A,,A,,A,
215390,1,5,1,5,5,5,3,3,3,5,5,5,R,98,R,13,R,53,A,,R,32.0,R,48.0,R,9.0,R,39.0,A,,R,0.0,R,29.0,R,7.0,R,22.0,A,,R,0.0,R,22.0,R,5.0,R,17.0,A,,R,0.0,R,7.0,R,2.0,R,5.0,A,,R,0.0,A,,A,,A,,A,,A,,A,,A,,A,,A,,A,,A,,A,,A,,A,,A,,A,,A,,A,,A,
215442,1,3,1,5,3,3,5,1,3,3,5,3,R,5291,R,1507,R,3766,S,,S,,R,5179.0,R,1458.0,R,3707.0,S,,S,,R,519.0,R,176.0,R,341.0,S,,S,,R,518.0,R,176.0,R,340.0,S,,S,,R,1.0,R,0.0,R,1.0,S,,S,,R,126.0,R,24.0,R,38.0,R,7.0,R,520.0,R,590.0,R,650.0,R,515.0,R,550.0,R,590.0,R,19.0,R,23.0,R,27.0,R,18.0,R,24.0,R,27.0,R,17.0,R,19.0,R,23.0
215594,1,3,1,5,1,3,3,3,5,5,5,3,R,98,R,12,R,82,R,0.0,R,4.0,R,20.0,R,1.0,R,19.0,A,,R,0.0,R,20.0,R,1.0,R,19.0,A,,R,0.0,R,17.0,R,1.0,R,16.0,A,,R,0.0,R,3.0,R,0.0,R,3.0,A,,R,0.0,A,,A,,A,,A,,A,,A,,A,,A,,A,,A,,A,,A,,A,,A,,A,,A,,A,,A,,A,
215637,1,3,1,3,1,3,3,5,1,5,5,5,R,80,R,39,R,41,A,,R,0.0,R,76.0,R,37.0,R,39.0,A,,R,0.0,R,42.0,R,19.0,R,23.0,A,,R,0.0,R,42.0,R,19.0,R,23.0,A,,R,0.0,A,,A,,A,,A,,A,,A,,A,,A,,A,,A,,A,,A,,A,,A,,A,,A,,A,,A,,A,,A,,A,,A,,A,,A,
215655,1,5,1,5,5,3,5,1,3,5,5,3,R,7117,R,3358,R,3693,R,66.0,R,0.0,R,6446.0,R,3014.0,R,3367.0,R,65.0,R,0.0,R,766.0,R,420.0,R,346.0,R,0.0,R,0.0,R,762.0,R,417.0,R,345.0,A,,R,0.0,R,4.0,R,3.0,R,1.0,A,,R,0.0,R,0.0,Z,0.0,R,0.0,Z,0.0,A,,A,,A,,A,,A,,A,,A,,A,,A,,A,,A,,A,,A,,A,,A,
215682,5,3,1,5,3,3,3,3,1,3,3,3,R,252,R,225,R,26,S,,S,,R,194.0,R,172.0,R,21.0,S,,S,,R,137.0,R,124.0,R,13.0,S,,S,,R,137.0,R,124.0,R,13.0,S,,S,,A,,A,,A,,S,,S,,A,,A,,A,,A,,A,,A,,A,,A,,A,,A,,A,,A,,A,,A,,A,,A,,A,,A,,A,
215691,1,5,1,5,5,5,3,1,3,5,5,5,R,1578,R,580,R,997,S,,S,,R,1176.0,R,397.0,R,778.0,S,,S,,R,101.0,R,47.0,R,54.0,S,,S,,R,89.0,R,45.0,R,44.0,S,,S,,R,12.0,R,2.0,R,10.0,S,,S,,A,,A,,A,,A,,A,,A,,A,,A,,A,,A,,A,,A,,A,,A,,A,,A,,A,,A,,A,
215743,1,3,1,3,5,5,5,1,3,3,5,5,R,2259,R,999,R,1246,A,,R,14.0,R,1737.0,R,729.0,R,998.0,A,,R,10.0,R,379.0,R,177.0,R,202.0,A,,R,0.0,R,379.0,R,177.0,R,202.0,A,,R,0.0,A,,A,,A,,A,,A,,R,162.0,R,43.0,R,48.0,R,13.0,R,510.0,R,580.0,R,630.0,R,510.0,R,560.0,R,620.0,R,21.0,R,24.0,R,26.0,R,20.0,R,23.0,R,25.0,R,21.0,R,23.0,R,27.0
215770,1,5,1,5,1,5,5,1,3,5,1,5,R,8751,R,3721,R,5030,A,,R,0.0,R,7560.0,R,3183.0,R,4377.0,A,,R,0.0,R,1196.0,R,547.0,R,649.0,A,,R,0.0,R,1193.0,R,545.0,R,648.0,A,,R,0.0,R,3.0,R,2.0,R,1.0,A,,R,0.0,R,361.0,R,30.0,R,35.0,R,3.0,R,580.0,R,630.0,R,670.0,R,570.0,R,620.0,R,660.0,R,27.0,R,28.0,R,31.0,R,25.0,R,29.0,R,31.0,R,24.0,R,27.0,R,29.0
215798,1,5,1,1,5,5,5,1,3,5,5,5,R,2374,R,1534,R,834,A,,R,6.0,R,1403.0,R,804.0,R,599.0,A,,R,0.0,C,293.0,C,188.0,R,105.0,A,,R,0.0,C,293.0,C,188.0,R,105.0,A,,R,0.0,R,0.0,R,0.0,R,0.0,A,,R,0.0,R,159.0,R,55.0,R,22.0,R,8.0,R,500.0,R,560.0,R,613.0,R,493.0,R,550.0,R,618.0,R,21.0,R,24.0,R,25.0,R,21.0,R,23.0,R,25.0,R,17.0,R,22.0,R,26.0
215929,1,1,1,5,1,3,5,1,3,3,5,3,R,9530,R,3913,R,5617,A,,R,0.0,R,8039.0,R,3382.0,R,4657.0,A,,R,0.0,R,1028.0,R,427.0,R,601.0,A,,R,0.0,R,1026.0,R,425.0,R,601.0,A,,R,0.0,R,2.0,R,2.0,R,0.0,A,,R,0.0,R,318.0,R,31.0,R,39.0,R,4.0,R,580.0,R,620.0,R,660.0,R,570.0,R,610.0,R,660.0,R,25.0,R,27.0,R,30.0,A,,A,,A,,A,,A,,A,
215947,5,5,1,5,5,3,5,1,3,3,5,3,R,2441,R,1084,R,1354,A,,R,3.0,R,1850.0,R,769.0,R,1079.0,A,,R,2.0,R,319.0,R,139.0,R,180.0,A,,R,0.0,R,319.0,R,139.0,R,180.0,A,,R,0.0,R,0.0,R,0.0,R,0.0,A,,R,0.0,R,127.0,R,40.0,R,23.0,R,7.0,R,540.0,R,590.0,R,640.0,R,530.0,R,590.0,R,630.0,R,21.0,R,25.0,R,27.0,A,,A,,A,,A,,A,,A,
215974,3,3,1,3,3,3,3,3,1,3,3,3,R,66,R,4,R,61,R,0.0,R,1.0,R,43.0,R,4.0,R,39.0,A,,R,0.0,R,43.0,R,4.0,R,39.0,A,,R,0.0,R,32.0,R,4.0,R,28.0,A,,R,0.0,R,11.0,R,0.0,R,11.0,A,,R,0.0,A,,A,,A,,A,,A,,A,,A,,A,,A,,A,,A,,A,,A,,A,,A,,A,,A,,A,,A,
215992,3,3,1,3,3,3,3,3,1,5,3,3,R,134,R,49,R,85,R,0.0,R,0.0,R,125.0,R,44.0,R,81.0,A,,R,0.0,R,90.0,R,34.0,R,56.0,A,,R,0.0,R,90.0,R,34.0,R,56.0,A,,R,0.0,A,,A,,A,,A,,A,,A,,A,,A,,A,,A,,A,,A,,A,,A,,A,,A,,A,,A,,A,,A,,A,,A,,A,,A,
216010,1,1,1,1,5,3,5,1,3,5,5,5,R,6545,R,2996,R,3549,A,,R,0.0,R,5599.0,R,2539.0,R,3060.0,A,,R,0.0,R,1097.0,R,534.0,R,563.0,A,,R,0.0,R,1091.0,R,531.0,R,560.0,A,,R,0.0,R,6.0,R,3.0,R,3.0,A,,R,0.0,R,405.0,R,37.0,R,0.0,R,0.0,R,500.0,R,550.0,R,610.0,R,490.0,R,540.0,R,600.0,A,,A,,A,,A,,A,,A,,A,,A,,A,
216038,1,5,1,5,3,3,1,1,3,5,5,5,R,6119,R,2497,R,3622,A,,R,0.0,R,4566.0,R,1848.0,R,2718.0,A,,R,0.0,R,1537.0,R,672.0,R,865.0,A,,R,0.0,R,1535.0,R,671.0,R,864.0,A,,R,0.0,R,2.0,R,1.0,R,1.0,A,,R,0.0,R,390.0,R,25.0,R,64.0,R,4.0,R,490.0,R,540.0,R,600.0,R,490.0,R,540.0,R,590.0,R,19.0,R,22.0,R,25.0,R,16.0,R,21.0,R,24.0,R,17.0,R,23.0,R,25.0
216047,5,3,1,3,1,3,3,1,3,5,1,3,R,12,R,12,Z,0,A,,R,0.0,R,12.0,R,12.0,A,,A,,R,0.0,R,12.0,R,12.0,A,,A,,R,0.0,R,12.0,R,12.0,A,,A,,R,0.0,A,,A,,A,,A,,A,,A,,A,,A,,A,,A,,A,,A,,A,,A,,A,,A,,A,,A,,A,,A,,A,,A,,A,,A,
216083,3,3,1,3,3,3,3,3,1,3,3,3,R,125,R,42,R,83,R,0.0,R,0.0,R,124.0,R,41.0,R,83.0,A,,R,0.0,R,83.0,R,28.0,R,55.0,A,,R,0.0,R,72.0,R,28.0,R,44.0,A,,R,0.0,R,11.0,R,0.0,R,11.0,A,,R,0.0,A,,A,,A,,A,,A,,A,,A,,A,,A,,A,,A,,A,,A,,A,,A,,A,,A,,A,,A,
216278,1,5,1,1,1,5,5,1,3,5,5,5,R,5974,R,2646,R,3322,S,,S,,R,4702.0,R,2015.0,R,2683.0,S,,S,,R,578.0,R,255.0,R,323.0,S,,S,,R,578.0,R,255.0,R,323.0,S,,S,,R,0.0,R,0.0,R,0.0,S,,S,,R,259.0,R,45.0,R,32.0,R,6.0,R,550.0,R,620.0,R,660.0,R,540.0,R,590.0,R,630.0,R,22.0,R,25.0,R,31.0,R,22.0,R,25.0,R,33.0,R,18.0,R,24.0,R,28.0
216287,5,5,1,5,1,5,5,5,3,5,1,5,R,14287,R,5991,R,8296,A,,R,0.0,R,992.0,R,490.0,R,502.0,A,,R,0.0,R,415.0,R,208.0,R,207.0,A,,R,0.0,R,415.0,R,208.0,R,207.0,A,,R,0.0,A,,A,,A,,A,,A,,R,168.0,R,40.0,R,57.0,R,14.0,R,720.0,R,750.0,R,770.0,R,740.0,R,780.0,R,790.0,R,33.0,R,34.0,R,34.0,R,34.0,R,35.0,R,35.0,R,31.0,R,33.0,R,35.0
216296,1,3,1,3,5,3,5,3,5,3,3,3,R,1942,R,1724,R,196,R,22.0,R,0.0,R,1028.0,R,902.0,R,117.0,R,9.0,R,0.0,R,708.0,R,628.0,R,73.0,R,7.0,R,0.0,R,708.0,R,628.0,R,73.0,R,7.0,R,0.0,R,0.0,R,0.0,R,0.0,R,0.0,R,0.0,R,11.0,R,2.0,A,,A,,R,490.0,R,550.0,R,620.0,R,530.0,R,570.0,R,595.0,A,,A,,A,,A,,A,,A,,A,,A,,A,
216311,5,5,5,3,1,1,3,3,3,3,5,3,R,49,R,49,Z,0,A,,R,0.0,R,37.0,R,37.0,A,,A,,R,0.0,R,34.0,R,34.0,A,,A,,R,0.0,R,34.0,R,34.0,A,,A,,R,0.0,A,,A,,A,,A,,A,,A,,A,,A,,A,,A,,A,,A,,A,,A,,A,,A,,A,,A,,A,,A,,A,,A,,A,,A,
216339,1,5,1,1,5,3,3,1,3,5,5,5,R,36399,R,14616,R,21783,A,,R,0.0,R,30181.0,R,11953.0,R,18228.0,A,,R,0.0,R,3763.0,R,1611.0,R,2152.0,A,,R,0.0,R,3725.0,R,1594.0,R,2131.0,A,,R,0.0,R,38.0,R,17.0,R,21.0,A,,R,0.0,A,,A,,A,,A,,A,,A,,A,,A,,A,,A,,A,,A,,A,,A,,A,,A,,A,,A,,A,
216357,1,5,1,5,5,3,3,1,3,5,5,5,R,2197,R,1428,R,769,A,,R,0.0,R,1551.0,R,944.0,R,607.0,A,,R,0.0,C,219.0,R,120.0,C,99.0,A,,R,0.0,R,219.0,R,120.0,R,99.0,A,,R,0.0,C,0.0,Z,0.0,C,0.0,A,,R,0.0,A,,A,,A,,A,,A,,A,,A,,A,,A,,A,,A,,A,,A,,A,,A,,A,,A,,A,,A,
216366,1,1,1,1,1,5,5,1,3,5,1,5,R,6084,R,1615,R,4468,S,,S,,R,5241.0,R,1416.0,R,3824.0,S,,S,,R,783.0,R,213.0,R,570.0,S,,S,,R,782.0,R,213.0,R,569.0,S,,S,,R,1.0,R,0.0,R,1.0,S,,S,,R,213.0,R,27.0,R,15.0,R,2.0,R,590.0,R,630.0,R,680.0,R,560.0,R,620.0,R,670.0,R,27.0,R,30.0,R,32.0,R,25.0,R,28.0,R,34.0,R,25.0,R,27.0,R,33.0
216524,1,5,1,1,1,3,5,1,3,5,1,5,R,3443,R,1698,R,1745,A,,R,0.0,R,3008.0,R,1442.0,R,1566.0,A,,R,0.0,R,405.0,R,215.0,R,190.0,A,,R,0.0,R,405.0,R,215.0,R,190.0,A,,R,0.0,A,,A,,A,,A,,A,,R,107.0,R,26.0,R,24.0,R,6.0,R,600.0,R,660.0,R,700.0,R,560.0,R,620.0,R,660.0,R,28.0,R,31.0,R,32.0,R,26.0,R,31.0,R,34.0,R,24.0,R,26.0,R,29.0
216542,1,5,1,5,5,3,3,1,3,3,1,3,R,403,R,239,R,164,A,,R,0.0,R,315.0,R,185.0,R,130.0,A,,R,0.0,R,95.0,R,52.0,R,43.0,A,,R,0.0,R,94.0,R,52.0,R,42.0,A,,R,0.0,R,1.0,R,0.0,R,1.0,A,,R,0.0,A,,A,,A,,A,,A,,A,,A,,A,,A,,A,,A,,A,,A,,A,,A,,A,,A,,A,,A,
216597,1,5,1,1,1,3,5,1,3,3,1,5,R,23127,R,10239,R,12888,S,,S,,R,5810.0,R,2610.0,R,3200.0,S,,S,,R,1740.0,R,789.0,R,951.0,S,,S,,R,1699.0,R,754.0,R,945.0,S,,S,,R,41.0,R,35.0,R,6.0,S,,S,,R,427.0,R,25.0,R,193.0,R,11.0,R,690.0,R,720.0,R,740.0,R,710.0,R,740.0,R,770.0,R,32.0,R,33.0,R,34.0,R,32.0,R,34.0,R,35.0,R,29.0,R,31.0,R,34.0
216667,1,3,1,5,5,3,3,1,3,5,5,3,R,3218,R,1564,R,1654,A,,R,0.0,R,2624.0,R,1209.0,R,1415.0,A,,R,0.0,R,314.0,R,177.0,R,137.0,A,,R,0.0,R,314.0,R,177.0,R,137.0,A,,R,0.0,A,,A,,A,,A,,A,,A,,A,,A,,A,,A,,A,,A,,A,,A,,A,,A,,A,,A,,A,,A,,A,,A,,A,,A,
216694,1,5,1,5,5,5,5,5,5,5,5,3,R,1806,R,1075,R,725,A,,R,6.0,R,1656.0,R,975.0,R,678.0,A,,R,3.0,R,336.0,R,164.0,R,172.0,A,,R,0.0,R,335.0,R,164.0,R,171.0,A,,R,0.0,R,1.0,R,0.0,R,1.0,A,,R,0.0,R,57.0,R,17.0,R,14.0,R,4.0,R,500.0,R,570.0,R,630.0,R,500.0,R,550.0,R,590.0,R,16.0,R,21.0,R,25.0,R,15.0,R,19.0,R,24.0,R,16.0,R,20.0,R,24.0
216764,5,5,1,1,3,5,5,5,3,5,5,5,R,16467,R,6249,R,10218,A,,R,0.0,R,13042.0,R,4812.0,R,8230.0,A,,R,0.0,R,3087.0,R,1246.0,R,1841.0,A,,R,0.0,R,3066.0,R,1236.0,R,1830.0,A,,R,0.0,R,21.0,R,10.0,R,11.0,A,,R,0.0,R,505.0,R,16.0,R,28.0,R,1.0,R,560.0,R,600.0,R,640.0,R,540.0,R,580.0,R,630.0,R,24.0,R,26.0,R,28.0,R,22.0,R,24.0,R,28.0,R,23.0,R,24.0,R,27.0
216773,1,3,1,3,5,3,3,5,1,5,5,3,R,28,R,5,R,23,S,,S,,R,27.0,R,5.0,R,22.0,S,,S,,R,19.0,R,3.0,R,16.0,S,,S,,R,19.0,R,3.0,R,16.0,S,,S,,A,,A,,A,,S,,S,,A,,A,,A,,A,,A,,A,,A,,A,,A,,A,,A,,A,,A,,A,,A,,A,,A,,A,,A,
216807,1,3,1,1,5,3,3,1,3,3,5,3,R,2650,R,1575,R,1025,S,,S,,R,2266.0,R,1284.0,R,945.0,S,,S,,R,310.0,R,158.0,R,152.0,S,,S,,R,310.0,R,158.0,R,152.0,S,,S,,R,0.0,R,0.0,R,0.0,S,,S,,A,,A,,A,,A,,A,,A,,A,,A,,A,,A,,A,,A,,A,,A,,A,,A,,A,,A,,A,
216852,1,3,1,5,5,3,5,1,3,3,3,3,R,7167,R,3083,R,4084,A,,R,0.0,R,6022.0,R,2504.0,R,3518.0,A,,R,0.0,R,894.0,R,335.0,R,559.0,A,,R,0.0,R,892.0,R,335.0,R,557.0,A,,R,0.0,R,2.0,R,0.0,R,2.0,A,,R,0.0,R,97.0,R,11.0,R,0.0,R,0.0,R,530.0,R,590.0,R,640.0,R,520.0,R,580.0,R,620.0,A,,A,,A,,A,,A,,A,,A,,A,,A,
216931,1,1,1,5,5,3,5,3,3,5,3,3,R,6414,R,3624,R,2790,S,,S,,R,5866.0,R,3237.0,R,2629.0,S,,S,,R,513.0,R,274.0,R,239.0,S,,S,,R,510.0,R,274.0,R,236.0,S,,S,,R,3.0,R,0.0,R,3.0,S,,S,,R,140.0,R,27.0,R,12.0,R,2.0,R,510.0,R,575.0,R,640.0,R,513.0,R,560.0,R,630.0,R,20.0,R,22.0,R,29.0,R,18.0,R,22.0,R,27.0,R,17.0,R,22.0,R,27.0
216940,1,3,1,3,5,3,3,3,3,5,1,3,R,508,R,508,R,0,A,,R,0.0,R,152.0,R,152.0,A,,A,,R,0.0,R,120.0,R,120.0,A,,A,,R,0.0,R,120.0,R,120.0,A,,A,,R,0.0,A,,A,,A,,A,,A,,A,,A,,A,,A,,A,,A,,A,,A,,A,,A,,A,,A,,A,,A,,A,,A,,A,,A,,A,
217013,1,5,1,5,5,3,5,1,5,3,5,3,R,1068,R,262,R,806,R,0.0,R,0.0,R,961.0,R,241.0,R,720.0,A,,R,0.0,R,194.0,R,47.0,R,147.0,A,,R,0.0,R,179.0,R,46.0,R,133.0,A,,R,0.0,R,15.0,R,1.0,R,14.0,A,,R,0.0,R,27.0,R,14.0,R,0.0,R,0.0,R,480.0,R,520.0,R,570.0,R,460.0,R,500.0,R,540.0,A,,A,,A,,A,,A,,A,,A,,A,,A,
217040,5,3,5,1,1,5,3,3,3,3,5,5,R,15,R,15,Z,0,A,,R,0.0,R,15.0,R,15.0,A,,A,,R,0.0,R,14.0,R,14.0,A,,A,,R,0.0,R,14.0,R,14.0,A,,A,,R,0.0,A,,A,,A,,A,,A,,A,,A,,A,,A,,A,,A,,A,,A,,A,,A,,A,,A,,A,,A,,A,,A,,A,,A,,A,
217059,1,5,1,1,5,5,5,1,5,5,5,5,R,4933,R,1979,R,2954,A,,R,0.0,R,4647.0,R,1869.0,R,2778.0,A,,R,0.0,R,805.0,R,350.0,R,455.0,A,,R,0.0,R,804.0,R,349.0,R,455.0,A,,R,0.0,R,1.0,R,1.0,Z,0.0,A,,R,0.0,R,344.0,R,43.0,R,22.0,R,3.0,R,520.0,R,570.0,R,620.0,R,510.0,R,560.0,R,610.0,R,22.0,R,25.0,R,28.0,R,20.0,R,23.0,R,25.0,R,23.0,R,26.0,R,28.0
217156,5,5,1,1,1,3,5,5,3,5,1,5,R,51316,R,19666,R,31650,A,,R,0.0,R,2686.0,R,1350.0,R,1336.0,A,,R,0.0,R,1695.0,R,847.0,R,848.0,A,,R,0.0,R,1695.0,R,847.0,R,848.0,A,,R,0.0,A,,A,,A,,A,,A,,R,914.0,R,54.0,R,379.0,R,22.0,R,740.0,R,760.0,R,770.0,R,760.0,R,780.0,R,800.0,R,34.0,R,35.0,R,35.0,R,35.0,R,35.0,R,36.0,R,32.0,R,34.0,R,35.0
217165,1,5,1,1,1,3,5,1,3,5,5,5,R,9506,R,5777,R,3729,R,0.0,R,0.0,R,6241.0,R,3576.0,R,2665.0,A,,R,0.0,R,948.0,R,639.0,R,309.0,A,,R,0.0,R,947.0,R,638.0,R,309.0,A,,R,0.0,R,1.0,R,1.0,R,0.0,A,,R,0.0,R,141.0,R,15.0,R,16.0,R,2.0,R,580.0,R,620.0,R,670.0,R,580.0,R,630.0,R,670.0,R,28.0,R,30.0,R,32.0,A,,A,,A,,A,,A,,A,
217235,1,5,1,5,5,5,5,1,3,5,5,5,R,8841,R,3106,R,5731,A,,R,4.0,R,7400.0,R,2504.0,R,4893.0,A,,R,3.0,R,1056.0,R,388.0,R,667.0,A,,R,1.0,R,1051.0,R,387.0,R,663.0,A,,R,1.0,R,5.0,R,1.0,R,4.0,A,,R,0.0,R,157.0,R,15.0,R,25.0,R,2.0,R,500.0,R,560.0,R,630.0,R,470.0,R,540.0,R,600.0,R,20.0,R,23.0,R,26.0,R,18.0,R,23.0,R,25.0,R,18.0,R,22.0,R,24.0
217305,1,3,3,3,5,5,3,1,3,5,5,3,R,2530,R,1384,R,1146,R,0.0,R,0.0,R,1840.0,R,1128.0,R,712.0,A,,R,0.0,R,493.0,R,351.0,R,142.0,A,,R,0.0,R,491.0,R,349.0,R,142.0,A,,R,0.0,R,2.0,R,2.0,R,0.0,A,,R,0.0,A,,A,,A,,A,,A,,A,,A,,A,,A,,A,,A,,A,,A,,A,,A,,A,,A,,A,,A,
217402,1,5,1,1,1,3,5,1,5,5,1,5,R,12469,R,5206,R,7263,A,,R,0.0,R,6075.0,R,2708.0,R,3367.0,A,,R,0.0,R,1197.0,R,521.0,R,676.0,A,,R,0.0,R,1191.0,R,519.0,R,672.0,A,,R,0.0,R,6.0,R,2.0,R,4.0,A,,R,0.0,R,264.0,R,22.0,R,79.0,R,7.0,R,630.0,R,670.0,R,700.0,R,620.0,R,660.0,R,700.0,R,28.0,R,30.0,R,32.0,R,28.0,R,32.0,R,34.0,R,26.0,R,29.0,R,31.0
217420,1,3,1,1,5,3,5,1,3,5,5,5,R,4988,R,1652,R,3329,R,0.0,R,7.0,R,4045.0,R,1282.0,R,2762.0,A,,R,1.0,R,813.0,R,263.0,R,550.0,A,,R,0.0,R,799.0,R,259.0,R,540.0,A,,R,0.0,R,14.0,R,4.0,R,10.0,A,,R,0.0,R,90.0,R,11.0,R,0.0,R,0.0,R,440.0,R,510.0,R,600.0,R,420.0,R,500.0,R,560.0,A,,A,,A,,A,,A,,A,,A,,A,,A,
217484,1,5,1,1,1,3,5,1,3,5,1,3,R,25391,R,9476,R,15903,R,7.0,R,5.0,R,19568.0,R,7000.0,R,12557.0,R,6.0,R,5.0,R,3289.0,R,1285.0,R,1997.0,R,5.0,R,2.0,R,3264.0,R,1272.0,R,1985.0,R,5.0,R,2.0,R,25.0,R,13.0,R,12.0,R,0.0,R,0.0,R,709.0,R,22.0,R,77.0,R,2.0,R,520.0,R,590.0,R,650.0,R,510.0,R,570.0,R,620.0,R,26.0,R,28.0,R,31.0,A,,A,,A,,A,,A,,A,
217493,1,5,1,5,1,1,5,1,3,5,1,3,R,7126,R,1548,R,5578,A,,R,0.0,R,984.0,R,293.0,R,691.0,A,,R,0.0,R,504.0,R,146.0,R,358.0,A,,R,0.0,R,504.0,R,146.0,R,358.0,A,,R,0.0,A,,A,,A,,A,,A,,R,81.0,R,16.0,R,21.0,R,4.0,R,680.0,R,730.0,R,760.0,R,690.0,R,760.0,R,780.0,R,30.0,R,32.0,R,33.0,R,29.0,R,32.0,R,35.0,R,26.0,R,29.0,R,32.0
217518,1,5,1,1,1,5,5,1,5,5,1,3,R,8238,R,3700,R,4538,R,0.0,R,0.0,R,7231.0,R,3178.0,R,4053.0,A,,R,0.0,R,1022.0,R,467.0,R,555.0,A,,R,0.0,R,1010.0,R,461.0,R,549.0,A,,R,0.0,R,12.0,R,6.0,R,6.0,A,,R,0.0,R,241.0,R,24.0,R,22.0,R,2.0,R,580.0,R,620.0,R,660.0,R,550.0,R,600.0,R,640.0,R,24.0,R,28.0,R,30.0,R,23.0,R,26.0,R,30.0,R,22.0,R,26.0,R,30.0
217536,1,5,1,1,1,5,5,1,3,5,1,5,R,5697,R,1501,R,4196,R,0.0,R,0.0,R,3983.0,R,1031.0,R,2952.0,A,,R,0.0,R,552.0,R,142.0,R,410.0,A,,R,0.0,R,552.0,R,142.0,R,410.0,A,,R,0.0,R,0.0,R,0.0,R,0.0,A,,R,0.0,R,91.0,R,17.0,R,10.0,R,2.0,R,600.0,R,630.0,R,660.0,R,560.0,R,590.0,R,635.0,R,26.0,R,30.0,R,30.0,R,25.0,R,30.0,R,33.0,R,25.0,R,27.0,R,27.0
217624,1,3,1,5,5,5,3,5,3,3,3,3,R,3658,R,2013,R,1545,R,0.0,R,100.0,R,1175.0,R,536.0,R,639.0,A,,R,0.0,R,170.0,R,94.0,R,76.0,A,,R,0.0,R,169.0,R,94.0,R,75.0,A,,R,0.0,R,1.0,R,0.0,R,1.0,A,,R,0.0,A,,A,,A,,A,,A,,A,,A,,A,,A,,A,,A,,A,,A,,A,,A,,A,,A,,A,,A,
217633,1,5,1,5,5,5,5,1,5,3,5,5,R,4732,R,1704,R,3028,A,,R,0.0,R,2499.0,R,931.0,R,1568.0,A,,R,0.0,R,849.0,R,347.0,R,502.0,A,,R,0.0,R,849.0,R,347.0,R,502.0,A,,R,0.0,R,0.0,R,0.0,R,0.0,A,,R,0.0,R,381.0,R,45.0,R,305.0,R,36.0,R,560.0,R,610.0,R,660.0,R,530.0,R,580.0,R,630.0,R,22.0,R,24.0,R,28.0,R,21.0,R,24.0,R,29.0,R,20.0,R,24.0,R,26.0
217688,1,5,1,5,5,3,5,1,3,3,3,3,R,6072,R,2052,R,4020,A,,R,0.0,R,4620.0,R,1555.0,R,3065.0,A,,R,0.0,R,725.0,R,269.0,R,456.0,A,,R,0.0,R,721.0,R,269.0,R,452.0,A,,R,0.0,R,4.0,R,0.0,R,4.0,A,,R,0.0,R,331.0,R,47.0,R,231.0,R,33.0,R,480.0,R,540.0,R,600.0,R,470.0,R,520.0,R,560.0,R,17.0,R,20.0,R,24.0,R,15.0,R,20.0,R,24.0,R,16.0,R,18.0,R,23.0
217721,1,5,1,5,3,3,5,3,3,3,3,3,R,8073,R,2987,R,5086,R,0.0,R,0.0,R,5433.0,R,2063.0,R,3370.0,A,,R,0.0,R,338.0,R,158.0,R,180.0,A,,R,0.0,R,337.0,R,158.0,R,179.0,A,,R,0.0,R,1.0,R,0.0,R,1.0,A,,R,0.0,R,278.0,R,82.0,R,155.0,R,46.0,R,420.0,R,470.0,R,510.0,R,400.0,R,440.0,R,500.0,R,14.0,R,16.0,R,19.0,A,,A,,A,,A,,A,,A,
217776,1,5,1,3,5,5,5,1,3,3,5,5,R,472,R,160,R,312,A,,R,0.0,R,472.0,R,160.0,R,312.0,A,,R,0.0,R,159.0,R,55.0,R,104.0,A,,R,0.0,R,158.0,R,54.0,R,104.0,A,,R,0.0,R,1.0,R,1.0,R,0.0,A,,R,0.0,R,38.0,R,24.0,R,33.0,R,21.0,R,500.0,R,565.0,R,600.0,R,480.0,R,555.0,R,600.0,R,19.0,R,21.0,R,24.0,R,17.0,R,18.0,R,22.0,R,18.0,R,20.0,R,23.0
217819,1,1,1,1,5,3,5,1,3,5,5,3,R,26683,R,7781,R,18902,A,,R,0.0,R,19212.0,R,4962.0,R,14250.0,A,,R,0.0,R,2637.0,R,741.0,R,1896.0,A,,R,0.0,R,2627.0,R,737.0,R,1890.0,A,,R,0.0,R,10.0,R,4.0,R,6.0,A,,R,0.0,R,557.0,R,21.0,R,292.0,R,11.0,R,580.0,R,620.0,R,660.0,R,550.0,R,590.0,R,640.0,R,24.0,R,27.0,R,29.0,R,23.0,R,26.0,R,31.0,R,22.0,R,25.0,R,27.0
217864,1,5,1,1,5,3,5,3,3,3,3,5,R,2883,R,2220,R,659,S,,S,,R,2828.0,R,2182.0,R,642.0,S,,S,,R,661.0,R,573.0,R,88.0,S,,S,,R,661.0,R,573.0,R,88.0,S,,S,,R,0.0,R,0.0,R,0.0,S,,S,,R,83.0,R,13.0,R,61.0,R,9.0,R,540.0,R,600.0,R,640.0,R,540.0,R,580.0,R,610.0,R,22.0,R,24.0,R,26.0,R,21.0,R,23.0,R,25.0,R,20.0,R,23.0,R,25.0
217873,1,5,1,5,3,3,3,5,3,3,5,3,R,6999,R,1637,R,5362,A,,R,0.0,R,5078.0,R,1142.0,R,3936.0,A,,R,0.0,R,456.0,R,106.0,R,350.0,A,,R,0.0,R,456.0,R,106.0,R,350.0,A,,R,0.0,A,,A,,A,,A,,A,,A,,A,,A,,A,,A,,A,,A,,A,,A,,A,,A,,A,,A,,A,,A,,A,,A,,A,,A,
217882,1,5,1,1,5,5,5,1,3,5,5,5,R,60122,R,23462,R,36378,R,282.0,R,0.0,R,22879.0,R,8621.0,R,14146.0,R,112.0,R,0.0,R,4494.0,R,1872.0,R,2606.0,R,16.0,R,0.0,R,4488.0,R,1871.0,R,2601.0,R,16.0,R,0.0,R,6.0,R,1.0,R,5.0,R,0.0,R,0.0,R,1763.0,R,39.0,R,937.0,R,21.0,R,620.0,R,660.0,R,690.0,R,610.0,R,660.0,R,700.0,R,28.0,R,30.0,R,32.0,R,26.0,R,30.0,R,34.0,R,26.0,R,28.0,R,31.0
217907,1,3,1,1,3,3,3,1,3,3,3,3,R,1121,R,458,R,660,S,,S,,R,1090.0,R,439.0,R,648.0,S,,S,,R,172.0,R,91.0,R,81.0,S,,S,,R,169.0,R,90.0,R,79.0,S,,S,,R,3.0,R,1.0,R,2.0,S,,S,,A,,A,,A,,A,,A,,A,,A,,A,,A,,A,,A,,A,,A,,A,,A,,A,,A,,A,,A,
217925,1,3,3,3,3,3,3,1,5,3,1,3,R,372,R,167,R,205,A,,R,0.0,R,363.0,R,162.0,R,201.0,A,,R,0.0,R,116.0,R,63.0,R,53.0,A,,R,0.0,R,115.0,R,63.0,R,52.0,A,,R,0.0,R,1.0,R,0.0,R,1.0,A,,R,0.0,A,,A,,A,,A,,A,,A,,A,,A,,A,,A,,A,,A,,A,,A,,A,,A,,A,,A,,A,
217934,1,3,5,3,5,3,3,1,3,5,1,3,R,2163,R,522,R,1601,S,,S,,R,2072.0,R,497.0,R,1544.0,S,,S,,R,204.0,R,50.0,R,154.0,S,,S,,R,193.0,R,49.0,R,144.0,S,,S,,R,11.0,R,1.0,R,10.0,S,,S,,A,,A,,A,,A,,A,,A,,A,,A,,A,,A,,A,,A,,A,,A,,A,,A,,A,,A,,A,
217961,1,3,1,5,3,3,5,1,3,3,5,3,R,2628,R,753,R,1845,S,,S,,R,1682.0,R,394.0,R,1275.0,S,,S,,R,225.0,R,55.0,R,168.0,S,,S,,R,224.0,R,54.0,R,168.0,S,,S,,R,1.0,R,1.0,R,0.0,S,,S,,R,68.0,R,30.0,R,35.0,R,16.0,R,520.0,R,580.0,R,640.0,R,510.0,R,530.0,R,598.0,R,21.0,R,23.0,R,26.0,R,21.0,R,23.0,R,25.0,R,17.0,R,21.0,R,27.0
217998,1,5,1,1,5,5,3,1,3,5,5,5,R,1037,R,675,R,362,A,,R,0.0,R,628.0,R,435.0,R,193.0,A,,R,0.0,R,295.0,R,227.0,R,68.0,A,,R,0.0,R,286.0,R,220.0,R,66.0,A,,R,0.0,R,9.0,R,7.0,R,2.0,A,,R,0.0,A,,A,,A,,A,,A,,A,,A,,A,,A,,A,,A,,A,,A,,A,,A,,A,,A,,A,,A,
218061,1,5,1,5,5,3,5,1,3,3,5,3,R,3489,R,1047,R,2442,A,,R,0.0,R,2869.0,R,862.0,R,2007.0,A,,R,0.0,R,632.0,R,227.0,R,405.0,A,,R,0.0,R,627.0,R,227.0,R,400.0,A,,R,0.0,R,5.0,R,0.0,R,5.0,A,,R,0.0,R,122.0,R,19.0,R,95.0,R,15.0,R,470.0,R,530.0,R,590.0,R,430.0,R,500.0,R,548.0,R,17.0,R,20.0,R,23.0,R,16.0,R,19.0,R,22.0,R,16.0,R,18.0,R,23.0
218070,1,5,1,1,5,5,5,1,3,5,5,5,R,8406,R,3699,R,4707,S,,S,,R,4419.0,R,1736.0,R,2683.0,S,,S,,R,620.0,R,267.0,R,353.0,S,,S,,R,618.0,R,266.0,R,352.0,S,,S,,R,2.0,R,1.0,R,1.0,S,,S,,R,175.0,R,28.0,R,153.0,R,25.0,R,650.0,R,690.0,R,720.0,R,610.0,R,660.0,R,705.0,R,28.0,R,30.0,R,32.0,R,28.0,R,32.0,R,35.0,R,26.0,R,28.0,R,30.0
218229,1,1,1,1,5,3,5,1,3,3,3,3,R,5184,R,1443,R,3741,A,,R,0.0,R,3521.0,R,937.0,R,2584.0,A,,R,0.0,R,846.0,R,262.0,R,584.0,A,,R,0.0,R,839.0,R,259.0,R,580.0,A,,R,0.0,R,7.0,R,3.0,R,4.0,A,,R,0.0,R,306.0,R,36.0,R,155.0,R,18.0,R,490.0,R,540.0,R,590.0,R,470.0,R,520.0,R,570.0,R,17.0,R,20.0,R,24.0,R,15.0,R,20.0,R,23.0,R,16.0,R,18.0,R,22.0
218238,1,3,1,3,3,3,3,1,3,3,3,3,R,3075,R,1457,R,1616,S,,S,,R,3022.0,R,1432.0,R,1588.0,S,,S,,R,321.0,R,192.0,R,129.0,S,,S,,R,301.0,R,181.0,R,120.0,S,,S,,R,20.0,R,11.0,R,9.0,S,,S,,A,,A,,A,,A,,A,,A,,A,,A,,A,,A,,A,,A,,A,,A,,A,,A,,A,,A,,A,
218414,1,5,5,5,5,3,5,1,3,5,5,5,R,4269,R,1875,R,2394,S,,S,,R,3193.0,R,1366.0,R,1827.0,S,,S,,R,470.0,R,258.0,R,212.0,S,,S,,R,470.0,R,258.0,R,212.0,S,,S,,A,,A,,A,,S,,S,,R,25.0,R,5.0,R,35.0,R,7.0,R,410.0,R,470.0,R,540.0,R,410.0,R,480.0,R,520.0,R,17.0,R,20.0,R,24.0,R,16.0,R,21.0,R,24.0,R,16.0,R,18.0,R,23.0
218441,1,5,3,3,3,3,5,5,3,3,5,3,R,3243,R,1331,R,1912,A,,R,0.0,R,2036.0,R,901.0,R,1135.0,A,,R,0.0,R,438.0,R,211.0,R,227.0,A,,R,0.0,R,429.0,R,208.0,R,221.0,A,,R,0.0,R,9.0,R,3.0,R,6.0,A,,R,0.0,R,134.0,R,31.0,R,109.0,R,25.0,R,510.0,R,580.0,R,640.0,R,500.0,R,560.0,R,610.0,R,22.0,R,25.0,R,28.0,R,20.0,R,24.0,R,28.0,R,19.0,R,23.0,R,26.0
218539,1,5,1,1,5,3,5,5,3,5,5,5,R,3359,R,1594,R,1764,S,,S,,R,2430.0,R,1101.0,R,1329.0,S,,S,,R,265.0,R,134.0,R,131.0,S,,S,,R,265.0,R,134.0,R,131.0,S,,S,,A,,A,,A,,S,,S,,R,48.0,R,18.0,R,32.0,R,12.0,R,550.0,R,620.0,R,650.0,R,530.0,R,590.0,R,630.0,R,22.0,R,25.0,R,27.0,R,21.0,R,25.0,R,30.0,R,20.0,R,25.0,R,26.0
218645,1,1,1,1,3,3,5,5,3,3,3,3,R,2905,R,946,R,1959,A,,R,0.0,R,2316.0,R,736.0,R,1580.0,A,,R,0.0,R,616.0,R,224.0,R,392.0,A,,R,0.0,R,611.0,R,222.0,R,389.0,A,,R,0.0,R,5.0,R,2.0,R,3.0,A,,R,0.0,R,181.0,R,30.0,R,92.0,R,15.0,R,490.0,R,540.0,R,620.0,R,480.0,R,530.0,R,580.0,R,17.0,R,20.0,R,23.0,R,15.0,R,18.0,R,22.0,R,16.0,R,18.0,R,22.0
218654,1,3,1,1,3,3,3,3,3,3,3,3,R,2745,R,783,R,1962,A,,R,0.0,R,1899.0,R,495.0,R,1404.0,A,,R,0.0,R,503.0,R,166.0,R,337.0,A,,R,0.0,R,493.0,R,161.0,R,332.0,A,,R,0.0,R,10.0,R,5.0,R,5.0,A,,R,0.0,A,,A,,A,,A,,A,,A,,A,,A,,A,,A,,A,,A,,A,,A,,A,,A,,A,,A,,A,
218663,1,5,5,1,3,3,5,1,3,3,1,3,R,46682,R,18477,R,28205,A,,R,0.0,R,28706.0,R,10473.0,R,18233.0,A,,R,0.0,R,7319.0,R,2770.0,R,4549.0,A,,R,0.0,R,7311.0,R,2765.0,R,4546.0,A,,R,0.0,R,8.0,R,5.0,R,3.0,A,,R,0.0,R,2360.0,R,32.0,R,1219.0,R,17.0,R,600.0,R,640.0,R,690.0,R,580.0,R,630.0,R,690.0,R,26.0,R,29.0,R,32.0,R,25.0,R,29.0,R,34.0,R,24.0,R,27.0,R,29.0
218672,1,3,1,1,3,3,3,3,3,3,3,3,R,646,R,301,R,345,A,,R,0.0,R,490.0,R,240.0,R,250.0,A,,R,0.0,R,341.0,R,172.0,R,169.0,A,,R,0.0,R,337.0,R,170.0,R,167.0,A,,R,0.0,R,4.0,R,2.0,R,2.0,A,,R,0.0,A,,A,,A,,A,,A,,A,,A,,A,,A,,A,,A,,A,,A,,A,,A,,A,,A,,A,,A,
218681,1,3,1,1,3,3,3,3,3,3,3,3,R,700,R,315,R,385,A,,R,0.0,R,534.0,R,250.0,R,284.0,A,,R,0.0,R,157.0,R,85.0,R,72.0,A,,R,0.0,R,148.0,R,83.0,R,65.0,A,,R,0.0,R,9.0,R,2.0,R,7.0,A,,R,0.0,A,,A,,A,,A,,A,,A,,A,,A,,A,,A,,A,,A,,A,,A,,A,,A,,A,,A,,A,
218690,1,3,1,1,3,3,3,3,3,3,3,3,R,594,R,227,R,367,A,,R,0.0,R,453.0,R,183.0,R,270.0,A,,R,0.0,R,278.0,R,118.0,R,160.0,A,,R,0.0,R,273.0,R,116.0,R,157.0,A,,R,0.0,R,5.0,R,2.0,R,3.0,A,,R,0.0,A,,A,,A,,A,,A,,A,,A,,A,,A,,A,,A,,A,,A,,A,,A,,A,,A,,A,,A,
218706,1,3,1,1,3,3,3,3,3,3,3,3,R,269,R,139,R,130,A,,R,0.0,R,188.0,R,105.0,R,83.0,A,,R,0.0,R,124.0,R,78.0,R,46.0,A,,R,0.0,R,123.0,R,77.0,R,46.0,A,,R,0.0,R,1.0,R,1.0,R,0.0,A,,R,0.0,A,,A,,A,,A,,A,,A,,A,,A,,A,,A,,A,,A,,A,,A,,A,,A,,A,,A,,A,
218724,1,5,1,1,5,3,5,1,3,5,5,3,R,18223,R,7780,R,10314,R,129.0,R,0.0,R,14613.0,R,5971.0,R,8558.0,R,84.0,R,0.0,R,2775.0,R,1203.0,R,1572.0,R,0.0,R,0.0,R,2769.0,R,1200.0,R,1569.0,A,,R,0.0,R,6.0,R,3.0,R,3.0,A,,R,0.0,R,726.0,R,26.0,R,248.0,R,9.0,R,530.0,R,570.0,R,610.0,R,520.0,R,550.0,R,600.0,R,20.0,R,23.0,R,26.0,R,19.0,R,22.0,R,24.0,R,18.0,R,21.0,R,25.0
218733,1,5,1,5,5,3,3,1,3,5,5,3,R,9830,R,3522,R,6308,A,,R,0.0,R,8034.0,R,2910.0,R,5124.0,A,,R,0.0,R,1079.0,R,476.0,R,603.0,A,,R,0.0,R,1029.0,R,449.0,R,580.0,A,,R,0.0,R,50.0,R,27.0,R,23.0,A,,R,0.0,A,,A,,A,,A,,A,,A,,A,,A,,A,,A,,A,,A,,A,,A,,A,,A,,A,,A,,A,
218742,3,3,1,1,3,3,5,5,3,3,3,3,R,3557,R,1157,R,2400,A,,R,0.0,R,2476.0,R,771.0,R,1705.0,A,,R,0.0,R,674.0,R,224.0,R,450.0,A,,R,0.0,R,670.0,R,222.0,R,448.0,A,,R,0.0,R,4.0,R,2.0,R,2.0,A,,R,0.0,R,41.0,R,6.0,R,23.0,R,3.0,R,510.0,R,550.0,R,610.0,R,490.0,R,510.0,R,560.0,R,19.0,R,22.0,R,25.0,R,18.0,R,21.0,R,24.0,R,16.0,R,23.0,R,24.0
218821,1,3,1,3,3,3,3,1,3,3,3,3,R,1946,R,765,R,1181,A,,R,0.0,R,1584.0,R,587.0,R,997.0,A,,R,0.0,R,450.0,R,203.0,R,247.0,A,,R,0.0,R,443.0,R,201.0,R,242.0,A,,R,0.0,R,7.0,R,2.0,R,5.0,A,,R,0.0,A,,A,,A,,A,,A,,A,,A,,A,,A,,A,,A,,A,,A,,A,,A,,A,,A,,A,,A,
218964,1,3,1,1,5,3,5,1,3,3,5,3,R,5858,R,1795,R,4063,A,,R,0.0,R,4397.0,R,1312.0,R,3085.0,A,,R,0.0,R,867.0,R,267.0,R,600.0,A,,R,0.0,R,864.0,R,265.0,R,599.0,A,,R,0.0,R,3.0,R,2.0,R,1.0,A,,R,0.0,R,226.0,R,26.0,R,157.0,R,18.0,R,520.0,R,580.0,R,630.0,R,490.0,R,540.0,R,590.0,R,20.0,R,23.0,R,26.0,A,,A,,A,,A,,A,,A,
218973,1,5,1,5,5,5,5,1,3,5,1,5,R,4183,R,1928,R,2255,R,0.0,R,0.0,R,2451.0,R,996.0,R,1455.0,A,,R,0.0,R,510.0,R,229.0,R,281.0,A,,R,0.0,R,509.0,R,229.0,R,280.0,A,,R,0.0,R,1.0,R,0.0,R,1.0,A,,R,0.0,R,161.0,R,32.0,R,108.0,R,21.0,R,610.0,R,647.0,R,680.0,R,590.0,R,634.0,R,670.0,R,27.0,R,28.0,R,31.0,R,26.0,R,29.0,R,33.0,R,7.0,R,8.0,R,9.0
219000,1,5,1,5,5,3,5,1,3,5,5,3,R,3330,R,1638,R,1678,S,,S,,R,1973.0,R,852.0,R,1117.0,S,,S,,R,456.0,R,177.0,R,275.0,S,,S,,R,454.0,R,177.0,R,273.0,S,,S,,R,2.0,Z,0.0,R,2.0,S,,S,,R,28.0,R,6.0,R,272.0,R,60.0,R,530.0,R,570.0,R,640.0,R,545.0,R,590.0,R,650.0,R,21.0,R,24.0,R,27.0,R,20.0,R,23.0,R,26.0,R,20.0,R,24.0,R,26.0
219046,1,1,1,1,3,3,5,3,3,3,3,3,R,1617,R,526,R,1091,A,,R,0.0,R,1527.0,R,500.0,R,1027.0,A,,R,0.0,R,489.0,R,170.0,R,319.0,A,,R,0.0,R,453.0,R,161.0,R,292.0,A,,R,0.0,R,36.0,R,9.0,R,27.0,A,,R,0.0,R,2.0,R,1.0,R,356.0,R,73.0,S,,S,,S,,S,,S,,S,,R,18.0,R,20.0,R,23.0,R,16.0,R,20.0,R,22.0,R,16.0,R,19.0,R,23.0
219082,1,1,1,3,3,3,5,1,3,3,3,3,R,988,R,608,R,366,A,,R,14.0,R,967.0,R,597.0,R,356.0,A,,R,14.0,R,394.0,R,278.0,R,116.0,A,,R,0.0,R,388.0,R,273.0,R,115.0,A,,R,0.0,R,6.0,R,5.0,R,1.0,A,,R,0.0,R,43.0,R,11.0,R,306.0,R,78.0,R,490.0,R,590.0,R,660.0,R,530.0,R,600.0,R,680.0,R,20.0,R,22.0,R,26.0,R,18.0,R,21.0,R,24.0,R,18.0,R,23.0,R,27.0
219091,1,3,1,3,3,3,3,1,3,3,3,3,R,1153,R,688,R,465,A,,R,0.0,R,839.0,R,498.0,R,341.0,A,,R,0.0,R,184.0,R,101.0,R,83.0,A,,R,0.0,R,184.0,R,101.0,R,83.0,A,,R,0.0,R,0.0,R,0.0,R,0.0,A,,R,0.0,A,,A,,A,,A,,A,,A,,A,,A,,A,,A,,A,,A,,A,,A,,A,,A,,A,,A,,A,
219198,1,5,1,3,3,3,5,5,3,3,3,3,R,1290,R,809,R,481,A,,R,0.0,R,621.0,R,376.0,R,245.0,A,,R,0.0,R,163.0,R,87.0,R,76.0,A,,R,0.0,R,148.0,R,72.0,R,76.0,A,,R,0.0,R,15.0,R,15.0,R,0.0,A,,R,0.0,A,,A,,R,96.0,R,59.0,A,,A,,A,,A,,A,,A,,R,19.0,R,22.0,R,24.0,A,,A,,A,,A,,A,,A,
219240,5,3,5,3,1,3,5,5,3,5,5,3,R,35,R,19,R,16,A,,R,0.0,R,26.0,R,12.0,R,14.0,A,,R,0.0,R,4.0,R,4.0,R,0.0,A,,R,0.0,A,,A,,A,,A,,A,,R,4.0,R,4.0,A,,A,,R,0.0,R,0.0,R,0.0,R,0.0,R,0.0,A,,A,,A,,A,,A,,A,,A,,A,,A,,A,,A,,A,,A,,A,,A,
219259,1,1,1,1,5,3,5,1,3,3,5,3,R,1082,R,444,R,638,R,0.0,R,0.0,R,1004.0,R,408.0,R,596.0,A,,R,0.0,R,319.0,R,134.0,R,185.0,A,,R,0.0,R,305.0,R,128.0,R,177.0,A,,R,0.0,R,14.0,R,6.0,R,8.0,A,,R,0.0,R,2.0,R,1.0,R,260.0,R,82.0,S,,S,,S,,S,,S,,S,,R,18.0,R,21.0,R,24.0,R,16.0,R,20.0,R,23.0,R,17.0,R,21.0,R,25.0
219347,5,3,1,5,3,3,5,1,3,3,5,3,R,1539,R,1147,R,392,R,0.0,R,0.0,R,1312.0,R,988.0,R,324.0,A,,R,0.0,R,496.0,R,397.0,R,99.0,A,,R,0.0,R,484.0,R,386.0,R,98.0,A,,R,0.0,R,12.0,R,11.0,R,1.0,A,,R,0.0,R,123.0,R,26.0,R,372.0,R,78.0,R,560.0,R,610.0,R,650.0,R,570.0,R,620.0,R,670.0,R,23.0,R,26.0,R,29.0,R,21.0,R,24.0,R,28.0,R,24.0,R,27.0,R,29.0
219356,1,1,1,1,5,3,5,1,3,3,5,3,R,5884,R,2642,R,3242,A,,R,0.0,R,5808.0,R,2607.0,R,3201.0,A,,R,0.0,R,2274.0,R,1039.0,R,1235.0,A,,R,0.0,R,2207.0,R,1013.0,R,1194.0,A,,R,0.0,R,67.0,R,26.0,R,41.0,A,,R,0.0,R,43.0,R,2.0,R,1840.0,R,81.0,R,520.0,R,570.0,R,640.0,R,520.0,R,580.0,R,660.0,R,19.0,R,22.0,R,26.0,R,18.0,R,21.0,R,25.0,R,18.0,R,23.0,R,26.0
219383,1,3,3,5,3,3,3,3,3,3,3,3,R,2478,R,888,R,1563,A,,R,27.0,R,2034.0,R,733.0,R,1281.0,A,,R,20.0,R,310.0,R,120.0,R,190.0,A,,R,0.0,R,308.0,R,119.0,R,189.0,A,,R,0.0,R,2.0,R,1.0,R,1.0,A,,R,0.0,A,,A,,A,,A,,A,,A,,A,,A,,A,,A,,A,,A,,A,,A,,A,,A,,A,,A,,A,
219471,5,5,1,1,5,3,5,1,3,3,3,3,R,5349,R,1964,R,3385,A,,R,0.0,R,5293.0,R,1925.0,R,3368.0,A,,R,0.0,R,1359.0,R,451.0,R,908.0,A,,R,0.0,R,1327.0,R,441.0,R,886.0,A,,R,0.0,R,32.0,R,10.0,R,22.0,A,,R,0.0,R,30.0,R,2.0,R,998.0,R,73.0,R,570.0,R,610.0,R,650.0,R,540.0,R,585.0,R,680.0,R,19.0,R,22.0,R,25.0,R,18.0,R,22.0,R,25.0,R,18.0,R,22.0,R,25.0
219602,1,3,1,3,3,3,5,1,3,3,3,3,R,5559,R,2081,R,3466,R,12.0,R,0.0,R,5334.0,R,1991.0,R,3337.0,R,6.0,R,0.0,R,1645.0,R,652.0,R,993.0,R,0.0,R,0.0,R,1444.0,R,538.0,R,906.0,A,,R,0.0,R,201.0,R,114.0,R,87.0,A,,R,0.0,R,29.0,R,2.0,R,811.0,R,49.0,R,468.0,R,525.0,R,575.0,R,475.0,R,520.0,R,590.0,R,18.0,R,20.0,R,23.0,R,16.0,R,20.0,R,23.0,R,16.0,R,18.0,R,22.0
219639,1,3,1,5,3,3,1,1,3,3,3,3,R,152,R,16,R,136,A,,R,0.0,R,103.0,R,12.0,R,91.0,A,,R,0.0,R,43.0,R,4.0,R,39.0,A,,R,0.0,R,38.0,R,3.0,R,35.0,A,,R,0.0,R,5.0,R,1.0,R,4.0,A,,R,0.0,Z,0.0,Z,0.0,R,43.0,R,100.0,A,,A,,A,,A,,A,,A,,R,19.0,R,20.0,R,21.0,R,19.0,R,20.0,R,22.0,R,17.0,R,20.0,R,22.0
219709,1,5,1,1,1,3,5,1,3,5,5,5,R,8950,R,2829,R,6121,A,,R,0.0,R,8624.0,R,2691.0,R,5933.0,A,,R,0.0,R,1669.0,R,578.0,R,1091.0,A,,R,0.0,R,1662.0,R,577.0,R,1085.0,A,,R,0.0,R,7.0,R,1.0,R,6.0,A,,R,0.0,R,338.0,R,20.0,R,716.0,R,43.0,R,600.0,R,640.0,R,690.0,R,560.0,R,610.0,R,660.0,R,23.0,R,27.0,R,30.0,R,23.0,R,28.0,R,33.0,R,22.0,R,25.0,R,27.0
219718,1,1,3,5,3,3,5,5,3,5,3,3,R,3318,R,1330,R,1988,R,0.0,R,0.0,R,3224.0,R,1277.0,R,1947.0,A,,R,0.0,R,402.0,R,233.0,R,169.0,A,,R,0.0,R,369.0,R,219.0,R,150.0,A,,R,0.0,R,33.0,R,14.0,R,19.0,A,,R,0.0,R,101.0,R,25.0,R,402.0,R,100.0,R,300.0,R,475.0,R,525.0,R,325.0,R,500.0,R,575.0,R,16.0,R,20.0,R,24.0,R,16.0,R,19.0,R,24.0,R,16.0,R,20.0,R,24.0
219806,1,3,1,1,5,3,5,1,3,5,5,3,R,2991,R,1286,R,1705,R,0.0,R,0.0,R,2042.0,R,857.0,R,1185.0,A,,R,0.0,R,367.0,R,197.0,R,170.0,A,,R,0.0,R,360.0,R,191.0,R,169.0,A,,R,0.0,R,7.0,R,6.0,R,1.0,A,,R,0.0,R,35.0,R,10.0,R,264.0,R,72.0,R,480.0,R,520.0,R,570.0,R,460.0,R,520.0,R,560.0,R,19.0,R,22.0,R,25.0,R,17.0,R,21.0,R,25.0,R,17.0,R,20.0,R,24.0
219833,1,5,1,5,5,3,5,1,3,3,1,5,R,1105,R,487,R,616,A,,R,2.0,R,977.0,R,433.0,R,542.0,A,,R,2.0,R,200.0,R,84.0,R,116.0,A,,R,0.0,R,199.0,R,84.0,R,115.0,A,,R,0.0,R,1.0,R,0.0,R,1.0,A,,R,0.0,R,15.0,R,8.0,R,112.0,R,56.0,R,540.0,R,605.0,R,640.0,R,500.0,R,610.0,R,660.0,R,18.0,R,20.0,R,23.0,R,18.0,R,21.0,R,24.0,R,17.0,R,18.0,R,23.0
219903,3,3,1,3,3,3,3,3,1,5,3,3,R,597,R,42,R,555,R,0.0,R,0.0,R,438.0,R,28.0,R,410.0,A,,R,0.0,R,351.0,R,23.0,R,328.0,A,,R,0.0,R,351.0,R,23.0,R,328.0,A,,R,0.0,A,,A,,A,,A,,A,,A,,A,,A,,A,,A,,A,,A,,A,,A,,A,,A,,A,,A,,A,,A,,A,,A,,A,,A,
219949,1,5,1,5,5,5,3,1,3,3,5,3,R,2788,R,1150,R,1638,R,0.0,R,0.0,R,1868.0,R,748.0,R,1120.0,A,,R,0.0,R,673.0,R,328.0,R,345.0,A,,R,0.0,R,667.0,R,325.0,R,342.0,A,,R,0.0,R,6.0,R,3.0,R,3.0,A,,R,0.0,A,,A,,A,,A,,A,,A,,A,,A,,A,,A,,A,,A,,A,,A,,A,,A,,A,,A,,A,
219976,1,5,1,3,1,3,5,1,3,3,1,5,R,4244,R,1576,R,2668,A,,R,0.0,R,2828.0,R,1024.0,R,1804.0,A,,R,0.0,R,711.0,R,266.0,R,445.0,A,,R,0.0,R,705.0,R,263.0,R,442.0,A,,R,0.0,R,6.0,R,3.0,R,3.0,A,,R,0.0,R,96.0,R,14.0,R,342.0,R,48.0,R,580.0,R,620.0,R,680.0,R,565.0,R,620.0,R,670.0,R,22.0,R,26.0,R,29.0,R,22.0,R,26.0,R,31.0,R,21.0,R,25.0,R,27.0
220075,1,3,1,1,3,3,5,1,3,3,3,5,R,9903,R,3355,R,6545,A,,R,3.0,R,8622.0,R,2880.0,R,5741.0,A,,R,1.0,R,2141.0,R,782.0,R,1359.0,A,,R,0.0,R,2096.0,R,764.0,R,1332.0,A,,R,0.0,R,45.0,R,18.0,R,27.0,A,,R,0.0,R,150.0,R,7.0,R,1713.0,R,80.0,R,490.0,R,540.0,R,600.0,R,460.0,R,510.0,R,570.0,R,19.0,R,22.0,R,26.0,R,19.0,R,22.0,R,25.0,R,17.0,R,21.0,R,25.0
220181,1,5,1,5,5,3,5,1,3,5,5,5,R,7982,R,2530,R,5195,Z,0.0,R,257.0,R,4622.0,R,1242.0,R,3380.0,A,,R,0.0,R,320.0,R,97.0,R,223.0,A,,R,0.0,R,314.0,R,94.0,R,220.0,A,,R,0.0,R,6.0,R,3.0,R,3.0,A,,R,0.0,R,98.0,R,52.0,R,79.0,R,25.0,R,590.0,R,635.0,R,700.0,R,570.0,R,695.0,R,780.0,R,20.0,R,22.0,R,25.0,R,21.0,R,22.0,R,26.0,R,17.0,R,20.0,R,23.0
220215,1,3,1,3,5,3,5,1,3,3,5,3,R,1077,R,393,R,683,S,,S,,R,976.0,R,363.0,R,612.0,S,,S,,R,269.0,R,118.0,R,151.0,S,,S,,R,268.0,R,118.0,R,150.0,S,,S,,R,1.0,R,0.0,R,1.0,S,,S,,R,28.0,R,11.0,R,240.0,R,89.0,R,467.0,R,505.0,R,542.0,R,467.0,R,505.0,R,542.0,R,19.0,R,22.0,R,26.0,R,18.0,R,22.0,R,26.0,R,17.0,R,20.0,R,24.0
220464,5,3,5,5,1,3,1,3,3,5,3,3,R,31,R,6,R,25,R,0.0,R,0.0,R,26.0,R,6.0,R,20.0,A,,R,0.0,R,18.0,R,6.0,R,12.0,A,,R,0.0,R,16.0,R,6.0,R,10.0,A,,R,0.0,R,2.0,R,0.0,R,2.0,A,,R,0.0,R,0.0,R,0.0,R,18.0,R,100.0,A,,A,,A,,A,,A,,A,,R,18.0,R,20.0,R,23.0,R,16.0,R,20.0,R,23.0,R,15.0,R,17.0,R,20.0
220473,1,3,1,5,1,5,1,1,3,5,1,5,R,610,R,243,R,367,A,,R,0.0,R,328.0,R,127.0,R,201.0,A,,R,0.0,R,181.0,R,67.0,R,114.0,A,,R,0.0,R,170.0,R,61.0,R,109.0,A,,R,0.0,R,11.0,R,6.0,R,5.0,A,,R,0.0,R,33.0,R,22.0,R,116.0,R,67.0,R,460.0,R,500.0,R,530.0,R,430.0,R,510.0,R,560.0,R,19.0,R,21.0,R,24.0,R,19.0,R,21.0,R,24.0,R,17.0,R,19.0,R,24.0
220516,1,3,1,3,3,5,3,1,3,3,3,3,R,1195,R,464,R,731,S,,S,,R,650.0,R,249.0,R,401.0,S,,S,,R,166.0,R,77.0,R,89.0,S,,S,,R,163.0,R,75.0,R,88.0,S,,S,,R,3.0,R,2.0,R,1.0,S,,S,,A,,A,,A,,A,,A,,A,,A,,A,,A,,A,,A,,A,,A,,A,,A,,A,,A,,A,,A,
220604,1,3,1,3,3,3,3,5,3,3,3,3,R,212,R,79,R,133,A,,R,0.0,R,206.0,R,76.0,R,130.0,A,,R,0.0,R,159.0,R,64.0,R,95.0,A,,R,0.0,R,129.0,R,52.0,R,77.0,A,,R,0.0,R,30.0,R,12.0,R,18.0,A,,R,0.0,A,,A,,A,,A,,A,,A,,A,,A,,A,,A,,A,,A,,A,,A,,A,,A,,A,,A,,A,
220613,1,3,1,5,5,3,5,1,3,3,5,3,R,2150,R,687,R,1463,R,0.0,R,0.0,R,1552.0,R,493.0,R,1059.0,A,,R,0.0,R,553.0,R,186.0,R,367.0,A,,R,0.0,R,547.0,R,184.0,R,363.0,A,,R,0.0,R,6.0,R,2.0,R,4.0,A,,R,0.0,R,112.0,R,20.0,R,420.0,R,76.0,R,520.0,R,580.0,R,630.0,R,500.0,R,540.0,R,610.0,R,20.0,R,23.0,R,26.0,R,20.0,R,24.0,R,28.0,R,17.0,R,21.0,R,25.0
220631,1,3,1,3,3,3,5,1,3,3,3,3,R,4007,R,1316,R,2667,A,,R,24.0,R,2375.0,R,700.0,R,1663.0,A,,R,12.0,R,368.0,R,118.0,R,250.0,A,,R,0.0,R,350.0,R,116.0,R,234.0,A,,R,0.0,R,18.0,R,2.0,R,16.0,A,,R,0.0,R,38.0,R,10.0,R,263.0,R,71.0,R,493.0,R,545.0,R,610.0,R,513.0,R,565.0,R,610.0,R,19.0,R,21.0,R,24.0,R,18.0,R,21.0,R,24.0,R,17.0,R,20.0,R,24.0
220701,1,3,1,3,3,3,1,1,3,3,3,3,R,613,R,197,R,416,A,,R,0.0,R,507.0,R,167.0,R,340.0,A,,R,0.0,R,185.0,R,77.0,R,108.0,A,,R,0.0,R,184.0,R,77.0,R,107.0,A,,R,0.0,R,1.0,R,0.0,R,1.0,A,,R,0.0,R,11.0,R,6.0,R,169.0,R,91.0,R,480.0,R,530.0,R,565.0,R,515.0,R,530.0,R,585.0,R,19.0,R,21.0,R,23.0,R,18.0,R,22.0,R,24.0,R,17.0,R,19.0,R,22.0
220710,1,5,1,1,5,3,5,5,5,3,5,3,R,2809,R,1202,R,1584,S,,S,,R,1845.0,R,725.0,R,1104.0,S,,S,,R,317.0,R,141.0,R,175.0,S,,S,,R,317.0,R,141.0,R,175.0,S,,S,,R,0.0,R,0.0,R,0.0,S,,S,,R,26.0,R,8.0,R,245.0,R,77.0,R,513.0,R,545.0,R,590.0,R,505.0,R,550.0,R,598.0,R,20.0,R,24.0,R,28.0,R,19.0,R,23.0,R,29.0,R,17.0,R,22.0,R,26.0
220862,1,5,1,5,5,5,5,1,3,5,5,5,R,15640,R,5888,R,9748,A,,R,4.0,R,14605.0,R,5418.0,R,9183.0,A,,R,4.0,R,2591.0,R,1057.0,R,1534.0,A,,R,0.0,R,2535.0,R,1035.0,R,1500.0,A,,R,0.0,R,56.0,R,22.0,R,34.0,A,,R,0.0,R,84.0,R,3.0,R,2006.0,R,77.0,R,465.0,R,540.0,R,615.0,R,440.0,R,530.0,R,590.0,R,17.0,R,20.0,R,24.0,R,16.0,R,20.0,R,24.0,R,16.0,R,18.0,R,23.0
220978,1,3,1,5,5,3,1,5,3,5,5,3,R,14763,R,6390,R,8373,A,,R,0.0,R,10039.0,R,4346.0,R,5693.0,A,,R,0.0,R,3126.0,R,1533.0,R,1593.0,A,,R,0.0,R,3070.0,R,1508.0,R,1562.0,A,,R,0.0,R,56.0,R,25.0,R,31.0,A,,R,0.0,R,221.0,R,7.0,R,2880.0,R,92.0,R,510.0,R,560.0,R,630.0,R,490.0,R,540.0,R,600.0,R,19.0,R,22.0,R,26.0,R,19.0,R,22.0,R,26.0,R,17.0,R,20.0,R,24.0
221351,1,5,1,1,1,5,5,1,3,5,1,5,R,6025,R,2653,R,3251,R,121.0,R,0.0,R,2993.0,R,1204.0,R,1723.0,R,66.0,R,0.0,R,483.0,R,215.0,R,256.0,R,12.0,R,0.0,R,482.0,R,215.0,R,255.0,R,12.0,R,0.0,R,1.0,R,0.0,R,1.0,R,0.0,R,0.0,R,38.0,R,8.0,R,107.0,R,22.0,R,650.0,R,690.0,R,730.0,R,640.0,R,710.0,R,760.0,R,28.0,R,30.0,R,33.0,R,30.0,R,34.0,R,35.0,R,26.0,R,28.0,R,31.0
221519,1,5,1,1,1,5,5,1,3,5,1,5,R,5018,R,2365,R,2601,R,52.0,R,0.0,R,2554.0,R,1057.0,R,1472.0,R,25.0,R,0.0,R,449.0,R,200.0,R,241.0,R,8.0,R,0.0,R,449.0,R,200.0,R,241.0,R,8.0,R,0.0,A,,A,,A,,A,,A,,R,78.0,R,17.0,R,176.0,R,39.0,R,633.0,R,660.0,R,710.0,R,603.0,R,645.0,R,688.0,R,27.0,R,29.0,R,32.0,R,29.0,R,33.0,R,35.0,R,25.0,R,27.0,R,29.0
221661,1,3,1,5,3,3,5,1,3,3,5,3,R,2731,R,1143,R,1421,A,,R,167.0,R,1819.0,R,789.0,R,1029.0,A,,R,1.0,R,758.0,R,347.0,R,411.0,A,,R,0.0,R,750.0,R,342.0,R,408.0,A,,R,0.0,R,8.0,R,5.0,R,3.0,A,,R,0.0,R,321.0,R,42.0,R,486.0,R,64.0,R,500.0,R,570.0,R,650.0,R,470.0,R,540.0,R,620.0,R,18.0,R,22.0,R,26.0,R,18.0,R,22.0,R,27.0,R,17.0,R,20.0,R,25.0
221731,1,5,1,5,5,3,5,1,3,5,5,3,R,988,R,338,R,650,A,,R,0.0,R,587.0,R,196.0,R,391.0,A,,R,0.0,R,168.0,R,69.0,R,99.0,A,,R,0.0,R,168.0,R,69.0,R,99.0,A,,R,0.0,R,0.0,R,0.0,R,0.0,A,,R,0.0,R,10.0,R,6.0,R,143.0,R,85.0,R,470.0,R,550.0,R,570.0,R,490.0,R,510.0,R,530.0,R,17.0,R,20.0,R,23.0,R,16.0,R,20.0,R,24.0,R,16.0,R,19.0,R,22.0
221740,1,3,1,5,3,3,1,1,3,3,3,3,R,9096,R,3188,R,5754,R,0.0,R,154.0,R,7006.0,R,2547.0,R,4459.0,A,,R,0.0,R,2381.0,R,968.0,R,1413.0,A,,R,0.0,R,2359.0,R,958.0,R,1401.0,A,,R,0.0,R,22.0,R,10.0,R,12.0,A,,R,0.0,R,155.0,R,7.0,R,2231.0,R,94.0,R,510.0,R,550.0,R,605.0,R,495.0,R,530.0,R,580.0,R,20.0,R,22.0,R,25.0,R,19.0,R,22.0,R,25.0,R,17.0,R,20.0,R,24.0
221759,1,1,1,5,5,5,1,1,3,5,1,3,R,50488,R,20334,R,30154,A,,R,0.0,R,23221.0,R,9363.0,R,13858.0,A,,R,0.0,R,6694.0,R,3035.0,R,3659.0,A,,R,0.0,R,6689.0,R,3031.0,R,3658.0,A,,R,0.0,R,5.0,R,4.0,R,1.0,A,,R,0.0,R,1877.0,R,28.0,R,5236.0,R,78.0,R,600.0,R,630.0,R,670.0,R,590.0,R,630.0,R,670.0,R,25.0,R,28.0,R,31.0,R,24.0,R,28.0,R,32.0,R,24.0,R,26.0,R,29.0
221768,1,3,1,1,3,3,1,1,3,3,3,3,R,5199,R,1658,R,3513,R,15.0,R,13.0,R,4540.0,R,1403.0,R,3112.0,R,15.0,R,10.0,R,1118.0,R,390.0,R,716.0,R,12.0,R,0.0,R,1113.0,R,387.0,R,714.0,R,12.0,R,0.0,R,5.0,R,3.0,R,2.0,R,0.0,R,0.0,R,35.0,R,3.0,R,1108.0,R,99.0,R,500.0,R,560.0,R,620.0,R,500.0,R,530.0,R,590.0,R,19.0,R,21.0,R,24.0,R,18.0,R,21.0,R,25.0,R,17.0,R,20.0,R,24.0
221838,1,3,1,5,5,5,5,5,5,5,5,3,R,12890,R,4138,R,8729,R,0.0,R,23.0,R,11940.0,R,3739.0,R,8180.0,A,,R,21.0,R,1770.0,R,606.0,R,1164.0,A,,R,0.0,R,1734.0,R,586.0,R,1148.0,A,,R,0.0,R,36.0,R,20.0,R,16.0,A,,R,0.0,R,56.0,R,3.0,R,631.0,R,36.0,R,433.0,R,500.0,R,538.0,R,423.0,R,485.0,R,530.0,R,16.0,R,19.0,R,21.0,R,14.0,R,18.0,R,21.0,R,15.0,R,17.0,R,20.0
221847,1,3,1,1,3,3,5,1,3,3,5,3,R,8772,R,4162,R,4610,A,,R,0.0,R,7295.0,R,3556.0,R,3739.0,A,,R,0.0,R,1988.0,R,1098.0,R,890.0,A,,R,0.0,R,1984.0,R,1096.0,R,888.0,A,,R,0.0,R,4.0,R,2.0,R,2.0,A,,R,0.0,R,7.0,R,1.0,R,135.0,R,7.0,R,520.0,R,560.0,R,620.0,R,500.0,R,550.0,R,630.0,R,20.0,R,23.0,R,27.0,R,20.0,R,23.0,R,27.0,R,18.0,R,23.0,R,26.0
221892,1,5,5,3,5,3,5,1,3,3,3,3,R,1958,R,742,R,1216,A,,R,0.0,R,1371.0,R,466.0,R,905.0,A,,R,0.0,R,375.0,R,144.0,R,231.0,A,,R,0.0,R,375.0,R,144.0,R,231.0,A,,R,0.0,R,0.0,R,0.0,R,0.0,A,,R,0.0,R,72.0,R,19.0,R,283.0,R,76.0,R,488.0,R,550.0,R,600.0,R,485.0,R,540.0,R,593.0,R,18.0,R,21.0,R,24.0,R,18.0,R,21.0,R,25.0,R,16.0,R,19.0,R,24.0
221953,1,5,1,1,5,3,3,1,3,5,5,3,R,758,R,375,R,283,A,,R,100.0,R,458.0,R,243.0,R,215.0,A,,R,0.0,R,216.0,R,134.0,R,82.0,A,,R,0.0,R,210.0,R,133.0,R,77.0,A,,R,0.0,R,6.0,R,1.0,R,5.0,A,,R,0.0,A,,A,,A,,A,,A,,A,,A,,A,,A,,A,,A,,A,,A,,A,,A,,A,,A,,A,,A,
221971,1,5,1,1,5,3,5,1,3,3,5,5,R,3012,R,873,R,2139,R,0.0,R,0.0,R,1421.0,R,448.0,R,973.0,A,,R,0.0,R,323.0,R,122.0,R,201.0,A,,R,0.0,R,311.0,R,118.0,R,193.0,A,,R,0.0,R,12.0,R,4.0,R,8.0,A,,R,0.0,R,36.0,R,11.0,R,259.0,R,80.0,R,540.0,R,620.0,R,690.0,R,490.0,R,570.0,R,650.0,R,22.0,R,26.0,R,29.0,R,22.0,R,25.0,R,30.0,R,19.0,R,23.0,R,27.0
221999,1,5,1,1,1,3,5,1,3,5,1,5,R,45313,R,20136,R,25177,A,,R,0.0,R,2844.0,R,1360.0,R,1484.0,A,,R,0.0,R,1622.0,R,776.0,R,846.0,A,,R,0.0,R,1619.0,R,775.0,R,844.0,A,,R,0.0,R,3.0,R,1.0,R,2.0,A,,R,0.0,R,406.0,R,25.0,R,428.0,R,26.0,R,740.0,R,760.0,R,770.0,R,770.0,R,780.0,R,790.0,R,34.0,R,35.0,R,35.0,R,35.0,R,35.0,R,36.0,R,32.0,R,34.0,R,35.0
222178,1,5,1,5,3,5,5,1,3,3,5,5,R,10510,R,4297,R,6213,A,,R,0.0,R,6714.0,R,2498.0,R,4216.0,A,,R,0.0,R,862.0,R,358.0,R,504.0,A,,R,0.0,R,862.0,R,358.0,R,504.0,A,,R,0.0,A,,A,,A,,A,,A,,R,401.0,R,47.0,R,242.0,R,28.0,R,540.0,R,590.0,R,650.0,R,520.0,R,580.0,R,640.0,R,22.0,R,25.0,R,28.0,R,21.0,R,24.0,R,29.0,R,20.0,R,24.0,R,27.0
222831,1,1,1,3,3,3,5,1,3,3,5,3,R,4660,R,1976,R,2684,A,,R,0.0,R,3692.0,R,1554.0,R,2138.0,A,,R,0.0,R,1442.0,R,675.0,R,767.0,A,,R,0.0,R,1423.0,R,663.0,R,760.0,A,,R,0.0,R,19.0,R,12.0,R,7.0,A,,R,0.0,R,658.0,R,46.0,R,452.0,R,31.0,R,470.0,R,520.0,R,580.0,R,450.0,R,500.0,R,560.0,R,17.0,R,21.0,R,24.0,R,15.0,R,20.0,R,23.0,R,17.0,R,20.0,R,24.0
222983,1,5,1,5,1,5,5,5,3,5,1,3,R,5474,R,2400,R,2717,R,113.0,R,244.0,R,2554.0,R,956.0,R,1429.0,R,52.0,R,117.0,R,296.0,R,132.0,R,156.0,R,8.0,R,0.0,R,296.0,R,132.0,R,156.0,R,8.0,R,0.0,A,,A,,A,,A,,A,,R,56.0,R,19.0,R,30.0,R,10.0,R,590.0,R,620.0,R,680.0,R,580.0,R,610.0,R,660.0,R,26.0,R,29.0,R,32.0,R,24.0,R,29.0,R,33.0,R,22.0,R,25.0,R,29.0
223083,3,3,3,3,3,3,3,3,1,3,3,3,R,1,R,0,R,1,A,,R,0.0,R,0.0,A,,R,0.0,A,,R,0.0,A,,A,,A,,A,,R,0.0,A,,A,,A,,A,,R,0.0,A,,A,,A,,A,,A,,A,,A,,A,,A,,A,,A,,A,,A,,A,,A,,A,,A,,A,,A,,A,,A,,A,,A,,A,
223117,3,3,3,3,1,5,3,1,3,1,1,5,R,13,R,10,R,3,A,,R,0.0,R,3.0,R,2.0,R,1.0,A,,R,0.0,R,3.0,R,2.0,R,1.0,A,,R,0.0,R,0.0,R,0.0,R,0.0,A,,R,0.0,R,3.0,R,2.0,R,1.0,A,,R,0.0,A,,A,,A,,A,,A,,A,,A,,A,,A,,A,,A,,A,,A,,A,,A,,A,,A,,A,,A,
223232,1,5,1,5,5,5,5,1,3,5,1,5,R,39735,R,15404,R,24331,A,,R,0.0,R,20262.0,R,8491.0,R,11771.0,A,,R,0.0,R,3317.0,R,1321.0,R,1996.0,A,,R,0.0,R,3315.0,R,1319.0,R,1996.0,A,,R,0.0,R,2.0,R,2.0,R,0.0,A,,R,0.0,R,1042.0,R,31.0,R,642.0,R,19.0,R,610.0,R,650.0,R,700.0,R,600.0,R,640.0,R,700.0,R,27.0,R,29.0,R,32.0,R,26.0,R,30.0,R,34.0,R,25.0,R,27.0,R,30.0
223472,1,5,1,3,3,3,3,3,1,5,3,3,R,52,R,3,R,49,A,,R,0.0,R,43.0,R,2.0,R,41.0,A,,R,0.0,R,23.0,R,2.0,R,21.0,A,,R,0.0,R,23.0,R,2.0,R,21.0,A,,R,0.0,A,,A,,A,,A,,A,,A,,A,,A,,A,,A,,A,,A,,A,,A,,A,,A,,A,,A,,A,,A,,A,,A,,A,,A,
224004,1,3,1,3,3,3,5,1,5,5,5,3,R,2170,R,873,R,1297,A,,R,0.0,R,1976.0,R,754.0,R,1222.0,A,,R,0.0,R,238.0,R,103.0,R,135.0,A,,R,0.0,R,211.0,R,89.0,R,122.0,A,,R,0.0,R,27.0,R,14.0,R,13.0,A,,R,0.0,R,96.0,R,40.0,R,25.0,R,11.0,R,440.0,R,490.0,R,550.0,R,420.0,R,490.0,R,550.0,R,15.0,R,19.0,R,24.0,R,14.0,R,19.0,R,23.0,R,15.0,R,17.0,R,23.0
224147,1,1,1,5,5,5,5,1,5,5,5,5,R,10675,R,4032,R,6643,A,,R,0.0,R,9551.0,R,3588.0,R,5963.0,A,,R,0.0,R,2064.0,R,838.0,R,1226.0,A,,R,0.0,R,1994.0,R,807.0,R,1187.0,A,,R,0.0,R,70.0,R,31.0,R,39.0,A,,R,0.0,R,1007.0,R,49.0,R,182.0,R,9.0,R,500.0,R,550.0,R,600.0,R,470.0,R,530.0,R,580.0,R,18.0,R,22.0,R,25.0,R,16.0,R,20.0,R,24.0,R,17.0,R,20.0,R,24.0
224226,1,5,1,5,3,3,5,1,5,5,5,5,R,8018,R,2943,R,5075,A,,R,0.0,R,7303.0,R,2651.0,R,4652.0,A,,R,0.0,R,579.0,R,237.0,R,342.0,A,,R,0.0,R,567.0,R,233.0,R,334.0,A,,R,0.0,R,12.0,R,4.0,R,8.0,A,,R,0.0,R,186.0,R,32.0,R,92.0,R,16.0,R,490.0,R,554.0,R,620.0,R,470.0,R,535.0,R,597.0,R,21.0,R,23.0,R,27.0,R,19.0,R,24.0,R,28.0,R,18.0,R,24.0,R,26.0
224244,1,5,1,5,5,5,5,1,3,5,1,5,R,313,R,193,R,120,A,,R,0.0,R,263.0,R,162.0,R,101.0,A,,R,0.0,R,89.0,R,59.0,R,30.0,A,,R,0.0,R,88.0,R,58.0,R,30.0,A,,R,0.0,R,1.0,R,1.0,R,0.0,A,,R,0.0,R,41.0,R,47.0,R,31.0,R,35.0,R,370.0,R,500.0,R,565.0,R,360.0,R,500.0,R,560.0,R,13.0,R,20.0,R,21.0,R,11.0,R,19.0,R,22.0,R,12.0,R,19.0,R,22.0
224323,1,5,1,1,1,3,5,1,3,5,1,5,R,4179,R,1840,R,2336,A,,R,3.0,R,2265.0,R,936.0,R,1329.0,A,,R,0.0,R,348.0,R,145.0,R,203.0,A,,R,0.0,R,347.0,R,144.0,R,203.0,A,,R,0.0,R,1.0,R,1.0,R,0.0,A,,R,0.0,R,104.0,R,30.0,R,46.0,R,13.0,R,600.0,R,645.0,R,710.0,R,570.0,R,610.0,R,660.0,R,25.0,R,29.0,R,32.0,R,25.0,R,30.0,R,35.0,R,21.0,R,25.0,R,29.0
224527,1,3,1,3,3,3,3,1,3,3,3,3,R,1639,R,822,R,817,A,,R,0.0,R,985.0,R,521.0,R,464.0,A,,R,0.0,R,376.0,R,189.0,R,187.0,A,,R,0.0,R,367.0,R,187.0,R,180.0,A,,R,0.0,R,9.0,R,2.0,R,7.0,A,,R,0.0,A,,A,,A,,A,,A,,A,,A,,A,,A,,A,,A,,A,,A,,A,,A,,A,,A,,A,,A,
224545,1,1,1,3,3,3,5,1,3,3,3,3,R,1802,R,763,R,1035,S,,S,,R,1445.0,R,604.0,R,837.0,S,,S,,R,259.0,R,100.0,R,159.0,S,,S,,R,245.0,R,97.0,R,148.0,S,,S,,R,14.0,R,3.0,R,11.0,S,,S,,R,49.0,R,19.0,R,125.0,R,48.0,R,440.0,R,500.0,R,550.0,R,430.0,R,470.0,R,530.0,R,16.0,R,19.0,R,22.0,R,15.0,R,19.0,R,22.0,R,16.0,R,17.0,R,22.0
224554,1,5,1,1,3,3,5,1,3,3,3,3,R,8231,R,3075,R,5156,A,,R,0.0,R,7621.0,R,2787.0,R,4834.0,A,,R,0.0,R,1172.0,R,480.0,R,692.0,A,,R,0.0,R,1115.0,R,455.0,R,660.0,A,,R,0.0,R,57.0,R,25.0,R,32.0,A,,R,0.0,R,267.0,R,23.0,R,82.0,R,7.0,R,480.0,R,530.0,R,590.0,R,460.0,R,530.0,R,580.0,R,18.0,R,21.0,R,24.0,R,15.0,R,21.0,R,23.0,R,17.0,R,20.0,R,25.0
225201,5,5,1,3,3,3,5,5,1,3,5,3,R,113,R,93,R,20,A,,R,0.0,R,111.0,R,91.0,R,20.0,A,,R,0.0,R,110.0,R,90.0,R,20.0,A,,R,0.0,R,110.0,R,90.0,R,20.0,A,,R,0.0,A,,A,,A,,A,,A,,R,0.0,R,0.0,R,0.0,R,0.0,A,,A,,A,,A,,A,,A,,A,,A,,A,,A,,A,,A,,A,,A,,A,
225247,1,5,1,5,5,5,5,1,3,3,5,5,R,2452,R,1021,R,1431,A,,R,0.0,R,2367.0,R,979.0,R,1388.0,A,,R,0.0,R,356.0,R,196.0,R,160.0,A,,R,0.0,R,353.0,R,196.0,R,157.0,A,,R,0.0,R,3.0,R,0.0,R,3.0,A,,R,0.0,R,101.0,R,29.0,R,75.0,R,21.0,R,480.0,R,545.0,R,600.0,R,488.0,R,530.0,R,590.0,R,18.0,R,20.0,R,24.0,R,16.0,R,19.0,R,23.0,R,17.0,R,19.0,R,24.0
225399,1,5,1,3,5,3,5,1,3,3,5,5,R,9021,R,3257,R,5764,A,,R,0.0,R,7681.0,R,2642.0,R,5039.0,A,,R,0.0,R,729.0,R,291.0,R,438.0,A,,R,0.0,R,676.0,R,272.0,R,404.0,A,,R,0.0,R,53.0,R,19.0,R,34.0,A,,R,0.0,R,246.0,R,34.0,R,53.0,R,7.0,R,490.0,R,550.0,R,610.0,R,480.0,R,530.0,R,590.0,R,19.0,R,23.0,R,28.0,R,16.0,R,21.0,R,28.0,R,18.0,R,23.0,R,28.0
225414,1,1,1,3,3,3,5,1,3,3,3,3,R,2348,R,967,R,1381,A,,R,0.0,R,1768.0,R,693.0,R,1075.0,A,,R,0.0,R,439.0,R,190.0,R,249.0,A,,R,0.0,R,356.0,R,156.0,R,200.0,A,,R,0.0,R,83.0,R,34.0,R,49.0,A,,R,0.0,R,330.0,R,75.0,R,29.0,R,7.0,R,500.0,R,560.0,R,590.0,R,490.0,R,550.0,R,580.0,R,18.0,R,20.0,R,23.0,R,17.0,R,19.0,R,22.0,R,17.0,R,19.0,R,24.0
225432,1,1,1,1,3,3,5,1,3,3,3,3,R,6953,R,2851,R,4102,A,,R,0.0,R,6302.0,R,2514.0,R,3788.0,A,,R,0.0,R,1491.0,R,696.0,R,795.0,A,,R,0.0,R,1343.0,R,627.0,R,716.0,A,,R,0.0,R,148.0,R,69.0,R,79.0,A,,R,0.0,R,640.0,R,43.0,R,65.0,R,4.0,R,490.0,R,520.0,R,560.0,R,470.0,R,520.0,R,550.0,R,17.0,R,20.0,R,23.0,R,16.0,R,19.0,R,22.0,R,16.0,R,18.0,R,20.0
225502,1,5,1,3,3,3,5,1,3,3,3,3,R,1881,R,773,R,1108,A,,R,0.0,R,1443.0,R,570.0,R,873.0,A,,R,0.0,R,173.0,R,79.0,R,94.0,A,,R,0.0,R,149.0,R,70.0,R,79.0,A,,R,0.0,R,24.0,R,9.0,R,15.0,A,,R,0.0,R,62.0,R,36.0,R,8.0,R,5.0,R,493.0,R,555.0,R,600.0,R,500.0,R,535.0,R,580.0,R,19.0,R,20.0,R,25.0,R,16.0,R,20.0,R,25.0,R,19.0,R,22.0,R,26.0
225511,1,1,1,1,5,5,5,1,3,5,5,3,R,30327,R,13142,R,17185,A,,R,0.0,R,21087.0,R,8903.0,R,12184.0,A,,R,0.0,R,5652.0,R,2513.0,R,3139.0,A,,R,0.0,R,5214.0,R,2320.0,R,2894.0,A,,R,0.0,R,438.0,R,193.0,R,245.0,A,,R,0.0,R,2900.0,R,51.0,R,390.0,R,7.0,R,580.0,R,620.0,R,660.0,R,570.0,R,610.0,R,670.0,R,23.0,R,25.0,R,28.0,R,22.0,R,25.0,R,29.0,R,20.0,R,24.0,R,27.0
225548,1,1,1,5,5,5,5,5,5,5,5,5,R,1269,R,604,R,665,R,0.0,R,0.0,R,859.0,R,398.0,R,461.0,A,,R,0.0,R,209.0,R,114.0,R,95.0,A,,R,0.0,R,179.0,R,87.0,R,92.0,A,,R,0.0,R,30.0,R,27.0,R,3.0,A,,R,0.0,R,55.0,R,26.0,R,32.0,R,15.0,R,450.0,R,480.0,R,570.0,R,430.0,R,480.0,R,530.0,R,18.0,R,22.0,R,25.0,R,17.0,R,22.0,R,25.0,R,17.0,R,19.0,R,25.0
225627,1,3,1,3,5,3,5,1,3,3,5,3,R,11162,R,4159,R,6996,R,7.0,R,0.0,R,10421.0,R,3806.0,R,6608.0,R,7.0,R,0.0,R,1067.0,R,377.0,R,690.0,R,0.0,R,0.0,R,1059.0,R,374.0,R,685.0,A,,R,0.0,R,8.0,R,3.0,R,5.0,A,,R,0.0,R,275.0,R,26.0,R,64.0,R,6.0,R,470.0,R,530.0,R,580.0,R,430.0,R,510.0,R,560.0,R,17.0,R,20.0,R,24.0,R,15.0,R,20.0,R,22.0,R,16.0,R,19.0,R,23.0
225991,3,3,1,3,5,1,3,3,3,5,5,3,R,79,R,43,R,36,A,,R,0.0,R,49.0,R,28.0,R,21.0,A,,R,0.0,R,33.0,R,20.0,R,13.0,A,,R,0.0,R,33.0,R,20.0,R,13.0,A,,R,0.0,A,,A,,A,,A,,A,,A,,A,,A,,A,,A,,A,,A,,A,,A,,A,,A,,A,,A,,A,,A,,A,,A,,A,,A,
226091,3,1,1,3,3,3,5,1,3,3,3,3,R,7246,R,2898,R,4348,A,,R,0.0,R,6212.0,R,2371.0,R,3841.0,A,,R,0.0,R,1555.0,R,641.0,R,914.0,A,,R,0.0,R,1458.0,R,601.0,R,857.0,A,,R,0.0,R,97.0,R,40.0,R,57.0,A,,R,0.0,R,699.0,R,45.0,R,90.0,R,6.0,R,470.0,R,520.0,R,580.0,R,440.0,R,510.0,R,550.0,R,18.0,R,22.0,R,24.0,R,16.0,R,21.0,R,24.0,R,17.0,R,19.0,R,24.0
226152,3,1,1,1,3,3,1,1,3,3,3,3,R,8309,R,3301,R,4918,A,,R,90.0,R,3819.0,R,1448.0,R,2370.0,A,,R,1.0,R,1382.0,R,609.0,R,773.0,A,,R,0.0,R,1364.0,R,599.0,R,765.0,A,,R,0.0,R,18.0,R,10.0,R,8.0,A,,R,0.0,R,657.0,R,48.0,R,138.0,R,10.0,R,470.0,R,520.0,R,580.0,R,450.0,R,500.0,R,550.0,R,16.0,R,17.0,R,20.0,R,14.0,R,16.0,R,20.0,R,16.0,R,17.0,R,19.0
226231,1,5,1,3,3,5,5,1,3,5,5,3,R,3518,R,1857,R,1661,A,,R,0.0,R,1431.0,R,819.0,R,612.0,A,,R,0.0,R,343.0,R,229.0,R,114.0,A,,R,0.0,R,334.0,R,225.0,R,109.0,A,,R,0.0,R,9.0,R,4.0,R,5.0,A,,R,0.0,R,119.0,R,35.0,R,77.0,R,23.0,R,570.0,R,630.0,R,690.0,R,570.0,R,640.0,R,680.0,R,23.0,R,26.0,R,30.0,R,22.0,R,26.0,R,30.0,R,22.0,R,26.0,R,29.0
226383,1,5,1,3,3,3,5,1,3,3,3,3,R,1764,R,574,R,1089,A,,R,101.0,R,1291.0,R,421.0,R,841.0,A,,R,29.0,R,284.0,R,112.0,R,172.0,A,,R,0.0,R,283.0,R,112.0,R,171.0,A,,R,0.0,R,1.0,R,0.0,R,1.0,A,,R,0.0,R,86.0,R,30.0,R,67.0,R,24.0,R,460.0,R,540.0,R,590.0,R,440.0,R,520.0,R,570.0,R,19.0,R,22.0,R,25.0,R,17.0,R,21.0,R,25.0,R,17.0,R,23.0,R,27.0
226471,1,1,1,5,3,3,5,3,3,3,5,3,R,11407,R,3715,R,7692,A,,R,0.0,R,10850.0,R,3493.0,R,7357.0,A,,R,0.0,R,825.0,R,347.0,R,478.0,A,,R,0.0,R,825.0,R,347.0,R,478.0,A,,R,0.0,R,0.0,R,0.0,R,0.0,A,,R,0.0,R,324.0,R,39.0,R,120.0,R,15.0,R,490.0,R,560.0,R,620.0,R,480.0,R,530.0,R,580.0,R,19.0,R,22.0,R,26.0,R,19.0,R,22.0,R,25.0,R,18.0,R,22.0,R,25.0
226587,1,1,1,5,5,3,5,1,3,3,5,5,R,4836,R,2264,R,2572,R,0.0,R,0.0,R,2788.0,R,1279.0,R,1509.0,A,,R,0.0,R,318.0,R,178.0,R,140.0,A,,R,0.0,R,318.0,R,178.0,R,140.0,A,,R,0.0,R,0.0,R,0.0,R,0.0,A,,R,0.0,R,40.0,R,13.0,R,15.0,R,5.0,R,500.0,R,540.0,R,580.0,R,510.0,R,540.0,R,590.0,R,18.0,R,20.0,R,25.0,R,16.0,R,20.0,R,23.0,R,18.0,R,20.0,R,24.0
226833,1,5,1,3,3,3,3,1,3,3,3,5,R,5824,R,2104,R,3636,A,,R,84.0,R,5089.0,R,1801.0,R,3226.0,A,,R,62.0,R,806.0,R,306.0,R,500.0,A,,R,0.0,R,788.0,R,296.0,R,492.0,A,,R,0.0,R,18.0,R,10.0,R,8.0,A,,R,0.0,A,,A,,A,,A,,A,,A,,A,,A,,A,,A,,A,,A,,A,,A,,A,,A,,A,,A,,A,
227216,1,5,1,1,3,3,5,1,3,3,3,3,R,36807,R,16292,R,20515,A,,R,0.0,R,26671.0,R,11271.0,R,15400.0,A,,R,0.0,R,6926.0,R,3115.0,R,3811.0,A,,R,0.0,R,6706.0,R,3002.0,R,3704.0,A,,R,0.0,R,220.0,R,113.0,R,107.0,A,,R,0.0,R,2999.0,R,43.0,R,689.0,R,10.0,R,500.0,R,560.0,R,630.0,R,480.0,R,540.0,R,600.0,R,19.0,R,23.0,R,27.0,R,18.0,R,22.0,R,27.0,R,17.0,R,21.0,R,25.0
227368,5,5,1,5,5,3,5,1,3,3,5,3,R,13542,R,5585,R,7957,A,,R,0.0,R,11486.0,R,4599.0,R,6887.0,A,,R,0.0,R,5634.0,R,2404.0,R,3230.0,A,,R,0.0,R,4376.0,R,1819.0,R,2557.0,A,,R,0.0,R,1258.0,R,585.0,R,673.0,A,,R,0.0,R,1561.0,R,28.0,R,1453.0,R,26.0,R,470.0,R,520.0,R,570.0,R,440.0,R,500.0,R,540.0,R,16.0,R,19.0,R,22.0,R,15.0,R,18.0,R,22.0,R,16.0,R,18.0,R,21.0
227429,1,3,1,5,1,1,3,1,3,5,5,5,R,3398,R,1190,R,2181,R,27.0,R,0.0,R,1149.0,R,386.0,R,736.0,R,27.0,R,0.0,R,167.0,R,62.0,R,105.0,R,0.0,R,0.0,R,147.0,R,56.0,R,91.0,A,,R,0.0,R,20.0,R,6.0,R,14.0,A,,R,0.0,A,,A,,A,,A,,A,,A,,A,,A,,A,,A,,A,,A,,A,,A,,A,,A,,A,,A,,A,
227526,1,1,1,5,5,5,1,5,3,5,5,5,R,8777,R,2857,R,5920,A,,R,0.0,R,6609.0,R,2061.0,R,4548.0,A,,R,0.0,R,2112.0,R,642.0,R,1470.0,A,,R,0.0,R,2020.0,R,617.0,R,1403.0,A,,R,0.0,R,92.0,R,25.0,R,67.0,A,,R,0.0,R,1785.0,R,85.0,R,504.0,R,24.0,R,440.0,R,480.0,R,520.0,R,410.0,R,460.0,R,510.0,R,16.0,R,18.0,R,20.0,R,14.0,R,17.0,R,20.0,R,15.0,R,17.0,R,20.0
227757,5,5,1,5,1,5,5,1,3,5,1,5,R,31059,R,15982,R,15077,A,,R,0.0,R,2447.0,R,1233.0,R,1214.0,A,,R,0.0,R,1125.0,R,562.0,R,563.0,A,,R,0.0,R,1125.0,R,562.0,R,563.0,A,,R,0.0,A,,A,,A,,A,,A,,R,567.0,R,50.0,R,243.0,R,22.0,R,730.0,R,760.0,R,770.0,R,770.0,R,790.0,R,800.0,R,34.0,R,35.0,R,36.0,R,35.0,R,35.0,R,36.0,R,33.0,R,35.0,R,36.0
227845,1,5,1,5,1,5,5,1,3,5,1,5,R,5611,R,2066,R,3545,A,,R,0.0,R,4696.0,R,1682.0,R,3014.0,A,,R,0.0,R,659.0,R,274.0,R,385.0,A,,R,0.0,R,659.0,R,274.0,R,385.0,A,,R,0.0,R,0.0,R,0.0,R,0.0,A,,R,0.0,R,131.0,R,20.0,R,43.0,R,7.0,R,530.0,R,590.0,R,640.0,R,500.0,R,550.0,R,595.0,R,20.0,R,22.0,R,25.0,R,20.0,R,22.0,R,26.0,R,17.0,R,20.0,R,23.0
227863,1,3,1,3,5,5,5,1,3,3,1,3,R,1591,R,661,R,930,R,0.0,R,0.0,R,1485.0,R,611.0,R,874.0,A,,R,0.0,R,672.0,R,267.0,R,405.0,A,,R,0.0,R,663.0,R,263.0,R,400.0,A,,R,0.0,R,9.0,R,4.0,R,5.0,A,,R,0.0,R,27.0,R,22.0,R,6.0,R,5.0,R,545.0,R,610.0,R,680.0,R,530.0,R,590.0,R,660.0,R,22.0,R,25.0,R,28.0,R,23.0,R,24.0,R,27.0,R,19.0,R,23.0,R,25.0
227881,1,5,1,5,3,3,5,1,3,5,5,3,R,17582,R,6094,R,11488,A,,R,0.0,R,15014.0,R,5014.0,R,10000.0,A,,R,0.0,R,3601.0,R,1294.0,R,2307.0,A,,R,0.0,R,3398.0,R,1204.0,R,2194.0,A,,R,0.0,R,203.0,R,90.0,R,113.0,A,,R,0.0,R,1713.0,R,48.0,R,238.0,R,7.0,R,480.0,R,530.0,R,580.0,R,460.0,R,520.0,R,560.0,R,19.0,R,21.0,R,25.0,R,20.0,R,23.0,R,28.0,R,16.0,R,19.0,R,23.0
228042,1,3,5,3,5,3,3,1,3,5,5,5,R,2128,R,904,R,1220,S,,S,,R,1872.0,R,796.0,R,1072.0,S,,S,,R,282.0,R,133.0,R,149.0,S,,S,,R,282.0,R,133.0,R,149.0,S,,S,,R,0.0,R,0.0,R,0.0,S,,S,,A,,A,,A,,A,,A,,A,,A,,A,,A,,A,,A,,A,,A,,A,,A,,A,,A,,A,,A,
228149,1,3,1,3,5,3,5,1,3,3,5,3,R,5203,R,1953,R,3230,A,,R,20.0,R,4628.0,R,1675.0,R,2953.0,A,,R,0.0,R,530.0,R,224.0,R,306.0,A,,R,0.0,R,527.0,R,224.0,R,303.0,A,,R,0.0,R,3.0,R,0.0,R,3.0,A,,R,0.0,R,135.0,R,25.0,R,38.0,R,7.0,R,500.0,R,510.0,R,590.0,R,480.0,R,490.0,R,560.0,R,16.0,R,17.0,R,23.0,A,,A,,A,,A,,A,,A,
228246,1,5,1,1,1,5,5,1,3,5,1,5,R,15092,R,7100,R,7992,A,,R,0.0,R,9240.0,R,4162.0,R,5078.0,A,,R,0.0,R,1592.0,R,779.0,R,813.0,A,,R,0.0,R,1592.0,R,779.0,R,813.0,A,,R,0.0,R,0.0,Z,0.0,Z,0.0,A,,R,0.0,R,264.0,R,17.0,R,235.0,R,15.0,R,660.0,R,700.0,R,730.0,R,660.0,R,710.0,R,750.0,R,30.0,R,32.0,R,34.0,R,31.0,R,34.0,R,35.0,R,27.0,R,30.0,R,32.0
228325,1,3,1,3,1,3,1,1,1,3,5,3,R,615,R,355,R,260,A,,R,0.0,R,518.0,R,292.0,R,226.0,A,,R,0.0,R,286.0,R,159.0,R,127.0,A,,R,0.0,R,278.0,R,154.0,R,124.0,A,,R,0.0,R,8.0,R,5.0,R,3.0,A,,R,0.0,R,146.0,R,51.0,R,108.0,R,38.0,R,463.0,R,510.0,R,560.0,R,463.0,R,500.0,R,550.0,R,17.0,R,19.0,R,22.0,R,15.0,R,18.0,R,23.0,R,16.0,R,18.0,R,22.0
228343,1,5,1,1,1,3,5,1,3,5,1,5,R,6585,R,2975,R,3610,S,,S,,R,2573.0,R,1013.0,R,1560.0,S,,S,,R,403.0,R,177.0,R,226.0,S,,S,,R,402.0,R,177.0,R,225.0,S,,S,,R,1.0,R,0.0,R,1.0,S,,S,,R,161.0,R,40.0,R,58.0,R,14.0,R,600.0,R,640.0,R,690.0,R,570.0,R,610.0,R,650.0,R,24.0,R,28.0,R,30.0,R,23.0,R,26.0,R,31.0,R,22.0,R,26.0,R,27.0
228431,5,1,1,5,3,3,5,1,3,3,3,3,R,12591,R,4482,R,8109,A,,R,0.0,R,11112.0,R,3839.0,R,7273.0,A,,R,0.0,R,2072.0,R,810.0,R,1262.0,A,,R,0.0,R,2044.0,R,798.0,R,1246.0,A,,R,0.0,R,28.0,R,12.0,R,16.0,A,,R,0.0,R,1043.0,R,50.0,R,298.0,R,14.0,R,500.0,R,540.0,R,590.0,R,480.0,R,530.0,R,570.0,R,18.0,R,21.0,R,25.0,R,17.0,R,21.0,R,24.0,R,17.0,R,20.0,R,24.0
228459,3,1,1,1,3,3,5,1,3,3,1,3,R,37183,R,13838,R,23120,R,106.0,R,119.0,R,33273.0,R,12005.0,R,21059.0,R,101.0,R,108.0,R,7930.0,R,2925.0,R,4931.0,R,58.0,R,16.0,R,7668.0,R,2800.0,R,4794.0,R,58.0,R,16.0,R,262.0,R,125.0,R,137.0,R,0.0,R,0.0,R,3695.0,R,47.0,R,549.0,R,7.0,R,500.0,R,553.0,R,610.0,R,480.0,R,531.0,R,580.0,R,19.0,R,23.0,R,26.0,R,18.0,R,22.0,R,25.0,R,17.0,R,21.0,R,25.0
228468,1,3,1,5,3,3,5,1,3,5,5,5,R,1468,R,598,R,870,A,,R,0.0,R,815.0,R,340.0,R,475.0,A,,R,0.0,R,159.0,R,59.0,R,100.0,A,,R,0.0,R,158.0,R,59.0,R,99.0,A,,R,0.0,R,1.0,R,0.0,R,1.0,A,,R,0.0,R,121.0,R,78.0,R,38.0,R,24.0,R,465.0,R,525.0,R,610.0,R,445.0,R,510.0,R,590.0,R,17.0,R,19.0,R,25.0,R,17.0,R,20.0,R,26.0,R,15.0,R,17.0,R,23.0
228501,1,1,1,3,3,3,5,1,1,3,3,3,R,1073,R,598,R,475,A,,R,0.0,R,1026.0,R,576.0,R,450.0,A,,R,0.0,R,223.0,R,148.0,R,75.0,A,,R,0.0,R,216.0,R,144.0,R,72.0,A,,R,0.0,R,7.0,R,4.0,R,3.0,A,,R,0.0,R,33.0,R,15.0,R,9.0,R,4.0,R,473.0,R,510.0,R,568.0,R,460.0,R,505.0,R,530.0,R,13.0,R,15.0,R,21.0,R,11.0,R,15.0,R,18.0,R,16.0,R,16.0,R,21.0
228529,1,1,1,1,3,3,5,1,3,3,3,3,R,8746,R,3157,R,5589,R,0.0,R,0.0,R,8239.0,R,2894.0,R,5345.0,A,,R,0.0,R,2702.0,R,999.0,R,1703.0,A,,R,0.0,R,2511.0,R,927.0,R,1584.0,A,,R,0.0,R,191.0,R,72.0,R,119.0,A,,R,0.0,R,1296.0,R,48.0,R,486.0,R,18.0,R,490.0,R,530.0,R,580.0,R,470.0,R,530.0,R,570.0,R,19.0,R,21.0,R,24.0,R,17.0,R,20.0,R,24.0,R,17.0,R,20.0,R,24.0
228705,5,5,1,3,5,5,5,1,3,5,5,3,R,7915,R,3593,R,4322,A,,R,0.0,R,7305.0,R,3227.0,R,4078.0,A,,R,0.0,R,1203.0,R,621.0,R,582.0,A,,R,0.0,R,1173.0,R,607.0,R,566.0,A,,R,0.0,R,30.0,R,14.0,R,16.0,A,,R,0.0,R,7.0,R,1.0,R,2.0,R,0.0,R,480.0,R,500.0,R,600.0,R,500.0,R,530.0,R,560.0,S,,S,,S,,S,,S,,S,,S,,S,,S,
228723,1,1,1,5,3,3,1,1,3,5,1,3,R,50832,R,25118,R,25714,A,,R,0.0,R,32149.0,R,15946.0,R,16203.0,A,,R,0.0,R,13753.0,R,7024.0,R,6729.0,A,,R,0.0,R,12055.0,R,6088.0,R,5967.0,A,,R,0.0,R,1698.0,R,936.0,R,762.0,A,,R,0.0,R,11070.0,R,80.0,R,2684.0,R,20.0,R,570.0,R,630.0,R,680.0,R,570.0,R,630.0,R,700.0,R,25.0,R,28.0,R,31.0,R,23.0,R,27.0,R,32.0,R,24.0,R,26.0,R,29.0
228769,1,5,1,5,3,3,5,1,3,3,3,3,R,23126,R,9829,R,13297,A,,R,0.0,R,18799.0,R,7837.0,R,10962.0,A,,R,0.0,R,5233.0,R,2374.0,R,2859.0,A,,R,0.0,R,4706.0,R,2135.0,R,2571.0,A,,R,0.0,R,527.0,R,239.0,R,288.0,A,,R,0.0,R,3625.0,R,69.0,R,608.0,R,12.0,R,500.0,R,560.0,R,620.0,R,490.0,R,550.0,R,610.0,R,18.0,R,23.0,R,26.0,R,17.0,R,21.0,R,26.0,R,17.0,R,21.0,R,25.0
228778,5,5,1,1,5,5,5,1,3,5,5,3,R,66109,R,32100,R,33843,A,,R,166.0,R,19253.0,R,7869.0,R,11331.0,A,,R,53.0,R,9385.0,R,3823.0,R,5544.0,A,,R,18.0,R,9230.0,R,3758.0,R,5454.0,A,,R,18.0,R,155.0,R,65.0,R,90.0,A,,R,0.0,R,5912.0,R,63.0,R,1880.0,R,20.0,R,620.0,R,680.0,R,730.0,R,610.0,R,690.0,R,760.0,R,27.0,R,31.0,R,33.0,R,26.0,R,32.0,R,35.0,R,25.0,R,29.0,R,33.0
228787,1,5,1,5,5,5,5,1,3,5,5,3,R,29366,R,15009,R,14357,A,,R,0.0,R,19224.0,R,9501.0,R,9723.0,A,,R,0.0,R,4160.0,R,2306.0,R,1854.0,A,,R,0.0,R,4001.0,R,2212.0,R,1789.0,A,,R,0.0,R,159.0,R,94.0,R,65.0,A,,R,0.0,R,3291.0,R,79.0,R,629.0,R,15.0,R,580.0,R,640.0,R,690.0,R,590.0,R,650.0,R,720.0,R,25.0,R,29.0,R,32.0,R,24.0,R,27.0,R,31.0,R,24.0,R,29.0,R,34.0
228796,1,1,1,1,3,3,5,1,1,3,3,3,R,11171,R,5170,R,6001,A,,R,0.0,R,11160.0,R,5163.0,R,5997.0,A,,R,0.0,R,3940.0,R,1871.0,R,2069.0,A,,R,0.0,R,3121.0,R,1495.0,R,1626.0,A,,R,0.0,R,819.0,R,376.0,R,443.0,A,,R,0.0,R,2425.0,R,62.0,R,75.0,R,2.0,R,440.0,R,500.0,R,550.0,R,430.0,R,480.0,R,540.0,R,17.0,R,20.0,R,23.0,R,16.0,R,19.0,R,23.0,R,16.0,R,19.0,R,22.0
228802,1,1,1,1,3,3,5,1,3,3,3,3,R,5521,R,1994,R,3527,A,,R,0.0,R,5054.0,R,1778.0,R,3276.0,A,,R,0.0,R,1324.0,R,518.0,R,806.0,A,,R,0.0,R,1098.0,R,413.0,R,685.0,A,,R,0.0,R,226.0,R,105.0,R,121.0,A,,R,0.0,R,528.0,R,40.0,R,246.0,R,19.0,R,510.0,R,560.0,R,620.0,R,500.0,R,550.0,R,600.0,R,19.0,R,22.0,R,25.0,R,19.0,R,23.0,R,27.0,R,17.0,R,22.0,R,25.0
228875,1,5,1,1,1,1,5,1,3,5,1,5,R,20517,R,8485,R,12032,S,,S,,R,8740.0,R,3184.0,R,5556.0,S,,S,,R,2488.0,R,916.0,R,1572.0,S,,S,,R,2483.0,R,914.0,R,1569.0,S,,S,,R,5.0,R,2.0,R,3.0,S,,S,,R,507.0,R,20.0,R,365.0,R,15.0,R,580.0,R,640.0,R,690.0,R,570.0,R,630.0,R,685.0,R,26.0,R,29.0,R,31.0,R,26.0,R,30.0,R,34.0,R,25.0,R,27.0,R,30.0
228981,1,5,1,5,5,5,5,1,3,5,1,5,R,1554,R,851,R,703,R,0.0,R,0.0,R,1473.0,R,801.0,R,672.0,A,,R,0.0,R,288.0,R,163.0,R,125.0,A,,R,0.0,R,288.0,R,163.0,R,125.0,A,,R,0.0,A,,A,,A,,A,,A,,R,77.0,R,27.0,R,13.0,R,5.0,R,520.0,R,570.0,R,620.0,R,510.0,R,550.0,R,610.0,R,22.0,R,23.0,R,28.0,R,20.0,R,22.0,R,26.0,R,19.0,R,20.0,R,25.0
229018,1,5,5,5,5,5,5,1,3,5,5,3,R,1718,R,793,R,925,A,,R,0.0,R,1451.0,R,652.0,R,799.0,A,,R,0.0,R,674.0,R,310.0,R,364.0,A,,R,0.0,R,633.0,R,293.0,R,340.0,A,,R,0.0,R,41.0,R,17.0,R,24.0,A,,R,0.0,R,316.0,R,47.0,R,37.0,R,5.0,R,470.0,R,520.0,R,560.0,R,440.0,R,520.0,R,550.0,R,16.0,R,17.0,R,20.0,R,14.0,R,16.0,R,20.0,R,16.0,R,17.0,R,20.0
229027,1,1,1,5,5,5,5,1,3,5,5,3,R,22497,R,9650,R,12847,A,,R,0.0,R,19900.0,R,8304.0,R,11596.0,A,,R,0.0,R,5877.0,R,2644.0,R,3233.0,A,,R,0.0,R,4882.0,R,2193.0,R,2689.0,A,,R,0.0,R,995.0,R,451.0,R,544.0,A,,R,0.0,R,3668.0,R,63.0,R,444.0,R,8.0,R,510.0,R,560.0,R,610.0,R,490.0,R,540.0,R,590.0,R,19.0,R,22.0,R,26.0,R,17.0,R,21.0,R,25.0,R,17.0,R,21.0,R,25.0
229063,1,1,5,5,5,5,5,1,3,3,3,5,R,7867,R,2633,R,5234,A,,R,0.0,R,7344.0,R,2439.0,R,4905.0,A,,R,0.0,R,1657.0,R,567.0,R,1090.0,A,,R,0.0,R,1536.0,R,518.0,R,1018.0,A,,R,0.0,R,121.0,R,49.0,R,72.0,A,,R,0.0,R,788.0,R,48.0,R,291.0,R,18.0,R,420.0,R,470.0,R,510.0,R,380.0,R,430.0,R,490.0,R,15.0,R,17.0,R,19.0,R,13.0,R,16.0,R,19.0,R,15.0,R,16.0,R,17.0
229115,1,1,1,5,5,5,5,1,3,5,5,3,R,34020,R,15840,R,18180,A,,R,0.0,R,24116.0,R,11189.0,R,12927.0,A,,R,0.0,R,7217.0,R,3395.0,R,3822.0,A,,R,0.0,R,7118.0,R,3354.0,R,3764.0,A,,R,0.0,R,99.0,R,41.0,R,58.0,A,,R,0.0,R,2353.0,R,33.0,R,784.0,R,11.0,R,550.0,R,590.0,R,640.0,R,540.0,R,580.0,R,630.0,R,22.0,R,25.0,R,28.0,R,21.0,R,23.0,R,27.0,R,21.0,R,24.0,R,27.0
229160,1,5,1,5,5,3,5,1,3,3,3,3,R,4725,R,1975,R,2750,A,,R,0.0,R,2948.0,R,1216.0,R,1732.0,A,,R,0.0,R,493.0,R,241.0,R,252.0,A,,R,0.0,R,490.0,R,240.0,R,250.0,A,,R,0.0,R,3.0,R,1.0,R,2.0,A,,R,0.0,R,35.0,R,7.0,R,22.0,R,4.0,R,490.0,R,530.0,R,580.0,R,480.0,R,540.0,R,570.0,R,16.0,R,19.0,R,23.0,R,16.0,R,21.0,R,24.0,R,16.0,R,18.0,R,22.0
229179,1,5,1,3,3,3,3,1,3,3,3,3,R,7584,R,595,R,6989,A,,R,0.0,R,7204.0,R,552.0,R,6652.0,A,,R,0.0,R,1473.0,R,113.0,R,1360.0,A,,R,0.0,R,1445.0,R,108.0,R,1337.0,A,,R,0.0,R,28.0,R,5.0,R,23.0,A,,R,0.0,A,,A,,A,,A,,A,,A,,A,,A,,A,,A,,A,,A,,A,,A,,A,,A,,A,,A,,A,
229267,1,5,1,1,1,3,5,1,3,5,5,5,R,11425,R,4939,R,6486,A,,R,0.0,R,3217.0,R,1358.0,R,1859.0,A,,R,0.0,R,659.0,R,296.0,R,363.0,A,,R,0.0,R,659.0,R,296.0,R,363.0,A,,R,0.0,A,,A,,A,,A,,A,,R,211.0,R,32.0,R,106.0,R,16.0,R,670.0,R,700.0,R,735.0,R,650.0,R,690.0,R,730.0,R,30.0,R,32.0,R,33.0,R,30.0,R,33.0,R,35.0,R,26.0,R,29.0,R,31.0
229780,1,5,1,3,3,3,3,1,3,3,3,3,R,1974,R,977,R,976,A,,R,21.0,R,1067.0,R,549.0,R,513.0,A,,R,5.0,C,289.0,C,179.0,C,110.0,A,,R,0.0,C,248.0,C,156.0,C,92.0,A,,R,0.0,C,41.0,C,23.0,C,18.0,A,,R,0.0,A,,A,,A,,A,,A,,A,,A,,A,,A,,A,,A,,A,,A,,A,,A,,A,,A,,A,,A,
229814,5,5,1,5,3,3,5,1,3,3,5,3,R,4784,R,1944,R,2778,R,62.0,R,0.0,R,4657.0,R,1880.0,R,2717.0,R,60.0,R,0.0,R,1266.0,R,542.0,R,724.0,R,0.0,R,0.0,R,1238.0,R,534.0,R,704.0,A,,R,0.0,R,28.0,R,8.0,R,20.0,A,,R,0.0,R,559.0,R,45.0,R,379.0,R,31.0,R,490.0,R,540.0,R,590.0,R,470.0,R,520.0,R,570.0,R,18.0,R,21.0,R,24.0,R,16.0,R,20.0,R,23.0,R,17.0,R,19.0,R,24.0
230038,1,3,1,5,1,3,5,1,3,5,1,3,R,11006,R,5096,R,5910,A,,R,0.0,R,7615.0,R,3162.0,R,4453.0,A,,R,0.0,R,6067.0,R,2526.0,R,3541.0,A,,R,0.0,R,5869.0,R,2435.0,R,3434.0,A,,R,0.0,R,198.0,R,91.0,R,107.0,A,,R,0.0,R,720.0,R,12.0,R,2810.0,R,46.0,R,650.0,R,680.0,R,720.0,R,640.0,R,680.0,R,730.0,R,28.0,R,30.0,R,32.0,R,27.0,R,31.0,R,34.0,R,26.0,R,28.0,R,31.0
230047,1,5,1,5,1,5,1,1,3,5,1,5,R,1270,R,421,R,849,A,,R,0.0,R,481.0,R,229.0,R,252.0,A,,R,0.0,R,335.0,R,150.0,R,185.0,A,,R,0.0,R,333.0,R,149.0,R,184.0,A,,R,0.0,R,2.0,R,1.0,R,1.0,A,,R,0.0,R,28.0,R,8.0,R,89.0,R,27.0,R,500.0,R,540.0,R,608.0,R,485.0,R,515.0,R,583.0,R,21.0,R,22.0,R,25.0,R,20.0,R,22.0,R,25.0,R,18.0,R,22.0,R,25.0
230603,1,3,3,3,3,3,3,1,3,3,3,3,R,19190,R,8692,R,10407,S,,S,,R,15443.0,R,6972.0,R,8466.0,S,,S,,R,2269.0,R,919.0,R,1350.0,S,,S,,R,2142.0,R,837.0,R,1305.0,S,,S,,R,127.0,R,82.0,R,45.0,S,,S,,A,,A,,A,,A,,A,,A,,A,,A,,A,,A,,A,,A,,A,,A,,A,,A,,A,,A,,A,
230728,1,5,1,5,3,3,5,1,3,3,3,3,R,19331,R,9035,R,10296,R,0.0,R,0.0,R,18097.0,R,8455.0,R,9642.0,A,,R,0.0,R,4388.0,R,1776.0,R,2612.0,A,,R,0.0,R,3954.0,R,1611.0,R,2343.0,A,,R,0.0,R,434.0,R,165.0,R,269.0,A,,R,0.0,R,522.0,R,12.0,R,3372.0,R,77.0,R,530.0,R,600.0,R,660.0,R,530.0,R,580.0,R,640.0,R,20.0,R,24.0,R,28.0,R,19.0,R,23.0,R,28.0,R,18.0,R,23.0,R,27.0
230764,1,3,1,5,5,5,5,1,3,5,5,3,R,22996,R,11833,R,11157,A,,R,6.0,R,20046.0,R,10162.0,R,9880.0,A,,R,4.0,R,5560.0,R,2791.0,R,2769.0,A,,R,0.0,R,5371.0,R,2723.0,R,2648.0,A,,R,0.0,R,189.0,R,68.0,R,121.0,A,,R,0.0,R,554.0,R,10.0,R,2422.0,R,44.0,R,590.0,R,640.0,R,698.0,R,590.0,R,640.0,R,700.0,R,22.0,R,25.0,R,29.0,R,21.0,R,25.0,R,30.0,R,7.0,R,8.0,R,8.0
230807,1,5,1,5,5,3,5,5,3,5,5,5,R,2634,R,1057,R,1577,A,,R,0.0,R,1813.0,R,700.0,R,1113.0,A,,R,0.0,R,228.0,R,92.0,R,136.0,A,,R,0.0,R,226.0,R,90.0,R,136.0,A,,R,0.0,R,2.0,R,2.0,R,0.0,A,,R,0.0,R,10.0,R,4.0,R,64.0,R,28.0,R,598.0,R,680.0,R,718.0,R,550.0,R,565.0,R,660.0,R,23.0,R,26.0,R,29.0,R,23.0,R,27.0,R,31.0,R,20.0,R,24.0,R,26.0
230816,1,5,1,1,1,5,5,1,3,5,1,3,R,2825,R,1031,R,1793,S,,S,,R,1357.0,R,308.0,R,1049.0,S,,S,,R,216.0,R,61.0,R,155.0,S,,S,,R,206.0,R,51.0,R,155.0,S,,S,,R,10.0,R,10.0,R,0.0,S,,S,,R,34.0,R,17.0,R,12.0,R,6.0,R,690.0,R,715.0,R,740.0,R,600.0,R,635.0,R,673.0,R,30.0,R,30.0,R,32.0,R,29.0,R,35.0,R,36.0,R,25.0,R,29.0,R,34.0
230852,1,5,1,1,5,1,5,1,3,5,5,5,R,5297,R,2129,R,3168,S,,S,,R,3534.0,R,1534.0,R,2000.0,S,,S,,R,546.0,R,335.0,R,211.0,S,,S,,R,525.0,R,318.0,R,207.0,S,,S,,R,21.0,R,17.0,R,4.0,S,,S,,R,83.0,R,15.0,R,18.0,R,3.0,R,605.0,R,650.0,R,680.0,R,560.0,R,600.0,R,660.0,R,27.0,R,28.0,R,31.0,R,27.0,R,30.0,R,31.0,R,22.0,R,26.0,R,28.0
230889,3,3,1,3,5,5,3,3,3,5,1,3,R,82,R,8,R,11,S,,S,,R,16.0,R,5.0,R,11.0,S,,S,,R,4.0,R,1.0,R,3.0,S,,S,,R,2.0,R,1.0,R,1.0,S,,S,,R,2.0,R,0.0,R,2.0,S,,S,,A,,A,,A,,A,,A,,A,,A,,A,,A,,A,,A,,A,,A,,A,,A,,A,,A,,A,,A,
230959,5,5,1,5,1,5,5,1,3,3,1,5,R,13297,R,5574,R,7722,R,0.0,R,1.0,R,1379.0,R,569.0,R,809.0,A,,R,1.0,R,615.0,R,284.0,R,330.0,A,,R,1.0,R,615.0,R,284.0,R,330.0,A,,R,1.0,A,,A,,A,,A,,A,,R,172.0,R,28.0,R,84.0,R,14.0,R,720.0,R,740.0,R,770.0,R,710.0,R,750.0,R,780.0,R,33.0,R,34.0,R,34.0,A,,A,,A,,A,,A,,A,
230995,1,5,1,3,5,3,5,1,3,3,5,5,R,5157,R,3470,R,1631,A,,R,56.0,R,3796.0,R,2527.0,R,1237.0,A,,R,32.0,R,563.0,R,394.0,R,162.0,A,,R,7.0,R,519.0,R,361.0,R,158.0,A,,R,0.0,R,44.0,R,33.0,R,4.0,A,,R,7.0,R,83.0,R,15.0,R,27.0,R,5.0,R,540.0,R,600.0,R,650.0,R,520.0,R,590.0,R,670.0,R,20.0,R,24.0,R,27.0,R,20.0,R,24.0,R,27.0,R,19.0,R,23.0,R,26.0
231059,1,5,1,1,1,3,5,1,3,5,1,5,R,2639,R,1120,R,1519,A,,R,0.0,R,2424.0,R,1001.0,R,1423.0,A,,R,0.0,R,325.0,R,132.0,R,193.0,A,,R,0.0,R,325.0,R,132.0,R,193.0,A,,R,0.0,Z,0.0,Z,0.0,Z,0.0,A,,R,0.0,R,37.0,R,11.0,R,7.0,R,2.0,R,600.0,R,640.0,R,680.0,R,550.0,R,580.0,R,630.0,R,22.0,R,29.0,R,30.0,R,23.0,R,25.0,R,29.0,R,21.0,R,27.0,R,29.0
231095,5,3,1,3,5,5,3,1,3,5,1,3,R,52,R,14,R,33,S,,S,,R,48.0,R,12.0,R,32.0,S,,S,,R,7.0,R,2.0,R,5.0,S,,S,,R,7.0,R,2.0,R,5.0,S,,S,,R,0.0,R,0.0,R,0.0,S,,S,,A,,A,,A,,A,,A,,A,,A,,A,,A,,A,,A,,A,,A,,A,,A,,A,,A,,A,,A,
231165,1,3,1,1,5,3,3,1,3,3,1,3,R,3130,R,1527,R,1603,S,,S,,R,2605.0,R,1317.0,R,1288.0,S,,S,,R,567.0,R,306.0,R,261.0,S,,S,,R,560.0,R,304.0,R,256.0,S,,S,,R,7.0,R,2.0,R,5.0,S,,S,,A,,A,,A,,A,,A,,A,,A,,A,,A,,A,,A,,A,,A,,A,,A,,A,,A,,A,,A,
231174,1,5,1,1,1,3,5,1,3,5,1,3,R,28236,R,9582,R,18654,A,,R,0.0,R,16947.0,R,5577.0,R,11370.0,A,,R,0.0,R,2896.0,R,1061.0,R,1835.0,A,,R,0.0,R,2881.0,R,1056.0,R,1825.0,A,,R,0.0,R,15.0,R,5.0,R,10.0,A,,R,0.0,R,1003.0,R,35.0,R,319.0,R,11.0,R,640.0,R,680.0,R,720.0,R,610.0,R,660.0,R,700.0,R,29.0,R,31.0,R,32.0,R,29.0,R,33.0,R,35.0,R,26.0,R,28.0,R,31.0
231411,3,3,3,3,3,3,3,3,1,3,3,3,R,333,R,262,R,68,S,,S,,R,203.0,R,171.0,R,29.0,S,,S,,R,117.0,R,101.0,R,13.0,S,,S,,R,117.0,R,101.0,R,13.0,S,,S,,A,,A,,A,,S,,S,,A,,A,,A,,A,,A,,A,,A,,A,,A,,A,,A,,A,,A,,A,,A,,A,,A,,A,,A,
231420,1,5,5,5,5,3,5,1,5,5,5,3,R,3322,R,1811,R,1511,S,,S,,R,1588.0,R,971.0,R,617.0,S,,S,,R,283.0,R,170.0,R,113.0,S,,S,,R,280.0,R,170.0,R,110.0,S,,S,,R,3.0,R,0.0,R,3.0,S,,S,,R,23.0,R,8.0,R,5.0,R,2.0,R,495.0,R,540.0,R,615.0,R,465.0,R,530.0,R,576.0,R,16.0,R,18.0,R,23.0,A,,A,,A,,A,,A,,A,
231554,1,1,1,3,3,3,3,1,3,3,3,3,R,1057,R,551,R,490,A,,R,16.0,R,663.0,R,398.0,R,259.0,A,,R,6.0,R,180.0,R,123.0,R,57.0,A,,R,0.0,R,175.0,R,121.0,R,54.0,A,,R,0.0,R,5.0,R,2.0,R,3.0,A,,R,0.0,A,,A,,A,,A,,A,,A,,A,,A,,A,,A,,A,,A,,A,,A,,A,,A,,A,,A,,A,
231581,1,5,1,5,5,3,5,5,3,5,5,3,R,3984,R,2072,R,1904,R,8.0,R,0.0,R,3618.0,R,1862.0,R,1748.0,R,8.0,R,0.0,R,429.0,R,233.0,R,190.0,R,6.0,R,0.0,R,429.0,R,233.0,R,190.0,R,6.0,R,0.0,A,,A,,A,,A,,A,,R,43.0,R,10.0,R,5.0,R,1.0,R,530.0,R,600.0,R,660.0,R,540.0,R,610.0,R,715.0,R,28.0,R,29.0,R,29.0,R,27.0,R,28.0,R,29.0,R,24.0,R,27.0,R,28.0
231624,1,5,1,1,1,3,5,5,3,5,1,5,R,17548,R,6675,R,10873,A,,R,0.0,R,5741.0,R,2472.0,R,3269.0,A,,R,0.0,R,1619.0,R,662.0,R,957.0,A,,R,0.0,R,1619.0,R,662.0,R,957.0,A,,R,0.0,Z,0.0,Z,0.0,Z,0.0,A,,R,0.0,R,728.0,R,45.0,R,272.0,R,17.0,R,695.0,R,730.0,R,750.0,R,670.0,R,720.0,R,760.0,R,32.0,R,33.0,R,34.0,R,33.0,R,35.0,R,35.0,R,28.0,R,31.0,R,33.0
231651,1,3,1,5,3,3,5,1,3,3,1,3,R,7261,R,2841,R,4420,A,,R,0.0,R,2990.0,R,1136.0,R,1854.0,A,,R,0.0,R,643.0,R,254.0,R,389.0,A,,R,0.0,R,437.0,R,180.0,R,257.0,A,,R,0.0,R,206.0,R,74.0,R,132.0,A,,R,0.0,R,80.0,R,12.0,R,32.0,R,5.0,R,540.0,R,610.0,R,640.0,R,510.0,R,550.0,R,610.0,R,21.0,R,24.0,R,26.0,R,20.0,R,24.0,R,29.0,R,18.0,R,23.0,R,25.0
231712,1,5,1,1,5,5,5,5,5,5,1,5,R,7062,R,3208,R,3854,A,,R,0.0,R,6212.0,R,2756.0,R,3456.0,A,,R,0.0,R,1163.0,R,577.0,R,586.0,A,,R,0.0,R,1162.0,R,576.0,R,586.0,A,,R,0.0,R,1.0,R,1.0,R,0.0,A,,R,0.0,R,403.0,R,37.0,R,66.0,R,6.0,R,560.0,R,610.0,R,670.0,R,540.0,R,590.0,R,630.0,R,23.0,R,26.0,R,29.0,A,,A,,A,,A,,A,,A,
232025,1,3,1,3,5,5,5,1,3,3,5,3,R,2349,R,941,R,1372,S,,S,,R,2262.0,R,901.0,R,1327.0,S,,S,,R,339.0,R,149.0,R,190.0,S,,S,,R,338.0,R,149.0,R,189.0,S,,S,,R,1.0,R,0.0,R,1.0,S,,S,,R,62.0,R,19.0,R,39.0,R,12.0,R,530.0,R,590.0,R,630.0,R,500.0,R,550.0,R,610.0,R,21.0,R,25.0,R,30.0,R,19.0,R,23.0,R,27.0,R,20.0,R,25.0,R,26.0
232043,1,5,1,5,5,3,3,1,3,3,5,3,R,1179,R,464,R,670,S,,S,,R,1176.0,R,462.0,R,669.0,S,,S,,R,187.0,R,86.0,R,99.0,S,,S,,R,185.0,R,85.0,R,98.0,S,,S,,R,2.0,R,1.0,R,1.0,S,,S,,A,,A,,A,,A,,A,,A,,A,,A,,A,,A,,A,,A,,A,,A,,A,,A,,A,,A,,A,
232089,1,5,1,5,5,5,5,1,3,5,5,3,R,1483,R,873,R,610,A,,R,0.0,R,1483.0,R,873.0,R,610.0,A,,R,0.0,R,242.0,R,160.0,R,82.0,A,,R,0.0,R,239.0,R,160.0,R,79.0,A,,R,0.0,R,3.0,R,0.0,R,3.0,A,,R,0.0,R,14.0,R,6.0,R,0.0,R,0.0,R,455.0,R,520.0,R,580.0,R,425.0,R,470.0,R,520.0,A,,A,,A,,A,,A,,A,,A,,A,,A,
232186,1,3,1,1,5,5,5,1,3,5,5,3,R,22579,R,10485,R,12094,A,,R,0.0,R,20057.0,R,9131.0,R,10926.0,A,,R,0.0,R,4451.0,R,2316.0,R,2135.0,A,,R,0.0,R,4276.0,R,2218.0,R,2058.0,A,,R,0.0,R,175.0,R,98.0,R,77.0,A,,R,0.0,R,1555.0,R,35.0,R,141.0,R,3.0,R,580.0,R,630.0,R,670.0,R,560.0,R,610.0,R,670.0,R,25.0,R,28.0,R,30.0,R,24.0,R,27.0,R,31.0,R,23.0,R,26.0,R,28.0
232256,5,5,1,5,1,3,5,1,3,5,5,5,R,2224,R,2224,R,0,R,0.0,R,0.0,R,1115.0,R,1115.0,A,,A,,R,0.0,R,240.0,R,240.0,A,,A,,R,0.0,R,240.0,R,240.0,A,,A,,R,0.0,A,,A,,A,,A,,A,,R,35.0,R,15.0,R,8.0,R,3.0,R,540.0,R,580.0,R,620.0,R,520.0,R,560.0,R,610.0,R,22.0,R,27.0,R,31.0,R,20.0,R,22.0,R,30.0,R,21.0,R,25.0,R,28.0
232265,1,3,1,1,1,3,5,1,5,3,3,3,R,12119,R,3331,R,8788,R,0.0,R,0.0,R,5850.0,R,1616.0,R,4234.0,A,,R,0.0,R,1207.0,R,379.0,R,828.0,A,,R,0.0,R,1187.0,R,371.0,R,816.0,A,,R,0.0,R,20.0,R,8.0,R,12.0,A,,R,0.0,R,571.0,R,47.0,R,209.0,R,17.0,R,400.0,R,543.0,R,626.0,R,457.0,R,535.0,R,600.0,R,12.0,R,19.0,R,24.0,R,17.0,R,22.0,R,26.0,R,13.0,R,19.0,R,25.0
232308,1,5,1,5,1,3,5,1,3,5,1,3,R,2992,Z,0,R,2992,A,,R,0.0,R,2120.0,A,,R,2120.0,A,,R,0.0,R,192.0,A,,R,192.0,A,,R,0.0,R,192.0,A,,R,192.0,A,,R,0.0,A,,A,,A,,A,,A,,R,47.0,R,25.0,R,22.0,R,12.0,R,550.0,R,650.0,R,710.0,R,550.0,R,590.0,R,620.0,R,23.0,R,27.0,R,29.0,R,23.0,R,26.0,R,29.0,R,22.0,R,24.0,R,26.0
232423,1,3,1,1,5,3,5,1,3,5,5,3,R,35750,R,14547,R,21195,S,,S,,R,27258.0,R,10403.0,R,16850.0,S,,S,,R,4922.0,R,2105.0,R,2815.0,S,,S,,R,4916.0,R,2103.0,R,2811.0,S,,S,,R,6.0,R,2.0,R,4.0,S,,S,,R,951.0,R,19.0,R,161.0,R,3.0,R,600.0,R,630.0,R,670.0,R,570.0,R,610.0,R,650.0,R,25.0,R,27.0,R,29.0,A,,A,,A,,A,,A,,A,
232557,1,3,1,5,3,3,3,1,3,3,1,3,R,36921,R,16179,R,20677,A,,R,65.0,R,36671.0,R,16065.0,R,20542.0,A,,R,64.0,R,6419.0,R,3195.0,R,3212.0,A,,R,12.0,R,4361.0,R,2065.0,R,2291.0,A,,R,5.0,R,2058.0,R,1130.0,R,921.0,A,,R,7.0,A,,A,,A,,A,,A,,A,,A,,A,,A,,A,,A,,A,,A,,A,,A,,A,,A,,A,,A,
232566,1,5,1,1,5,3,5,1,3,5,5,5,R,6078,R,2055,R,4023,A,,R,0.0,R,5154.0,R,1703.0,R,3451.0,A,,R,0.0,R,793.0,R,227.0,R,566.0,A,,R,0.0,R,786.0,R,221.0,R,565.0,A,,R,0.0,R,7.0,R,6.0,R,1.0,A,,R,0.0,R,244.0,R,31.0,R,23.0,R,3.0,R,520.0,R,570.0,R,620.0,R,500.0,R,540.0,R,570.0,R,22.0,R,24.0,R,25.0,A,,A,,A,,A,,A,,A,
232609,1,3,1,1,5,5,5,1,5,5,5,3,R,4813,R,2064,R,2749,A,,R,0.0,R,3956.0,R,1696.0,R,2260.0,A,,R,0.0,R,478.0,R,195.0,R,283.0,A,,R,0.0,R,473.0,R,193.0,R,280.0,A,,R,0.0,R,5.0,R,2.0,R,3.0,A,,R,0.0,R,87.0,R,18.0,R,0.0,R,0.0,R,490.0,R,560.0,R,630.0,R,490.0,R,540.0,R,600.0,A,,A,,A,,A,,A,,A,,A,,A,,A,
232618,1,3,1,5,1,5,3,3,1,5,1,3,R,1,R,0,R,1,R,0.0,R,0.0,R,1.0,A,,R,1.0,A,,R,0.0,R,0.0,A,,R,0.0,A,,R,0.0,A,,A,,A,,A,,R,0.0,A,,A,,A,,A,,R,0.0,A,,A,,A,,A,,A,,A,,A,,A,,A,,A,,A,,A,,A,,A,,A,,A,,A,,A,,A,
232681,1,5,1,1,5,3,5,1,3,5,5,5,R,4606,R,1605,R,3001,A,,R,0.0,R,3973.0,R,1357.0,R,2616.0,A,,R,0.0,R,758.0,R,259.0,R,499.0,A,,R,0.0,R,737.0,R,257.0,R,480.0,A,,R,0.0,R,21.0,R,2.0,R,19.0,A,,R,0.0,R,238.0,R,31.0,R,35.0,R,5.0,R,600.0,R,650.0,R,690.0,R,540.0,R,590.0,R,640.0,R,23.0,R,26.0,R,31.0,R,23.0,R,26.0,R,32.0,R,19.0,R,25.0,R,28.0
232706,1,5,1,5,5,3,3,1,3,5,5,5,R,3598,R,1111,R,1536,A,,R,951.0,R,2897.0,R,781.0,R,1197.0,A,,R,919.0,R,410.0,R,185.0,R,225.0,A,,R,0.0,R,407.0,R,184.0,R,223.0,A,,R,0.0,R,3.0,R,1.0,R,2.0,A,,R,0.0,A,,A,,A,,A,,A,,A,,A,,A,,A,,A,,A,,A,,A,,A,,A,,A,,A,,A,,A,
232937,1,5,1,5,1,3,5,1,3,3,3,3,R,10211,R,3217,R,6994,S,,S,,R,8931.0,R,2728.0,R,6203.0,S,,S,,R,1503.0,R,522.0,R,981.0,S,,S,,R,1414.0,R,495.0,R,919.0,S,,S,,R,89.0,R,27.0,R,62.0,S,,S,,R,37.0,R,3.0,R,14.0,R,1.0,R,430.0,R,510.0,R,575.0,R,410.0,R,470.0,R,525.0,R,16.0,R,18.0,R,21.0,A,,A,,A,,A,,A,,A,
232982,1,5,1,5,5,3,1,1,3,3,5,3,R,15216,R,6813,R,8390,A,,R,13.0,R,13773.0,R,6082.0,R,7679.0,A,,R,12.0,R,2717.0,R,1254.0,R,1460.0,A,,R,3.0,R,2672.0,R,1235.0,R,1434.0,A,,R,3.0,R,45.0,R,19.0,R,26.0,A,,R,0.0,R,535.0,R,81.0,R,83.0,R,13.0,R,570.0,R,610.0,R,660.0,R,540.0,R,580.0,R,630.0,R,22.0,R,24.0,R,27.0,R,21.0,R,24.0,R,26.0,R,20.0,R,23.0,R,25.0
233277,1,5,1,5,5,3,5,1,3,3,5,3,R,11072,R,4263,R,6794,A,,R,15.0,R,10036.0,R,3818.0,R,6204.0,A,,R,14.0,R,1103.0,R,380.0,R,719.0,A,,R,4.0,R,1101.0,R,380.0,R,717.0,A,,R,4.0,R,2.0,Z,0.0,R,2.0,A,,R,0.0,R,209.0,R,19.0,R,38.0,R,3.0,R,490.0,R,540.0,R,610.0,R,460.0,R,510.0,R,560.0,R,19.0,R,22.0,R,26.0,R,17.0,R,19.0,R,25.0,R,19.0,R,22.0,R,26.0
233295,1,5,1,1,1,3,5,1,3,3,1,5,R,2620,R,1304,R,1316,A,,R,0.0,R,2185.0,R,1060.0,R,1125.0,A,,R,0.0,R,431.0,R,209.0,R,222.0,A,,R,0.0,R,430.0,R,208.0,R,222.0,A,,R,0.0,R,1.0,R,1.0,R,0.0,A,,R,0.0,R,136.0,R,32.0,R,18.0,R,4.0,R,530.0,R,580.0,R,630.0,R,510.0,R,555.0,R,580.0,R,22.0,R,26.0,R,29.0,R,20.0,R,28.0,R,32.0,R,17.0,R,24.0,R,28.0
233301,1,3,1,5,5,3,5,1,3,5,5,5,R,1935,R,708,R,1223,S,,S,,R,1837.0,R,670.0,R,1163.0,S,,S,,R,200.0,R,84.0,R,115.0,S,,S,,R,200.0,R,84.0,R,115.0,S,,S,,R,0.0,R,0.0,R,0.0,S,,S,,R,10.0,R,5.0,R,8.0,R,4.0,R,520.0,R,555.0,R,580.0,R,440.0,R,545.0,R,630.0,R,20.0,R,22.0,R,24.0,R,15.0,R,22.0,R,25.0,R,16.0,R,21.0,R,24.0
233338,1,3,1,3,5,3,3,1,3,3,5,3,R,1747,R,701,R,1022,A,,R,24.0,R,1256.0,R,507.0,R,734.0,A,,R,15.0,C,423.0,C,194.0,C,221.0,A,,R,8.0,C,361.0,C,175.0,C,182.0,A,,R,4.0,R,62.0,R,19.0,R,39.0,A,,R,4.0,A,,A,,A,,A,,A,,A,,A,,A,,A,,A,,A,,A,,A,,A,,A,,A,,A,,A,,A,
233374,1,5,1,1,1,3,5,1,3,5,1,5,R,15121,R,6478,R,8643,R,0.0,R,0.0,R,3525.0,R,1574.0,R,1951.0,A,,R,0.0,R,833.0,R,387.0,R,446.0,A,,R,0.0,R,832.0,R,386.0,R,446.0,A,,R,0.0,R,1.0,R,1.0,R,0.0,A,,R,0.0,R,165.0,R,20.0,R,131.0,R,16.0,R,690.0,R,720.0,R,750.0,R,720.0,R,750.0,R,780.0,R,32.0,R,33.0,R,34.0,A,,A,,A,,A,,A,,A,
233408,1,3,1,3,3,3,3,1,1,3,3,3,R,30,R,2,R,28,A,,R,0.0,R,5.0,R,1.0,R,4.0,A,,R,0.0,R,4.0,R,1.0,R,3.0,A,,R,0.0,R,4.0,R,1.0,R,3.0,A,,R,0.0,A,,A,,A,,A,,A,,A,,A,,A,,A,,A,,A,,A,,A,,A,,A,,A,,A,,A,,A,,A,,A,,A,,A,,A,
233426,1,5,1,5,5,5,5,1,5,5,5,5,R,6829,R,2752,R,4077,A,,R,0.0,R,5468.0,R,2211.0,R,3257.0,A,,R,0.0,R,531.0,R,239.0,R,292.0,A,,R,0.0,R,531.0,R,239.0,R,292.0,A,,R,0.0,A,,A,,A,,A,,A,,R,155.0,R,29.0,R,36.0,R,7.0,R,560.0,R,600.0,R,650.0,R,530.0,R,580.0,R,620.0,R,22.0,R,26.0,R,30.0,R,24.0,R,30.0,R,33.0,R,19.0,R,23.0,R,27.0
233541,1,3,1,5,5,1,3,1,3,3,3,3,R,3763,R,1459,R,2304,R,0.0,R,0.0,R,2929.0,R,1250.0,R,1679.0,A,,R,0.0,R,485.0,R,226.0,R,259.0,A,,R,0.0,R,485.0,R,226.0,R,259.0,A,,R,0.0,R,0.0,R,0.0,R,0.0,A,,R,0.0,A,,A,,A,,A,,A,,A,,A,,A,,A,,A,,A,,A,,A,,A,,A,,A,,A,,A,,A,
233611,1,3,1,5,5,5,5,1,3,5,5,3,R,1101,R,550,R,546,S,,S,,R,1097.0,R,549.0,R,544.0,S,,S,,R,295.0,R,167.0,R,126.0,S,,S,,R,286.0,R,162.0,R,122.0,S,,S,,R,9.0,R,5.0,R,4.0,S,,S,,R,17.0,R,6.0,R,96.0,R,33.0,R,480.0,R,590.0,R,658.0,R,463.0,R,560.0,R,595.0,R,18.0,R,21.0,R,25.0,R,16.0,R,21.0,R,25.0,R,17.0,R,20.0,R,21.0
233718,1,5,1,1,1,3,5,1,3,5,5,3,R,1136,R,0,R,1136,R,0.0,R,0.0,R,815.0,A,,R,815.0,A,,R,0.0,R,138.0,A,,R,138.0,A,,R,0.0,R,138.0,A,,R,138.0,A,,R,0.0,A,,A,,A,,A,,A,,R,34.0,R,25.0,R,12.0,R,9.0,R,560.0,R,630.0,R,670.0,R,540.0,R,600.0,R,640.0,R,21.0,R,25.0,R,27.0,R,20.0,R,23.0,R,29.0,R,17.0,R,20.0,R,24.0
233897,1,5,1,1,5,3,5,3,3,5,5,3,R,1414,R,680,R,734,S,,S,,R,1328.0,R,637.0,R,691.0,S,,S,,R,290.0,R,144.0,R,146.0,S,,S,,R,288.0,R,144.0,R,144.0,S,,S,,R,2.0,R,0.0,R,2.0,S,,S,,R,35.0,R,12.0,R,34.0,R,12.0,R,470.0,R,540.0,R,615.0,R,465.0,R,520.0,R,560.0,R,20.0,R,23.0,R,25.0,R,19.0,R,21.0,R,25.0,R,19.0,R,23.0,R,25.0
233921,1,3,1,5,3,3,5,1,3,3,1,3,R,47208,R,26966,R,20135,R,107.0,R,0.0,R,26923.0,R,14527.0,R,12337.0,R,59.0,R,0.0,R,7196.0,R,3932.0,R,3247.0,R,17.0,R,0.0,R,7180.0,R,3923.0,R,3240.0,R,17.0,R,0.0,R,16.0,R,9.0,R,7.0,R,0.0,R,0.0,R,3103.0,R,43.0,R,484.0,R,7.0,R,620.0,R,660.0,R,700.0,R,620.0,R,670.0,R,720.0,R,27.0,R,30.0,R,32.0,R,25.0,R,29.0,R,33.0,R,25.0,R,28.0,R,31.0
234030,1,5,1,5,5,1,5,1,3,5,1,3,R,19052,R,7068,R,11983,A,,R,1.0,R,17729.0,R,6481.0,R,11247.0,A,,R,1.0,R,4519.0,R,1645.0,R,2873.0,A,,R,1.0,R,4487.0,R,1633.0,R,2853.0,A,,R,1.0,R,32.0,R,12.0,R,20.0,A,,R,0.0,R,1589.0,R,35.0,R,160.0,R,4.0,R,530.0,R,600.0,R,650.0,R,500.0,R,560.0,R,620.0,R,22.0,R,26.0,R,30.0,R,21.0,R,26.0,R,31.0,R,20.0,R,25.0,R,27.0
234076,5,5,1,5,1,3,5,5,3,5,1,3,R,56528,R,25709,R,30819,A,,R,0.0,R,9533.0,R,4089.0,R,5444.0,A,,R,0.0,R,3966.0,R,1690.0,R,2276.0,A,,R,0.0,R,3965.0,R,1689.0,R,2276.0,A,,R,0.0,R,1.0,R,1.0,R,0.0,A,,R,0.0,R,1973.0,R,50.0,R,627.0,R,16.0,R,700.0,R,730.0,R,750.0,R,710.0,R,760.0,R,780.0,R,32.0,R,33.0,R,34.0,R,33.0,R,35.0,R,35.0,R,29.0,R,32.0,R,35.0
234085,5,5,5,1,3,3,5,3,3,3,1,3,R,1171,R,966,R,204,A,,R,1.0,R,957.0,R,800.0,R,157.0,A,,R,0.0,R,469.0,R,401.0,R,68.0,A,,R,0.0,R,469.0,R,401.0,R,68.0,A,,R,0.0,A,,A,,A,,A,,A,,R,115.0,R,26.0,R,42.0,R,9.0,R,530.0,R,590.0,R,640.0,R,510.0,R,580.0,R,620.0,R,22.0,R,25.0,R,28.0,R,23.0,R,25.0,R,26.0,R,21.0,R,23.0,R,28.0
234155,1,5,1,5,1,3,5,1,3,3,3,3,R,10577,R,3442,R,7135,R,0.0,R,0.0,R,9424.0,R,2968.0,R,6456.0,A,,R,0.0,R,1448.0,R,576.0,R,872.0,A,,R,0.0,R,1444.0,R,576.0,R,868.0,A,,R,0.0,R,4.0,R,0.0,R,4.0,A,,R,0.0,R,196.0,R,14.0,R,23.0,R,2.0,R,420.0,R,480.0,R,540.0,R,380.0,R,430.0,R,510.0,R,14.0,R,18.0,R,20.0,A,,A,,A,,A,,A,,A,
234164,1,5,1,5,5,3,5,5,3,5,5,3,R,2771,R,1108,R,1624,S,,S,,R,2708.0,R,1074.0,R,1598.0,S,,S,,R,415.0,R,215.0,R,200.0,S,,S,,R,361.0,R,184.0,R,177.0,S,,S,,R,54.0,R,31.0,R,23.0,S,,S,,R,35.0,R,10.0,R,0.0,R,0.0,R,390.0,R,440.0,R,510.0,R,360.0,R,420.0,R,500.0,A,,A,,A,,A,,A,,A,,A,,A,,A,
234173,1,5,1,1,5,5,5,5,3,5,5,5,R,2651,R,1166,R,1485,R,0.0,R,0.0,R,1890.0,R,786.0,R,1104.0,A,,R,0.0,R,373.0,R,176.0,R,197.0,A,,R,0.0,R,370.0,R,174.0,R,196.0,A,,R,0.0,R,3.0,R,2.0,R,1.0,A,,R,0.0,R,21.0,R,6.0,R,6.0,R,2.0,R,560.0,R,650.0,R,670.0,R,580.0,R,620.0,R,680.0,R,28.0,R,28.0,R,29.0,R,25.0,R,28.0,R,31.0,R,25.0,R,26.0,R,26.0
234207,5,5,1,1,1,5,5,5,3,5,5,5,R,6820,R,3393,R,3427,Z,0.0,R,0.0,R,1184.0,R,547.0,R,637.0,A,,R,0.0,R,502.0,R,241.0,R,261.0,A,,R,0.0,R,502.0,R,241.0,R,261.0,A,,R,0.0,A,,A,,A,,A,,A,,R,138.0,R,27.0,R,125.0,R,25.0,R,710.0,R,730.0,R,750.0,R,700.0,R,760.0,R,780.0,R,32.0,R,34.0,R,35.0,R,34.0,R,35.0,R,35.0,R,29.0,R,32.0,R,34.0
234827,1,1,3,5,3,3,3,3,3,3,3,5,R,6829,R,2895,R,3876,S,,S,,R,6161.0,R,2581.0,R,3530.0,S,,S,,C,1568.0,C,765.0,C,781.0,S,,S,,C,1481.0,C,720.0,C,740.0,S,,S,,C,87.0,C,45.0,C,41.0,S,,S,,A,,A,,A,,A,,A,,A,,A,,A,,A,,A,,A,,A,,A,,A,,A,,A,,A,,A,,A,
235024,1,3,1,3,1,1,3,1,3,5,1,3,R,1097,R,293,R,769,R,35.0,R,0.0,R,773.0,R,197.0,R,548.0,R,28.0,R,0.0,R,163.0,R,42.0,R,108.0,R,13.0,R,0.0,R,163.0,R,42.0,R,108.0,R,13.0,R,0.0,A,,A,,A,,A,,A,,A,,A,,A,,A,,A,,A,,A,,A,,A,,A,,A,,A,,A,,A,,A,,A,,A,,A,,A,
235097,1,3,1,1,3,3,3,1,3,3,3,3,R,6415,R,2531,R,3816,A,,R,68.0,R,5887.0,R,2318.0,R,3504.0,A,,R,65.0,R,1340.0,R,553.0,R,784.0,A,,R,3.0,R,1307.0,R,539.0,R,766.0,A,,R,2.0,R,33.0,R,14.0,R,18.0,A,,R,1.0,A,,A,,A,,A,,A,,A,,A,,A,,A,,A,,A,,A,,A,,A,,A,,A,,A,,A,,A,
235167,1,3,1,1,5,5,5,1,3,5,5,3,R,1443,R,507,R,921,S,,S,,R,1403.0,R,485.0,R,903.0,S,,S,,R,364.0,R,145.0,R,219.0,S,,S,,R,355.0,R,143.0,R,212.0,S,,S,,R,9.0,R,2.0,R,7.0,S,,S,,R,45.0,R,12.0,R,16.0,R,4.0,R,470.0,R,600.0,R,670.0,R,420.0,R,530.0,R,590.0,R,22.0,R,26.0,R,26.0,R,20.0,R,23.0,R,30.0,R,17.0,R,19.0,R,24.0
235316,1,3,1,1,1,3,5,1,3,5,1,3,R,9530,R,4293,R,5156,R,81.0,R,0.0,R,7239.0,R,3224.0,R,3964.0,R,51.0,R,0.0,R,1254.0,R,590.0,R,656.0,R,8.0,R,0.0,R,1253.0,R,590.0,R,655.0,R,8.0,R,0.0,R,1.0,R,0.0,R,1.0,R,0.0,R,0.0,R,312.0,R,25.0,R,113.0,R,9.0,R,620.0,R,660.0,R,710.0,R,600.0,R,655.0,R,700.0,R,26.0,R,28.0,R,31.0,R,25.0,R,28.0,R,32.0,R,25.0,R,27.0,R,30.0
236133,1,3,1,5,5,3,5,1,3,3,5,3,R,586,R,217,R,368,S,,S,,R,516.0,R,183.0,R,333.0,S,,S,,R,152.0,R,68.0,R,84.0,S,,S,,R,149.0,R,67.0,R,82.0,S,,S,,R,3.0,R,1.0,R,2.0,S,,S,,R,29.0,R,19.0,R,8.0,R,5.0,R,520.0,R,600.0,R,660.0,R,520.0,R,600.0,R,665.0,R,24.0,R,25.0,R,29.0,R,17.0,R,24.0,R,31.0,R,18.0,R,27.0,R,28.0
236230,1,5,1,5,5,3,5,5,3,5,1,5,R,4139,R,1716,R,2252,R,169.0,R,2.0,R,3333.0,R,1300.0,R,1888.0,R,144.0,R,1.0,R,624.0,R,229.0,R,365.0,R,30.0,R,0.0,R,622.0,R,227.0,R,365.0,R,30.0,R,0.0,R,2.0,R,2.0,R,0.0,R,0.0,R,0.0,R,42.0,R,7.0,R,24.0,R,4.0,R,515.0,R,575.0,R,630.0,R,473.0,R,555.0,R,628.0,R,21.0,R,24.0,R,27.0,R,20.0,R,25.0,R,27.0,R,19.0,R,24.0,R,26.0
236328,1,3,1,5,1,3,5,1,3,5,1,5,R,5548,R,2480,R,3068,A,,R,0.0,R,4232.0,R,1739.0,R,2493.0,A,,R,0.0,R,463.0,R,219.0,R,244.0,A,,R,0.0,R,463.0,R,219.0,R,244.0,A,,R,0.0,R,0.0,R,0.0,R,0.0,A,,R,0.0,R,135.0,R,29.0,R,63.0,R,14.0,R,615.0,R,670.0,R,710.0,R,570.0,R,640.0,R,680.0,R,27.0,R,30.0,R,31.0,R,25.0,R,29.0,R,34.0,R,24.0,R,26.0,R,28.0
236452,1,3,1,5,1,3,5,1,3,5,5,3,R,3473,R,931,R,1440,S,,S,,R,2637.0,R,584.0,R,957.0,S,,S,,R,263.0,R,104.0,R,147.0,S,,S,,R,260.0,R,103.0,R,145.0,S,,S,,R,3.0,R,1.0,R,2.0,S,,S,,R,31.0,R,12.0,R,11.0,R,4.0,R,500.0,R,545.0,R,590.0,R,470.0,R,525.0,R,590.0,R,14.0,R,19.0,R,22.0,R,11.0,R,16.0,R,19.0,R,15.0,R,15.0,R,16.0
236577,1,3,1,3,1,3,5,1,3,3,3,3,R,2806,R,946,R,1860,A,,R,0.0,R,2556.0,R,846.0,R,1710.0,A,,R,0.0,R,382.0,R,131.0,R,251.0,A,,R,0.0,R,381.0,R,130.0,R,251.0,A,,R,0.0,R,1.0,R,1.0,R,0.0,A,,R,0.0,R,80.0,R,21.0,R,17.0,R,5.0,R,530.0,R,600.0,R,660.0,R,520.0,R,600.0,R,660.0,R,20.0,R,23.0,R,28.0,R,19.0,R,23.0,R,29.0,R,18.0,R,23.0,R,26.0
236595,1,5,1,1,1,3,5,1,3,5,1,5,R,8976,R,3317,R,5659,A,,R,0.0,R,6826.0,R,2537.0,R,4289.0,A,,R,0.0,R,1049.0,R,388.0,R,661.0,A,,R,0.0,R,1041.0,R,385.0,R,656.0,A,,R,0.0,R,8.0,R,3.0,R,5.0,A,,R,0.0,R,253.0,R,24.0,R,67.0,R,6.0,R,570.0,R,630.0,R,670.0,R,560.0,R,630.0,R,680.0,R,23.0,R,27.0,R,30.0,R,23.0,R,28.0,R,33.0,R,23.0,R,26.0,R,28.0
236939,1,3,1,1,3,3,3,1,3,3,5,3,R,26166,R,10675,R,15491,A,,R,0.0,R,22335.0,R,9116.0,R,13219.0,A,,R,0.0,R,4249.0,R,1964.0,R,2285.0,A,,R,0.0,R,4132.0,R,1906.0,R,2226.0,A,,R,0.0,R,117.0,R,58.0,R,59.0,A,,R,0.0,A,,A,,A,,A,,A,,A,,A,,A,,A,,A,,A,,A,,A,,A,,A,,A,,A,,A,,A,
236948,1,3,1,1,3,3,3,1,3,5,1,3,R,62428,R,27518,R,34910,A,,R,0.0,R,26552.0,R,10590.0,R,15962.0,A,,R,0.0,R,7011.0,R,3109.0,R,3902.0,A,,R,0.0,R,6928.0,R,3071.0,R,3857.0,A,,R,0.0,R,83.0,R,38.0,R,45.0,A,,R,0.0,A,,A,,A,,A,,A,,A,,A,,A,,A,,A,,A,,A,,A,,A,,A,,A,,A,,A,,A,
237011,1,5,1,5,5,5,5,1,3,5,1,3,R,14243,R,5586,R,8623,A,,R,34.0,R,13005.0,R,5039.0,R,7939.0,A,,R,27.0,R,3184.0,R,1275.0,R,1889.0,A,,R,20.0,R,3112.0,R,1250.0,R,1844.0,A,,R,18.0,R,72.0,R,25.0,R,45.0,A,,R,2.0,R,284.0,R,9.0,R,91.0,R,3.0,R,570.0,R,640.0,R,690.0,R,540.0,R,590.0,R,660.0,R,23.0,R,26.0,R,29.0,R,22.0,R,26.0,R,31.0,R,21.0,R,25.0,R,27.0
237057,5,5,1,5,1,5,5,1,3,5,5,5,R,6185,R,2745,R,3440,R,0.0,R,0.0,R,3092.0,R,1171.0,R,1921.0,A,,R,0.0,R,444.0,R,183.0,R,261.0,A,,R,0.0,R,444.0,R,183.0,R,261.0,A,,R,0.0,A,,A,,A,,A,,A,,R,139.0,R,31.0,R,50.0,R,11.0,R,650.0,R,690.0,R,740.0,R,620.0,R,670.0,R,740.0,R,27.0,R,30.0,R,33.0,R,26.0,R,31.0,R,35.0,R,25.0,R,29.0,R,32.0
237066,1,3,1,5,5,3,5,1,3,3,5,3,R,4740,R,2112,R,2627,A,,R,1.0,R,4113.0,R,1772.0,R,2341.0,A,,R,0.0,R,553.0,R,236.0,R,317.0,A,,R,0.0,R,549.0,R,235.0,R,314.0,A,,R,0.0,R,4.0,R,1.0,R,3.0,A,,R,0.0,R,111.0,R,20.0,R,30.0,R,5.0,R,560.0,R,620.0,R,670.0,R,540.0,R,590.0,R,650.0,R,21.0,R,25.0,R,29.0,R,20.0,R,24.0,R,30.0,R,20.0,R,24.0,R,26.0
237136,1,3,1,3,1,3,1,1,3,3,3,3,R,70,R,37,R,33,A,,R,0.0,R,69.0,R,36.0,R,33.0,A,,R,0.0,R,53.0,R,29.0,R,24.0,A,,R,0.0,R,53.0,R,29.0,R,24.0,A,,R,0.0,R,0.0,R,0.0,R,0.0,A,,R,0.0,R,18.0,R,34.0,R,18.0,R,34.0,R,528.0,R,595.0,R,630.0,R,500.0,R,520.0,R,570.0,R,18.0,R,19.0,R,23.0,R,16.0,R,21.0,R,24.0,R,16.0,R,17.0,R,23.0
237181,1,5,1,1,5,5,3,1,3,5,5,5,R,2435,R,1366,R,967,R,102.0,R,0.0,R,1473.0,R,721.0,R,674.0,R,78.0,R,0.0,R,243.0,R,158.0,R,75.0,R,10.0,R,0.0,R,240.0,R,157.0,R,73.0,R,10.0,R,0.0,R,3.0,R,1.0,R,2.0,R,0.0,R,0.0,A,,A,,A,,A,,A,,A,,A,,A,,A,,A,,A,,A,,A,,A,,A,,A,,A,,A,,A,
237215,1,3,1,5,3,3,5,1,3,3,3,3,R,720,R,303,R,417,A,,R,0.0,R,628.0,R,264.0,R,364.0,A,,R,0.0,R,216.0,R,88.0,R,128.0,A,,R,0.0,R,205.0,R,85.0,R,120.0,A,,R,0.0,R,11.0,R,3.0,R,8.0,A,,R,0.0,R,97.0,R,45.0,R,44.0,R,20.0,R,440.0,R,490.0,R,540.0,R,430.0,R,485.0,R,540.0,R,17.0,R,20.0,R,22.0,R,15.0,R,18.0,R,21.0,R,16.0,R,19.0,R,21.0
237312,1,3,1,3,3,3,3,1,3,3,5,3,R,1635,R,641,R,991,S,,S,,R,1055.0,R,399.0,R,655.0,S,,S,,R,253.0,R,118.0,R,135.0,S,,S,,R,246.0,R,117.0,R,129.0,S,,S,,R,7.0,R,1.0,R,6.0,S,,S,,A,,A,,A,,A,,A,,A,,A,,A,,A,,A,,A,,A,,A,,A,,A,,A,,A,,A,,A,
237330,1,3,1,5,3,3,5,1,3,3,5,3,R,2376,R,1096,R,1280,A,,R,0.0,R,2130.0,R,952.0,R,1178.0,A,,R,0.0,R,443.0,R,202.0,R,241.0,A,,R,0.0,R,438.0,R,201.0,R,237.0,A,,R,0.0,R,5.0,R,1.0,R,4.0,A,,R,0.0,R,310.0,R,70.0,R,134.0,R,30.0,R,440.0,R,490.0,R,550.0,R,400.0,R,460.0,R,530.0,R,17.0,R,20.0,R,22.0,R,15.0,R,20.0,R,23.0,R,16.0,R,18.0,R,21.0
237358,1,3,1,1,5,5,5,1,3,3,3,5,R,929,R,431,R,471,A,,R,27.0,R,541.0,R,250.0,R,291.0,A,,R,0.0,R,237.0,R,119.0,R,118.0,A,,R,0.0,R,237.0,R,119.0,R,118.0,A,,R,0.0,R,0.0,R,0.0,R,0.0,A,,R,0.0,R,64.0,R,34.0,R,22.0,R,12.0,R,450.0,R,500.0,R,575.0,R,430.0,R,485.0,R,550.0,R,1.0,R,5.0,R,14.0,R,1.0,R,2.0,R,9.0,R,1.0,R,5.0,R,7.0
237367,1,3,1,3,3,3,1,1,3,3,3,3,R,1979,R,757,R,1221,S,,S,,R,1964.0,R,749.0,R,1214.0,S,,S,,R,673.0,R,296.0,R,377.0,S,,S,,R,645.0,R,289.0,R,356.0,S,,S,,R,28.0,R,7.0,R,21.0,S,,S,,R,503.0,R,75.0,R,246.0,R,37.0,R,450.0,R,510.0,R,560.0,R,380.0,R,455.0,R,480.0,R,17.0,R,20.0,R,23.0,R,16.0,R,20.0,R,23.0,R,16.0,R,19.0,R,22.0
237525,1,3,3,3,3,3,5,1,3,3,3,3,R,6499,R,2641,R,3858,A,,R,0.0,R,6269.0,R,2547.0,R,3722.0,A,,R,0.0,R,1739.0,R,719.0,R,1020.0,A,,R,0.0,R,1720.0,R,708.0,R,1012.0,A,,R,0.0,R,19.0,R,11.0,R,8.0,A,,R,0.0,R,1265.0,R,73.0,R,978.0,R,56.0,R,470.0,R,530.0,R,580.0,R,420.0,R,490.0,R,550.0,R,18.0,R,21.0,R,24.0,R,18.0,R,21.0,R,25.0,R,17.0,R,19.0,R,24.0
237561,3,3,1,3,1,3,3,1,1,3,3,3,R,62,R,30,R,32,A,,R,0.0,R,31.0,R,16.0,R,15.0,A,,R,0.0,R,30.0,R,15.0,R,15.0,A,,R,0.0,R,30.0,R,15.0,R,15.0,A,,R,0.0,A,,A,,A,,A,,A,,A,,A,,A,,A,,A,,A,,A,,A,,A,,A,,A,,A,,A,,A,,A,,A,,A,,A,,A,
237792,1,3,3,3,5,5,5,1,3,3,5,3,R,1793,R,751,R,1042,A,,R,0.0,R,1715.0,R,711.0,R,1004.0,A,,R,0.0,R,566.0,R,239.0,R,327.0,A,,R,0.0,R,559.0,R,237.0,R,322.0,A,,R,0.0,R,7.0,R,2.0,R,5.0,A,,R,0.0,R,342.0,R,60.0,R,43.0,R,8.0,R,470.0,R,520.0,R,580.0,R,430.0,R,490.0,R,560.0,R,20.0,R,22.0,R,24.0,R,20.0,R,22.0,R,26.0,R,17.0,R,20.0,R,23.0
237899,1,3,1,3,3,3,5,1,3,3,3,5,R,4465,R,1777,R,2619,A,,R,69.0,R,4303.0,R,1707.0,R,2530.0,A,,R,66.0,R,322.0,R,159.0,R,163.0,A,,R,0.0,R,314.0,R,155.0,R,159.0,A,,R,0.0,R,8.0,R,4.0,R,4.0,A,,R,0.0,R,76.0,R,24.0,R,26.0,R,8.0,R,430.0,R,495.0,R,550.0,R,400.0,R,460.0,R,523.0,R,16.0,R,20.0,R,22.0,R,14.0,R,19.0,R,22.0,R,15.0,R,17.0,R,19.0
237932,1,3,1,1,3,3,5,1,3,3,3,5,R,2077,R,814,R,1263,A,,R,0.0,R,1498.0,R,560.0,R,938.0,A,,R,0.0,R,419.0,R,177.0,R,242.0,A,,R,0.0,R,411.0,R,175.0,R,236.0,A,,R,0.0,R,8.0,R,2.0,R,6.0,A,,R,0.0,R,105.0,R,25.0,R,68.0,R,16.0,R,470.0,R,520.0,R,585.0,R,420.0,R,490.0,R,540.0,R,18.0,R,21.0,R,24.0,R,16.0,R,21.0,R,24.0,R,16.0,R,19.0,R,23.0
237950,1,3,1,3,3,3,5,5,3,3,3,3,R,1005,R,579,R,426,R,0.0,R,0.0,R,613.0,R,345.0,R,268.0,A,,R,0.0,R,308.0,R,179.0,R,129.0,A,,R,0.0,R,306.0,R,178.0,R,128.0,A,,R,0.0,R,2.0,R,1.0,R,1.0,A,,R,0.0,R,236.0,R,77.0,R,101.0,R,33.0,R,470.0,R,520.0,R,570.0,R,430.0,R,505.0,R,550.0,R,18.0,R,21.0,R,24.0,R,16.0,R,21.0,R,24.0,R,17.0,R,19.0,R,23.0
237969,1,5,1,1,5,5,5,1,3,5,5,3,R,1413,R,686,R,722,S,,S,,R,1343.0,R,648.0,R,691.0,S,,S,,R,307.0,R,162.0,R,145.0,S,,S,,R,306.0,R,161.0,R,145.0,S,,S,,R,1.0,R,1.0,R,0.0,S,,S,,R,133.0,R,43.0,R,76.0,R,25.0,R,460.0,R,520.0,R,580.0,R,418.0,R,500.0,R,563.0,R,18.0,R,21.0,R,23.0,R,17.0,R,21.0,R,24.0,R,17.0,R,20.0,R,23.0
238032,1,1,1,1,3,3,5,5,3,3,3,5,R,19857,R,9202,R,10655,A,,R,0.0,R,17129.0,R,7780.0,R,9349.0,A,,R,0.0,R,4377.0,R,2081.0,R,2296.0,A,,R,0.0,R,4370.0,R,2079.0,R,2291.0,A,,R,0.0,R,7.0,R,2.0,R,5.0,A,,R,0.0,R,2934.0,R,67.0,R,1306.0,R,30.0,R,520.0,R,570.0,R,630.0,R,490.0,R,550.0,R,610.0,R,20.0,R,23.0,R,26.0,R,20.0,R,22.0,R,26.0,R,18.0,R,22.0,R,26.0
238078,1,3,1,5,5,3,3,5,3,3,5,3,R,2103,R,1174,R,929,A,,R,0.0,R,1581.0,R,884.0,R,697.0,A,,R,0.0,R,170.0,R,116.0,R,54.0,A,,R,0.0,R,170.0,R,116.0,R,54.0,A,,R,0.0,A,,A,,A,,A,,A,,A,,A,,A,,A,,A,,A,,A,,A,,A,,A,,A,,A,,A,,A,,A,,A,,A,,A,,A,
238096,3,3,1,5,1,3,3,3,1,3,3,3,R,6,R,1,R,5,A,,R,0.0,R,5.0,R,0.0,R,5.0,A,,R,0.0,R,5.0,A,,R,5.0,A,,R,0.0,R,5.0,A,,R,5.0,A,,R,0.0,A,,A,,A,,A,,A,,A,,A,,A,,A,,A,,A,,A,,A,,A,,A,,A,,A,,A,,A,,A,,A,,A,,A,,A,
238193,1,3,1,3,3,1,3,1,3,3,3,3,R,667,R,0,R,650,R,16.0,R,1.0,R,621.0,A,,R,606.0,R,14.0,R,1.0,R,150.0,A,,R,145.0,R,5.0,R,0.0,R,146.0,A,,R,141.0,R,5.0,R,0.0,R,4.0,A,,R,4.0,R,0.0,R,0.0,A,,A,,A,,A,,A,,A,,A,,A,,A,,A,,A,,A,,A,,A,,A,,A,,A,,A,,A,
238324,1,3,1,3,3,3,3,1,3,5,1,3,R,69,R,4,R,65,S,,S,,R,69.0,R,4.0,R,65.0,S,,S,,R,60.0,R,2.0,R,58.0,S,,S,,R,56.0,R,2.0,R,54.0,S,,S,,R,4.0,R,0.0,R,4.0,S,,S,,A,,A,,A,,A,,A,,A,,A,,A,,A,,A,,A,,A,,A,,A,,A,,A,,A,,A,,A,
238333,1,5,1,5,5,5,5,1,3,5,1,5,R,3914,R,2219,R,1695,R,0.0,R,0.0,R,2245.0,R,1156.0,R,1089.0,A,,R,0.0,R,216.0,R,117.0,R,99.0,A,,R,0.0,R,216.0,R,117.0,R,99.0,A,,R,0.0,A,,A,,A,,A,,A,,R,17.0,R,8.0,R,20.0,R,9.0,R,630.0,R,680.0,R,720.0,R,580.0,R,600.0,R,640.0,R,26.0,R,29.0,R,31.0,R,26.0,R,28.0,R,33.0,R,25.0,R,26.0,R,30.0
238458,1,3,1,5,5,3,5,1,3,3,5,3,R,5972,R,2726,R,3217,R,29.0,R,0.0,R,3488.0,R,1353.0,R,2113.0,R,22.0,R,0.0,R,618.0,R,216.0,R,395.0,R,7.0,R,0.0,R,616.0,R,215.0,R,394.0,R,7.0,R,0.0,R,2.0,R,1.0,R,1.0,R,0.0,R,0.0,R,37.0,R,6.0,R,173.0,R,28.0,R,530.0,R,570.0,R,610.0,R,520.0,R,590.0,R,650.0,R,22.0,R,25.0,R,28.0,R,21.0,R,24.0,R,28.0,R,20.0,R,24.0,R,27.0
238476,1,5,1,5,3,3,5,5,3,3,5,3,R,8044,R,4009,R,4035,S,,S,,R,6769.0,R,3285.0,R,3484.0,S,,S,,R,778.0,R,350.0,R,428.0,S,,S,,R,777.0,R,349.0,R,428.0,S,,S,,R,1.0,R,1.0,R,0.0,S,,S,,R,123.0,R,16.0,R,220.0,R,28.0,R,490.0,R,550.0,R,605.0,R,510.0,R,550.0,R,600.0,R,19.0,R,22.0,R,26.0,R,19.0,R,23.0,R,26.0,R,19.0,R,23.0,R,26.0
238616,1,5,1,5,5,3,5,1,3,5,5,3,R,4537,R,2509,R,2028,A,,R,0.0,R,3064.0,R,1553.0,R,1511.0,A,,R,0.0,R,452.0,R,218.0,R,234.0,A,,R,0.0,R,452.0,R,218.0,R,234.0,A,,R,0.0,R,0.0,R,0.0,R,0.0,A,,R,0.0,A,,A,,R,42.0,R,9.0,A,,A,,A,,A,,A,,A,,R,22.0,R,26.0,R,29.0,R,21.0,R,24.0,R,31.0,R,21.0,R,25.0,R,27.0
238661,1,3,1,3,3,3,3,1,3,3,3,3,R,1315,R,431,R,881,A,,R,3.0,R,1243.0,R,398.0,R,842.0,A,,R,3.0,R,219.0,R,66.0,R,152.0,A,,R,1.0,R,217.0,R,65.0,R,151.0,A,,R,1.0,R,2.0,R,1.0,R,1.0,A,,R,0.0,A,,A,,A,,A,,A,,A,,A,,A,,A,,A,,A,,A,,A,,A,,A,,A,,A,,A,,A,
238980,1,3,1,5,5,3,3,1,3,5,5,3,R,1066,R,646,R,401,S,,S,,R,971.0,R,589.0,R,368.0,S,,S,,R,206.0,R,127.0,R,79.0,S,,S,,R,203.0,R,126.0,R,77.0,S,,S,,R,3.0,R,1.0,R,2.0,S,,S,,A,,A,,A,,A,,A,,A,,A,,A,,A,,A,,A,,A,,A,,A,,A,,A,,A,,A,,A,
239017,5,5,1,5,5,5,5,1,5,5,1,3,R,3489,R,1801,R,1688,R,0.0,R,0.0,R,2199.0,R,1034.0,R,1165.0,A,,R,0.0,R,336.0,R,167.0,R,169.0,A,,R,0.0,R,335.0,R,167.0,R,168.0,A,,R,0.0,R,1.0,R,0.0,R,1.0,A,,R,0.0,R,85.0,R,25.0,R,104.0,R,31.0,R,600.0,R,650.0,R,720.0,R,600.0,R,660.0,R,710.0,R,27.0,R,30.0,R,32.0,R,26.0,R,31.0,R,35.0,R,24.0,R,27.0,R,30.0
239071,1,3,1,5,1,3,1,3,3,5,1,3,R,206,R,103,R,103,A,,R,0.0,R,146.0,R,65.0,R,81.0,A,,R,0.0,R,102.0,R,45.0,R,57.0,A,,R,0.0,R,102.0,R,45.0,R,57.0,A,,R,0.0,R,0.0,R,0.0,R,0.0,A,,R,0.0,R,20.0,R,20.0,R,65.0,R,64.0,R,500.0,R,580.0,R,650.0,R,480.0,R,530.0,R,570.0,R,19.0,R,23.0,R,27.0,R,21.0,R,25.0,R,29.0,R,17.0,R,21.0,R,25.0
239080,1,5,1,3,3,3,3,1,3,3,5,3,R,1596,R,658,R,931,S,,S,,R,1067.0,R,379.0,R,682.0,S,,S,,R,227.0,R,83.0,R,144.0,S,,S,,R,203.0,R,81.0,R,122.0,S,,S,,R,24.0,R,2.0,R,22.0,S,,S,,A,,A,,A,,A,,A,,A,,A,,A,,A,,A,,A,,A,,A,,A,,A,,A,,A,,A,,A,
239105,1,5,1,1,5,3,5,1,3,5,5,3,R,15636,R,6588,R,9048,A,,R,0.0,R,13672.0,R,5675.0,R,7997.0,A,,R,0.0,R,1886.0,R,821.0,R,1065.0,A,,R,0.0,R,1882.0,R,820.0,R,1062.0,A,,R,0.0,R,4.0,R,1.0,R,3.0,A,,R,0.0,R,267.0,R,14.0,R,499.0,R,27.0,R,600.0,R,640.0,R,680.0,R,590.0,R,640.0,R,680.0,R,26.0,R,28.0,R,31.0,R,25.0,R,28.0,R,32.0,R,24.0,R,27.0,R,29.0
239309,1,3,5,5,5,1,5,1,3,5,5,3,R,1059,R,193,R,664,R,202.0,R,0.0,R,665.0,R,119.0,R,413.0,R,133.0,R,0.0,R,200.0,R,34.0,R,112.0,R,54.0,R,0.0,R,200.0,R,34.0,R,112.0,R,54.0,R,0.0,R,0.0,R,0.0,R,0.0,R,0.0,R,0.0,R,11.0,R,6.0,R,33.0,R,17.0,R,520.0,R,560.0,R,620.0,R,420.0,R,490.0,R,520.0,R,20.0,R,24.0,R,28.0,R,20.0,R,23.0,R,28.0,R,18.0,R,23.0,R,27.0
239318,1,3,1,3,3,3,3,1,3,3,3,3,R,6032,R,3858,R,2140,R,34.0,R,0.0,R,3643.0,R,2401.0,R,1232.0,R,10.0,R,0.0,R,672.0,R,477.0,R,195.0,R,0.0,R,0.0,R,672.0,R,477.0,R,195.0,A,,R,0.0,A,,A,,A,,A,,A,,A,,A,,A,,A,,A,,A,,A,,A,,A,,A,,A,,A,,A,,A,,A,,A,,A,,A,,A,
239390,1,5,1,3,3,3,5,1,3,3,3,3,R,933,R,0,R,913,R,19.0,R,1.0,R,871.0,A,,R,855.0,R,16.0,R,0.0,R,172.0,A,,R,166.0,R,6.0,R,0.0,R,171.0,A,,R,165.0,R,6.0,R,0.0,R,1.0,A,,R,1.0,R,0.0,R,0.0,R,4.0,R,2.0,R,36.0,R,21.0,S,,S,,S,,S,,S,,S,,R,16.0,R,20.0,R,24.0,R,15.0,R,19.0,R,24.0,R,15.0,R,18.0,R,23.0
239512,1,3,1,1,5,5,5,1,3,5,5,3,R,894,R,316,R,498,S,,S,,R,642.0,R,228.0,R,414.0,S,,S,,R,103.0,R,45.0,R,58.0,S,,S,,R,103.0,R,45.0,R,58.0,S,,S,,R,0.0,R,0.0,R,0.0,S,,S,,R,16.0,R,16.0,R,48.0,R,47.0,R,558.0,R,600.0,R,720.0,R,538.0,R,560.0,R,598.0,R,21.0,R,23.0,R,25.0,R,20.0,R,23.0,R,26.0,R,19.0,R,20.0,R,25.0
239628,5,5,1,5,5,3,5,1,3,3,5,3,R,1797,R,1133,R,664,S,,S,,R,1508.0,R,925.0,R,583.0,S,,S,,R,195.0,R,116.0,R,79.0,S,,S,,R,195.0,R,116.0,R,79.0,S,,S,,R,0.0,R,0.0,R,0.0,S,,S,,R,9.0,R,5.0,R,27.0,R,14.0,R,510.0,R,560.0,R,600.0,R,490.0,R,560.0,R,590.0,R,20.0,R,23.0,R,27.0,A,,A,,A,,A,,A,,A,
239716,1,5,1,5,5,5,5,1,5,5,1,3,R,3338,R,1613,R,1677,R,48.0,R,0.0,R,3076.0,R,1462.0,R,1573.0,R,41.0,R,0.0,R,490.0,R,236.0,R,249.0,R,5.0,R,0.0,R,490.0,R,236.0,R,249.0,R,5.0,R,0.0,R,0.0,R,0.0,R,0.0,R,0.0,R,0.0,R,24.0,R,5.0,R,124.0,R,26.0,R,533.0,R,580.0,R,610.0,R,533.0,R,565.0,R,610.0,R,22.0,R,26.0,R,29.0,R,21.0,R,25.0,R,29.0,R,21.0,R,25.0,R,28.0
240107,1,5,1,5,5,5,5,1,3,5,5,3,R,1399,R,497,R,902,A,,R,0.0,R,1025.0,R,314.0,R,711.0,A,,R,0.0,R,252.0,R,80.0,R,172.0,A,,R,0.0,R,252.0,R,80.0,R,172.0,A,,R,0.0,R,0.0,R,0.0,R,0.0,A,,R,0.0,R,10.0,R,4.0,R,87.0,R,35.0,R,520.0,R,555.0,R,670.0,R,520.0,R,575.0,R,710.0,R,22.0,R,24.0,R,27.0,R,21.0,R,24.0,R,27.0,R,21.0,R,23.0,R,26.0
240189,1,5,1,5,5,3,5,1,3,5,5,3,R,11190,R,5231,R,5958,S,,S,,R,9261.0,R,4314.0,R,4947.0,S,,S,,R,2217.0,R,1166.0,R,1051.0,S,,S,,R,2179.0,R,1149.0,R,1030.0,S,,S,,R,38.0,R,17.0,R,21.0,S,,S,,A,,A,,R,1608.0,R,73.0,A,,A,,A,,A,,A,,A,,R,18.0,R,21.0,R,24.0,R,16.0,R,20.0,R,23.0,R,16.0,R,20.0,R,25.0
240268,1,5,1,1,5,3,5,1,3,3,1,3,R,10315,R,3914,R,6400,S,,S,,R,7848.0,R,2827.0,R,5020.0,S,,S,,R,2163.0,R,818.0,R,1344.0,S,,S,,R,2139.0,R,811.0,R,1327.0,S,,S,,R,24.0,R,7.0,R,17.0,S,,S,,A,,A,,R,835.0,R,39.0,A,,A,,A,,A,,A,,A,,R,21.0,R,24.0,R,27.0,R,20.0,R,23.0,R,26.0,R,20.0,R,24.0,R,26.0
240277,1,3,1,5,5,5,5,1,5,5,5,3,R,6373,R,2421,R,3951,S,,S,,R,5598.0,R,2022.0,R,3576.0,S,,S,,R,1258.0,R,471.0,R,787.0,S,,S,,R,1186.0,R,439.0,R,747.0,S,,S,,R,72.0,R,32.0,R,40.0,S,,S,,A,,A,,R,550.0,R,44.0,A,,A,,A,,A,,A,,A,,R,18.0,R,21.0,R,25.0,R,16.0,R,21.0,R,24.0,R,17.0,R,20.0,R,25.0
240329,1,5,1,5,5,5,5,1,3,5,1,3,R,7312,R,3014,R,4297,S,,S,,R,5356.0,R,2018.0,R,3338.0,S,,S,,R,2301.0,R,946.0,R,1355.0,S,,S,,R,2291.0,R,941.0,R,1350.0,S,,S,,R,10.0,R,5.0,R,5.0,S,,S,,A,,A,,R,862.0,R,37.0,A,,A,,A,,A,,A,,A,,R,21.0,R,24.0,R,27.0,R,20.0,R,23.0,R,26.0,R,20.0,R,24.0,R,27.0
240338,1,3,1,5,5,3,5,5,3,5,5,3,R,1847,R,1153,R,694,A,,R,0.0,R,1460.0,R,892.0,R,568.0,A,,R,0.0,R,251.0,R,130.0,R,121.0,A,,R,0.0,R,251.0,R,130.0,R,121.0,A,,R,0.0,R,0.0,R,0.0,R,0.0,A,,R,0.0,R,13.0,R,5.0,R,95.0,R,38.0,R,540.0,R,600.0,R,660.0,R,520.0,R,570.0,R,640.0,R,22.0,R,25.0,R,28.0,R,21.0,R,24.0,R,28.0,R,21.0,R,25.0,R,27.0
240365,1,5,1,5,5,3,5,1,3,5,1,3,R,9082,R,3764,R,5318,S,,S,,R,7872.0,R,3166.0,R,4706.0,S,,S,,R,1751.0,R,785.0,R,966.0,S,,S,,R,1691.0,R,762.0,R,929.0,S,,S,,R,60.0,R,23.0,R,37.0,S,,S,,A,,A,,R,594.0,R,34.0,A,,A,,A,,A,,A,,A,,R,18.0,R,21.0,R,24.0,R,16.0,R,20.0,R,24.0,R,17.0,R,20.0,R,24.0
240374,1,5,1,1,5,5,5,1,5,5,5,5,R,3911,R,1886,R,2025,S,,S,,R,2840.0,R,1300.0,R,1540.0,S,,S,,R,565.0,R,275.0,R,290.0,S,,S,,R,537.0,R,262.0,R,275.0,S,,S,,R,28.0,R,13.0,R,15.0,S,,S,,A,,A,,R,154.0,R,27.0,A,,A,,A,,A,,A,,A,,R,18.0,R,21.0,R,25.0,R,17.0,R,21.0,R,24.0,R,16.0,R,19.0,R,24.0
240392,1,3,1,3,3,3,3,1,1,3,3,3,R,513,R,66,R,447,R,0.0,R,0.0,R,483.0,R,63.0,R,420.0,A,,R,0.0,R,330.0,R,43.0,R,287.0,A,,R,0.0,R,148.0,R,27.0,R,121.0,A,,R,0.0,R,182.0,R,16.0,R,166.0,A,,R,0.0,A,,A,,A,,A,,A,,A,,A,,A,,A,,A,,A,,A,,A,,A,,A,,A,,A,,A,,A,
240417,1,5,1,5,5,3,5,1,3,5,1,3,R,6440,R,3385,R,3055,S,,S,,R,5457.0,R,2793.0,R,2664.0,S,,S,,R,1267.0,R,740.0,R,527.0,S,,S,,R,1237.0,R,721.0,R,516.0,S,,S,,R,30.0,R,19.0,R,11.0,S,,S,,A,,A,,R,496.0,R,39.0,A,,A,,A,,A,,A,,A,,R,19.0,R,23.0,R,26.0,R,18.0,R,21.0,R,24.0,R,18.0,R,23.0,R,26.0
240426,1,5,1,5,5,5,5,1,5,5,1,3,R,2310,R,1040,R,1270,S,,S,,R,2163.0,R,961.0,R,1202.0,S,,S,,R,260.0,R,109.0,R,151.0,S,,S,,R,252.0,R,106.0,R,146.0,S,,S,,R,8.0,R,3.0,R,5.0,S,,S,,A,,A,,R,55.0,R,21.0,A,,A,,A,,A,,A,,A,,R,18.0,R,20.0,R,24.0,R,15.0,R,19.0,R,23.0,R,17.0,R,18.0,R,24.0
240444,1,5,1,1,1,3,5,1,3,5,1,3,R,63505,R,31492,R,32010,S,,S,,R,27529.0,R,12837.0,R,14690.0,S,,S,,R,7964.0,R,3680.0,R,4284.0,S,,S,,R,7937.0,R,3672.0,R,4265.0,S,,S,,R,27.0,R,8.0,R,19.0,S,,S,,R,1089.0,R,14.0,R,2385.0,R,30.0,R,660.0,R,700.0,R,730.0,R,700.0,R,750.0,R,780.0,R,28.0,R,30.0,R,32.0,R,27.0,R,31.0,R,34.0,R,26.0,R,29.0,R,32.0
240453,1,5,1,5,5,5,5,1,3,5,1,3,R,16662,R,7112,R,9548,S,,S,,R,14736.0,R,6123.0,R,8612.0,S,,S,,R,3366.0,R,1441.0,R,1925.0,S,,S,,R,3305.0,R,1412.0,R,1893.0,S,,S,,R,61.0,R,29.0,R,32.0,S,,S,,A,,A,,R,2304.0,R,68.0,A,,A,,A,,A,,A,,A,,R,18.0,R,21.0,R,24.0,R,16.0,R,21.0,R,24.0,R,17.0,R,20.0,R,24.0
240462,1,5,1,5,5,3,5,1,5,5,1,3,R,5754,R,3209,R,2545,S,,S,,R,5021.0,R,2830.0,R,2191.0,S,,S,,R,1445.0,R,913.0,R,532.0,S,,S,,R,1429.0,R,905.0,R,524.0,S,,S,,R,16.0,R,8.0,R,8.0,S,,S,,A,,A,,R,471.0,R,33.0,A,,A,,A,,A,,A,,A,,R,21.0,R,24.0,R,27.0,R,19.0,R,22.0,R,26.0,R,20.0,R,25.0,R,27.0
240471,1,5,1,5,5,3,5,1,3,3,5,5,R,5903,R,2285,R,3618,S,,S,,R,4818.0,R,1731.0,R,3087.0,S,,S,,R,1063.0,R,364.0,R,699.0,S,,S,,R,1049.0,R,361.0,R,688.0,S,,S,,R,14.0,R,3.0,R,11.0,S,,S,,A,,A,,R,412.0,R,39.0,A,,A,,A,,A,,A,,A,,R,19.0,R,22.0,R,25.0,R,17.0,R,21.0,R,24.0,R,17.0,R,21.0,R,25.0
240480,1,5,1,5,5,5,5,1,3,5,1,5,R,8820,R,3446,R,5372,S,,S,,R,7950.0,R,3042.0,R,4907.0,S,,S,,R,1828.0,R,806.0,R,1022.0,S,,S,,R,1794.0,R,792.0,R,1002.0,S,,S,,R,34.0,R,14.0,R,20.0,S,,S,,A,,A,,R,996.0,R,54.0,A,,A,,A,,A,,A,,A,,R,20.0,R,22.0,R,25.0,R,18.0,R,21.0,R,25.0,R,18.0,R,22.0,R,25.0
240727,1,3,1,1,3,3,3,1,3,3,3,3,R,5644,R,2525,R,2933,S,,S,,R,5498.0,R,2451.0,R,2871.0,S,,S,,R,1463.0,R,648.0,R,783.0,S,,S,,R,1434.0,R,636.0,R,768.0,S,,S,,R,29.0,R,12.0,R,15.0,S,,S,,A,,A,,A,,A,,A,,A,,A,,A,,A,,A,,A,,A,,A,,A,,A,,A,,A,,A,,A,
241191,1,3,1,3,5,3,3,5,3,3,3,3,R,375,R,152,R,223,R,0.0,R,0.0,R,375.0,R,152.0,R,223.0,A,,R,0.0,R,89.0,R,40.0,R,49.0,A,,R,0.0,R,83.0,R,38.0,R,45.0,A,,R,0.0,R,6.0,R,2.0,R,4.0,A,,R,0.0,A,,A,,A,,A,,A,,A,,A,,A,,A,,A,,A,,A,,A,,A,,A,,A,,A,,A,,A,
241225,1,3,1,3,3,3,3,3,1,3,5,3,R,110,R,44,R,66,A,,R,0.0,R,95.0,R,40.0,R,55.0,A,,R,0.0,R,91.0,R,40.0,R,51.0,A,,R,0.0,R,88.0,R,40.0,R,48.0,A,,R,0.0,R,3.0,R,0.0,R,3.0,A,,R,0.0,A,,A,,A,,A,,A,,A,,A,,A,,A,,A,,A,,A,,A,,A,,A,,A,,A,,A,,A,
241331,1,3,1,3,1,3,3,3,3,3,3,3,R,215,R,36,R,178,S,,S,,R,215.0,R,36.0,R,178.0,S,,S,,R,154.0,R,28.0,R,126.0,S,,S,,R,154.0,R,28.0,R,126.0,S,,S,,R,0.0,R,0.0,R,0.0,S,,S,,A,,A,,A,,A,,A,,A,,A,,A,,A,,A,,A,,A,,A,,A,,A,,A,,A,,A,,A,
241395,1,3,1,3,3,3,5,3,5,3,3,3,R,130,R,24,R,101,A,,R,5.0,R,111.0,R,21.0,R,85.0,A,,R,5.0,R,25.0,R,2.0,R,23.0,A,,R,0.0,R,24.0,R,2.0,R,22.0,A,,R,0.0,R,1.0,R,0.0,R,1.0,A,,R,0.0,R,0.0,R,0.0,R,0.0,R,0.0,A,,A,,A,,A,,A,,A,,A,,A,,A,,A,,A,,A,,A,,A,,A,
241410,1,3,1,3,3,3,5,3,5,3,3,3,R,3020,R,965,R,1764,R,29.0,R,262.0,R,2728.0,R,946.0,R,1754.0,R,28.0,R,0.0,R,760.0,R,282.0,R,472.0,R,6.0,R,0.0,R,758.0,R,281.0,R,471.0,R,6.0,R,0.0,R,2.0,R,1.0,R,1.0,R,0.0,R,0.0,R,10.0,R,1.0,R,0.0,R,0.0,R,575.0,R,625.0,R,658.0,R,548.0,R,660.0,R,678.0,A,,A,,A,,A,,A,,A,,A,,A,,A,
241720,1,3,1,3,3,3,3,3,1,3,3,3,R,68,R,27,R,41,S,,S,,R,55.0,R,25.0,R,30.0,S,,S,,R,55.0,R,25.0,R,30.0,S,,S,,R,52.0,R,24.0,R,28.0,S,,S,,R,3.0,R,1.0,R,2.0,S,,S,,A,,A,,A,,A,,A,,A,,A,,A,,A,,A,,A,,A,,A,,A,,A,,A,,A,,A,,A,
241766,1,3,1,3,3,1,3,3,3,3,3,5,R,79,R,50,R,29,A,,R,0.0,R,64.0,R,45.0,R,19.0,A,,R,0.0,R,49.0,R,35.0,R,14.0,A,,R,0.0,R,8.0,R,6.0,R,2.0,A,,R,0.0,R,41.0,R,29.0,R,12.0,A,,R,0.0,A,,A,,A,,A,,A,,A,,A,,A,,A,,A,,A,,A,,A,,A,,A,,A,,A,,A,,A,
241836,1,3,1,3,3,5,3,3,3,5,3,5,R,182,R,48,R,134,A,,R,0.0,R,175.0,R,45.0,R,130.0,A,,R,0.0,R,175.0,R,45.0,R,130.0,A,,R,0.0,R,124.0,R,30.0,R,94.0,A,,R,0.0,R,51.0,R,15.0,R,36.0,A,,R,0.0,A,,A,,A,,A,,A,,A,,A,,A,,A,,A,,A,,A,,A,,A,,A,,A,,A,,A,,A,
241951,1,3,1,1,3,1,5,3,3,3,3,3,R,85,R,12,R,73,A,,R,0.0,R,85.0,R,12.0,R,73.0,A,,R,0.0,R,85.0,R,12.0,R,73.0,A,,R,0.0,R,83.0,R,12.0,R,71.0,A,,R,0.0,R,2.0,R,0.0,R,2.0,A,,R,0.0,R,8.0,R,9.0,A,,A,,R,530.0,R,535.0,R,583.0,R,418.0,R,450.0,R,513.0,A,,A,,A,,A,,A,,A,,A,,A,,A,
242042,1,3,1,3,3,3,3,3,3,3,3,3,R,152,R,108,R,44,R,0.0,R,0.0,R,152.0,R,108.0,R,44.0,A,,R,0.0,R,141.0,R,102.0,R,39.0,A,,R,0.0,R,137.0,R,99.0,R,38.0,A,,R,0.0,R,4.0,R,3.0,R,1.0,A,,R,0.0,A,,A,,A,,A,,A,,A,,A,,A,,A,,A,,A,,A,,A,,A,,A,,A,,A,,A,,A,
242556,1,3,1,1,3,3,3,5,3,3,3,3,R,170,R,95,R,75,A,,R,0.0,R,144.0,R,83.0,R,61.0,A,,R,0.0,R,131.0,R,70.0,R,61.0,A,,R,0.0,R,131.0,R,70.0,R,61.0,A,,R,0.0,R,0.0,R,0.0,R,0.0,A,,R,0.0,A,,A,,A,,A,,A,,A,,A,,A,,A,,A,,A,,A,,A,,A,,A,,A,,A,,A,,A,
242583,1,5,1,3,3,3,3,3,3,3,3,3,R,125,R,89,R,36,R,0.0,R,0.0,R,95.0,R,69.0,R,26.0,A,,R,0.0,R,80.0,R,58.0,R,22.0,A,,R,0.0,R,71.0,R,51.0,R,20.0,A,,R,0.0,R,9.0,R,7.0,R,2.0,A,,R,0.0,A,,A,,A,,A,,A,,A,,A,,A,,A,,A,,A,,A,,A,,A,,A,,A,,A,,A,,A,
242617,1,3,1,3,3,3,3,3,1,3,3,3,R,1275,R,552,R,654,A,,R,69.0,R,646.0,R,313.0,R,333.0,A,,R,0.0,R,636.0,R,307.0,R,329.0,A,,R,0.0,R,613.0,R,291.0,R,322.0,A,,R,0.0,R,23.0,R,16.0,R,7.0,A,,R,0.0,A,,A,,A,,A,,A,,A,,A,,A,,A,,A,,A,,A,,A,,A,,A,,A,,A,,A,,A,
242626,1,3,1,3,3,3,3,3,1,3,3,3,R,1474,R,546,R,823,A,,R,105.0,R,689.0,R,285.0,R,404.0,A,,R,0.0,R,679.0,R,282.0,R,397.0,A,,R,0.0,R,664.0,R,276.0,R,388.0,A,,R,0.0,R,15.0,R,6.0,R,9.0,A,,R,0.0,A,,A,,A,,A,,A,,A,,A,,A,,A,,A,,A,,A,,A,,A,,A,,A,,A,,A,,A,
242635,1,3,1,3,3,3,3,3,1,3,3,3,R,1056,R,324,R,575,A,,R,157.0,R,399.0,R,145.0,R,254.0,A,,R,0.0,R,391.0,R,143.0,R,248.0,A,,R,0.0,R,386.0,R,140.0,R,246.0,A,,R,0.0,R,5.0,R,3.0,R,2.0,A,,R,0.0,A,,A,,A,,A,,A,,A,,A,,A,,A,,A,,A,,A,,A,,A,,A,,A,,A,,A,,A,
242644,1,3,1,3,3,3,3,3,1,3,3,3,R,518,R,189,R,303,A,,R,26.0,R,341.0,R,136.0,R,205.0,A,,R,0.0,R,223.0,R,100.0,R,123.0,A,,R,0.0,R,215.0,R,94.0,R,121.0,A,,R,0.0,R,8.0,R,6.0,R,2.0,A,,R,0.0,A,,A,,A,,A,,A,,A,,A,,A,,A,,A,,A,,A,,A,,A,,A,,A,,A,,A,,A,
242653,1,3,1,3,3,3,3,3,1,3,3,3,R,1192,R,321,R,647,A,,R,224.0,R,792.0,R,265.0,R,527.0,A,,R,0.0,R,357.0,R,141.0,R,216.0,A,,R,0.0,R,349.0,R,137.0,R,212.0,A,,R,0.0,R,8.0,R,4.0,R,4.0,A,,R,0.0,A,,A,,A,,A,,A,,A,,A,,A,,A,,A,,A,,A,,A,,A,,A,,A,,A,,A,,A,
242662,1,3,1,3,3,3,3,3,1,3,3,3,R,1538,R,621,R,894,A,,R,23.0,R,1081.0,R,464.0,R,617.0,A,,R,0.0,R,465.0,R,187.0,R,278.0,A,,R,0.0,R,459.0,R,184.0,R,275.0,A,,R,0.0,R,6.0,R,3.0,R,3.0,A,,R,0.0,A,,A,,A,,A,,A,,A,,A,,A,,A,,A,,A,,A,,A,,A,,A,,A,,A,,A,,A,
242680,1,3,1,3,3,3,3,3,1,3,3,3,R,793,R,251,R,413,A,,R,129.0,R,282.0,R,122.0,R,160.0,A,,R,0.0,R,256.0,R,113.0,R,143.0,A,,R,0.0,R,248.0,R,107.0,R,141.0,A,,R,0.0,R,8.0,R,6.0,R,2.0,A,,R,0.0,A,,A,,A,,A,,A,,A,,A,,A,,A,,A,,A,,A,,A,,A,,A,,A,,A,,A,,A,
242699,1,3,1,3,3,3,3,3,1,3,3,3,R,501,R,166,R,278,A,,R,57.0,R,243.0,R,100.0,R,143.0,A,,R,0.0,R,242.0,R,99.0,R,143.0,A,,R,0.0,R,236.0,R,96.0,R,140.0,A,,R,0.0,R,6.0,R,3.0,R,3.0,A,,R,0.0,A,,A,,A,,A,,A,,A,,A,,A,,A,,A,,A,,A,,A,,A,,A,,A,,A,,A,,A,
242705,1,3,1,3,3,3,3,3,1,3,3,3,R,2054,R,918,R,986,A,,R,150.0,R,748.0,R,415.0,R,333.0,A,,R,0.0,R,728.0,R,402.0,R,326.0,A,,R,0.0,R,711.0,R,391.0,R,320.0,A,,R,0.0,R,17.0,R,11.0,R,6.0,A,,R,0.0,A,,A,,A,,A,,A,,A,,A,,A,,A,,A,,A,,A,,A,,A,,A,,A,,A,,A,,A,
242945,1,3,3,3,3,3,3,3,3,3,3,3,R,210,R,90,R,120,A,,R,0.0,R,195.0,R,80.0,R,115.0,A,,R,0.0,R,181.0,R,80.0,R,101.0,A,,R,0.0,R,148.0,R,61.0,R,87.0,A,,R,0.0,R,33.0,R,19.0,R,14.0,A,,R,0.0,A,,A,,A,,A,,A,,A,,A,,A,,A,,A,,A,,A,,A,,A,,A,,A,,A,,A,,A,
242954,1,3,3,3,3,3,3,3,3,3,3,3,R,115,R,45,R,70,A,,R,0.0,R,90.0,R,35.0,R,55.0,A,,R,0.0,R,61.0,R,24.0,R,37.0,A,,R,0.0,R,44.0,R,13.0,R,31.0,A,,R,0.0,R,17.0,R,11.0,R,6.0,A,,R,0.0,A,,A,,A,,A,,A,,A,,A,,A,,A,,A,,A,,A,,A,,A,,A,,A,,A,,A,,A,
243106,1,3,1,3,3,3,1,3,3,3,5,5,R,657,R,298,R,339,S,,S,,R,537.0,R,252.0,R,270.0,S,,S,,R,485.0,R,237.0,R,244.0,S,,S,,R,484.0,R,236.0,R,244.0,S,,S,,R,1.0,R,1.0,R,0.0,S,,S,,R,485.0,R,100.0,Z,0.0,Z,0.0,R,408.0,R,462.0,R,529.0,R,398.0,R,459.0,R,528.0,A,,A,,A,,A,,A,,A,,A,,A,,A,
243115,1,3,1,5,3,3,3,3,1,3,3,3,R,1423,R,553,R,845,R,25.0,R,0.0,R,886.0,R,352.0,R,516.0,R,18.0,R,0.0,R,688.0,R,286.0,R,391.0,R,11.0,R,0.0,R,688.0,R,286.0,R,391.0,R,11.0,R,0.0,R,0.0,R,0.0,R,0.0,R,0.0,R,0.0,A,,A,,A,,A,,A,,A,,A,,A,,A,,A,,A,,A,,A,,A,,A,,A,,A,,A,,A,
243133,1,3,1,3,3,3,3,3,1,5,3,5,R,941,R,502,R,439,A,,R,0.0,R,870.0,R,457.0,R,413.0,A,,R,0.0,R,780.0,R,397.0,R,383.0,A,,R,0.0,R,780.0,R,397.0,R,383.0,A,,R,0.0,R,0.0,R,0.0,R,0.0,A,,R,0.0,A,,A,,A,,A,,A,,A,,A,,A,,A,,A,,A,,A,,A,,A,,A,,A,,A,,A,,A,
243142,1,3,1,3,3,3,5,3,3,3,3,3,R,1779,R,592,R,1154,S,,S,,R,938.0,R,324.0,R,592.0,S,,S,,R,712.0,R,249.0,R,446.0,S,,S,,R,709.0,R,246.0,R,446.0,S,,S,,R,3.0,R,3.0,R,0.0,S,,S,,R,685.0,R,96.0,A,,A,,R,395.0,R,460.0,R,519.0,R,390.0,R,444.0,R,500.0,A,,A,,A,,A,,A,,A,,A,,A,,A,
243151,1,3,1,3,3,3,1,3,3,5,5,3,R,722,R,252,R,467,S,,S,,R,692.0,R,252.0,R,438.0,S,,S,,R,566.0,R,200.0,R,364.0,S,,S,,R,565.0,R,199.0,R,364.0,S,,S,,R,1.0,R,1.0,R,0.0,S,,S,,R,566.0,R,100.0,Z,0.0,Z,0.0,R,438.0,R,499.0,R,557.0,R,420.0,R,479.0,R,541.0,A,,A,,A,,A,,A,,A,,A,,A,,A,
243179,1,3,1,3,1,3,3,3,1,3,3,3,R,1296,R,470,R,804,S,,S,,R,758.0,R,268.0,R,490.0,S,,S,,R,671.0,R,232.0,R,439.0,S,,S,,R,670.0,R,231.0,R,439.0,S,,S,,R,1.0,R,1.0,R,0.0,S,,S,,A,,A,,A,,A,,A,,A,,A,,A,,A,,A,,A,,A,,A,,A,,A,,A,,A,,A,,A,
243188,1,3,1,3,3,3,3,3,1,3,3,3,R,326,R,125,R,194,S,,S,,R,209.0,R,80.0,R,123.0,S,,S,,R,100.0,R,47.0,R,50.0,S,,S,,R,100.0,R,47.0,R,50.0,S,,S,,A,,A,,A,,S,,S,,A,,A,,A,,A,,A,,A,,A,,A,,A,,A,,A,,A,,A,,A,,A,,A,,A,,A,,A,
243197,1,3,1,3,3,3,3,3,1,3,3,3,R,4382,R,2143,R,2147,R,30.0,R,62.0,R,2286.0,R,1215.0,R,1032.0,R,13.0,R,26.0,R,1865.0,R,1028.0,R,826.0,R,11.0,R,0.0,R,1861.0,R,1027.0,R,823.0,R,11.0,R,0.0,R,4.0,R,1.0,R,3.0,R,0.0,R,0.0,A,,A,,A,,A,,A,,A,,A,,A,,A,,A,,A,,A,,A,,A,,A,,A,,A,,A,,A,
243212,1,3,1,3,3,5,3,3,1,3,5,3,R,1441,R,642,R,761,S,,S,,R,809.0,R,381.0,R,406.0,S,,S,,R,607.0,R,316.0,R,290.0,S,,S,,R,607.0,R,316.0,R,290.0,S,,S,,A,,A,,A,,S,,S,,A,,A,,A,,A,,A,,A,,A,,A,,A,,A,,A,,A,,A,,A,,A,,A,,A,,A,,A,
243221,1,3,1,3,3,1,3,3,1,3,3,3,R,4665,R,1730,R,2831,R,41.0,R,63.0,R,2482.0,R,951.0,R,1481.0,R,28.0,R,22.0,R,1839.0,R,702.0,R,1122.0,R,15.0,R,0.0,R,1829.0,R,701.0,R,1113.0,R,15.0,R,0.0,R,10.0,R,1.0,R,9.0,R,0.0,R,0.0,A,,A,,A,,A,,A,,A,,A,,A,,A,,A,,A,,A,,A,,A,,A,,A,,A,,A,,A,
243443,1,3,1,3,3,3,3,3,1,3,3,3,R,3638,R,1110,R,2460,R,0.0,R,68.0,R,1943.0,R,593.0,R,1338.0,A,,R,12.0,R,977.0,R,312.0,R,656.0,A,,R,9.0,R,946.0,R,305.0,R,632.0,A,,R,9.0,R,31.0,R,7.0,R,24.0,A,,R,0.0,A,,A,,A,,A,,A,,A,,A,,A,,A,,A,,A,,A,,A,,A,,A,,A,,A,,A,,A,
243568,1,3,1,1,1,3,3,3,3,3,1,3,R,13,R,6,R,7,A,,R,0.0,R,8.0,R,4.0,R,4.0,A,,R,0.0,R,7.0,R,3.0,R,4.0,A,,R,0.0,R,7.0,R,3.0,R,4.0,A,,R,0.0,A,,A,,A,,A,,A,,A,,A,,A,,A,,A,,A,,A,,A,,A,,A,,A,,A,,A,,A,,A,,A,,A,,A,,A,
243586,1,3,1,3,3,3,5,3,5,3,3,3,R,556,R,208,R,348,A,,R,0.0,R,541.0,R,202.0,R,339.0,A,,R,0.0,R,100.0,R,39.0,R,61.0,A,,R,0.0,R,99.0,R,38.0,R,61.0,A,,R,0.0,R,1.0,R,1.0,R,0.0,A,,R,0.0,R,0.0,R,0.0,R,0.0,R,0.0,A,,A,,A,,A,,A,,A,,A,,A,,A,,A,,A,,A,,A,,A,,A,
243638,1,3,3,3,3,3,3,5,1,3,3,3,R,1268,R,532,R,736,R,0.0,R,0.0,R,1026.0,R,410.0,R,616.0,A,,R,0.0,R,541.0,R,218.0,R,323.0,A,,R,0.0,R,475.0,R,190.0,R,285.0,A,,R,0.0,R,66.0,R,28.0,R,38.0,A,,R,0.0,A,,A,,A,,A,,A,,A,,A,,A,,A,,A,,A,,A,,A,,A,,A,,A,,A,,A,,A,
243665,1,1,1,5,3,3,5,1,3,3,3,3,R,860,R,282,R,578,A,,R,0.0,R,838.0,R,277.0,R,561.0,A,,R,0.0,R,342.0,R,124.0,R,218.0,A,,R,0.0,R,296.0,R,106.0,R,190.0,A,,R,0.0,R,46.0,R,18.0,R,28.0,A,,R,0.0,R,96.0,R,28.0,R,5.0,R,1.0,R,420.0,R,480.0,R,530.0,R,380.0,R,430.0,R,490.0,R,14.0,R,19.0,R,20.0,R,14.0,R,21.0,R,23.0,R,15.0,R,16.0,R,16.0
243744,1,5,1,5,1,5,5,5,3,5,1,5,R,53733,R,27133,R,26600,A,,R,0.0,R,2099.0,R,1044.0,R,1055.0,A,,R,0.0,R,1699.0,R,846.0,R,853.0,A,,R,0.0,R,1699.0,R,846.0,R,853.0,A,,R,0.0,A,,A,,A,,A,,A,,R,802.0,R,47.0,R,368.0,R,22.0,R,740.0,R,760.0,R,780.0,R,770.0,R,790.0,R,800.0,R,34.0,R,35.0,R,35.0,R,35.0,R,35.0,R,36.0,R,32.0,R,35.0,R,35.0
243780,3,5,1,5,5,5,1,1,3,5,1,3,R,73083,R,45198,R,27885,A,,R,0.0,R,36763.0,R,20402.0,R,16361.0,A,,R,0.0,R,9381.0,R,5387.0,R,3994.0,A,,R,0.0,R,9295.0,R,5366.0,R,3929.0,A,,R,0.0,R,86.0,R,21.0,R,65.0,A,,R,0.0,R,6817.0,R,73.0,R,2175.0,R,23.0,R,590.0,R,650.0,R,710.0,R,600.0,R,670.0,R,750.0,R,27.0,R,31.0,R,34.0,R,26.0,R,31.0,R,35.0,R,26.0,R,30.0,R,33.0
243799,3,3,1,3,1,1,3,1,1,5,3,3,R,38,R,2,R,36,Z,0.0,R,0.0,R,38.0,R,2.0,R,36.0,A,,R,0.0,R,38.0,R,2.0,R,36.0,A,,R,0.0,R,38.0,R,2.0,R,36.0,A,,R,0.0,A,,A,,A,,A,,A,,A,,A,,A,,A,,A,,A,,A,,A,,A,,A,,A,,A,,A,,A,,A,,A,,A,,A,,A,
243832,1,3,1,3,3,5,3,3,3,5,5,5,R,210,R,62,R,148,A,,R,0.0,R,162.0,R,47.0,R,115.0,A,,R,0.0,R,144.0,R,42.0,R,102.0,A,,R,0.0,R,92.0,R,26.0,R,66.0,A,,R,0.0,R,52.0,R,16.0,R,36.0,A,,R,0.0,A,,A,,A,,A,,A,,A,,A,,A,,A,,A,,A,,A,,A,,A,,A,,A,,A,,A,,A,
244233,3,3,3,3,3,3,3,3,1,3,1,3,R,33,R,3,R,30,A,,R,0.0,R,33.0,R,3.0,R,30.0,A,,R,0.0,R,33.0,R,3.0,R,30.0,A,,R,0.0,R,27.0,R,2.0,R,25.0,A,,R,0.0,R,6.0,R,1.0,R,5.0,A,,R,0.0,A,,A,,A,,A,,A,,A,,A,,A,,A,,A,,A,,A,,A,,A,,A,,A,,A,,A,,A,
244437,1,3,1,1,3,3,5,1,1,3,3,3,R,13065,R,4817,R,8248,A,,R,0.0,R,13012.0,R,4798.0,R,8214.0,A,,R,0.0,R,3468.0,R,1509.0,R,1959.0,A,,R,0.0,R,2479.0,R,1093.0,R,1386.0,A,,R,0.0,R,989.0,R,416.0,R,573.0,A,,R,0.0,R,514.0,R,15.0,R,258.0,R,7.0,R,440.0,R,490.0,R,560.0,R,410.0,R,480.0,R,540.0,R,15.0,R,17.0,R,21.0,R,13.0,R,16.0,R,21.0,R,15.0,R,16.0,R,19.0
245652,5,5,1,5,5,5,5,1,3,5,1,3,R,463,R,246,R,216,S,,S,,R,229.0,R,100.0,R,128.0,S,,S,,R,79.0,R,42.0,R,36.0,S,,S,,R,79.0,R,42.0,R,36.0,S,,S,,A,,A,,A,,S,,S,,R,37.0,R,47.0,R,22.0,R,28.0,R,680.0,R,700.0,R,750.0,R,580.0,R,660.0,R,700.0,R,27.0,R,30.0,R,31.0,R,29.0,R,31.0,R,34.0,R,25.0,R,27.0,R,28.0
245777,5,3,5,1,1,5,3,3,3,3,5,5,R,10,R,10,Z,0,A,,R,0.0,R,8.0,R,8.0,A,,A,,R,0.0,R,8.0,R,8.0,A,,A,,R,0.0,R,8.0,R,8.0,A,,A,,R,0.0,A,,A,,A,,A,,A,,A,,A,,A,,A,,A,,A,,A,,A,,A,,A,,A,,A,,A,,A,,A,,A,,A,,A,,A,
246071,5,3,1,3,1,3,3,5,1,5,5,3,R,9,R,0,R,9,R,0.0,R,0.0,R,9.0,A,,R,9.0,A,,R,0.0,R,9.0,A,,R,9.0,A,,R,0.0,R,9.0,A,,R,9.0,A,,R,0.0,A,,A,,A,,A,,A,,A,,A,,A,,A,,A,,A,,A,,A,,A,,A,,A,,A,,A,,A,,A,,A,,A,,A,,A,
247649,5,3,1,1,1,5,5,1,1,5,1,5,R,488,R,292,R,196,S,,S,,R,213.0,R,139.0,R,74.0,S,,S,,R,102.0,R,67.0,R,35.0,S,,S,,R,73.0,R,46.0,R,27.0,S,,S,,R,29.0,R,21.0,R,8.0,S,,S,,A,,A,,A,,A,,A,,A,,A,,A,,A,,A,,A,,A,,A,,A,,A,,A,,A,,A,,A,
247773,5,3,5,1,1,5,3,3,3,3,5,5,R,27,R,27,Z,0,A,,R,0.0,R,25.0,R,25.0,A,,A,,R,0.0,R,25.0,R,25.0,A,,A,,R,0.0,R,25.0,R,25.0,A,,A,,R,0.0,A,,A,,A,,A,,A,,A,,A,,A,,A,,A,,A,,A,,A,,A,,A,,A,,A,,A,,A,,A,,A,,A,,A,,A,
248633,1,5,1,3,3,1,3,1,1,5,5,3,R,13,R,2,R,11,A,,R,0.0,R,12.0,R,2.0,R,10.0,A,,R,0.0,R,12.0,R,2.0,R,10.0,A,,R,0.0,R,12.0,R,2.0,R,10.0,A,,R,0.0,A,,A,,A,,A,,A,,A,,A,,A,,A,,A,,A,,A,,A,,A,,A,,A,,A,,A,,A,,A,,A,,A,,A,,A,
248934,3,3,5,3,3,3,3,3,1,3,3,3,R,4099,R,1535,R,2512,S,,S,,R,3398.0,R,1357.0,R,1998.0,S,,S,,R,1105.0,R,449.0,R,638.0,S,,S,,R,1105.0,R,449.0,R,638.0,S,,S,,A,,A,,A,,S,,S,,A,,A,,A,,A,,A,,A,,A,,A,,A,,A,,A,,A,,A,,A,,A,,A,,A,,A,,A,
250027,3,3,1,3,3,3,3,3,1,5,5,3,R,285,R,75,R,210,A,,R,0.0,R,244.0,R,54.0,R,190.0,A,,R,0.0,R,165.0,R,29.0,R,136.0,A,,R,0.0,R,164.0,R,29.0,R,135.0,A,,R,0.0,R,1.0,R,0.0,R,1.0,A,,R,0.0,A,,A,,A,,A,,A,,A,,A,,A,,A,,A,,A,,A,,A,,A,,A,,A,,A,,A,,A,
260336,3,3,3,3,1,1,3,3,1,3,3,3,R,0,R,0,R,0,A,,R,0.0,A,,A,,A,,A,,R,0.0,A,,A,,A,,A,,R,0.0,A,,A,,A,,A,,R,0.0,A,,A,,A,,A,,A,,A,,A,,A,,A,,A,,A,,A,,A,,A,,A,,A,,A,,A,,A,,A,,A,,A,,A,,A,
260363,1,3,1,3,1,3,3,3,1,3,5,3,R,20,R,1,R,19,R,0.0,R,0.0,R,17.0,R,1.0,R,16.0,A,,R,0.0,R,15.0,R,1.0,R,14.0,A,,R,0.0,R,15.0,R,1.0,R,14.0,A,,R,0.0,A,,A,,A,,A,,A,,A,,A,,A,,A,,A,,A,,A,,A,,A,,A,,A,,A,,A,,A,,A,,A,,A,,A,,A,
260813,3,3,1,3,3,3,5,1,1,5,1,3,R,11,R,2,R,9,R,0.0,R,0.0,R,4.0,R,1.0,R,3.0,A,,R,0.0,R,4.0,R,1.0,R,3.0,A,,R,0.0,R,4.0,R,1.0,R,3.0,A,,R,0.0,A,,A,,A,,A,,A,,R,0.0,Z,0.0,R,0.0,Z,0.0,A,,A,,A,,A,,A,,A,,A,,A,,A,,A,,A,,A,,A,,A,,A,
262129,1,5,1,1,5,3,1,1,3,5,1,3,R,2119,R,732,R,1387,A,,R,0.0,R,1568.0,R,521.0,R,1047.0,A,,R,0.0,R,221.0,R,113.0,R,108.0,A,,R,0.0,R,221.0,R,113.0,R,108.0,A,,R,0.0,A,,A,,A,,A,,A,,R,163.0,R,74.0,R,85.0,R,38.0,R,530.0,R,580.0,R,650.0,R,500.0,R,550.0,R,600.0,R,20.0,R,23.0,R,27.0,R,20.0,R,23.0,R,27.0,R,17.0,R,21.0,R,24.0
262165,5,3,1,5,1,5,3,1,3,5,1,5,R,13,R,10,R,3,A,,R,0.0,R,11.0,R,9.0,R,2.0,A,,R,0.0,R,9.0,R,7.0,R,2.0,A,,R,0.0,R,7.0,R,5.0,R,2.0,A,,R,0.0,R,2.0,R,2.0,R,0.0,A,,R,0.0,A,,A,,A,,A,,A,,A,,A,,A,,A,,A,,A,,A,,A,,A,,A,,A,,A,,A,,A,
262466,3,3,3,1,1,5,3,1,3,1,1,5,R,1,Z,0,R,1,S,,S,,R,1.0,A,,R,1.0,S,,S,,R,1.0,A,,R,1.0,S,,S,,R,1.0,A,,R,1.0,S,,S,,A,,A,,A,,S,,S,,A,,A,,A,,A,,A,,A,,A,,A,,A,,A,,A,,A,,A,,A,,A,,A,,A,,A,,A,
363934,5,3,5,5,5,5,3,1,3,3,1,3,R,850,R,543,R,261,S,,S,,R,811.0,R,521.0,R,244.0,S,,S,,R,171.0,R,124.0,R,37.0,S,,S,,R,113.0,R,83.0,R,24.0,S,,S,,R,58.0,R,41.0,R,13.0,S,,S,,A,,A,,A,,A,,A,,A,,A,,A,,A,,A,,A,,A,,A,,A,,A,,A,,A,,A,,A,
365213,1,3,3,3,1,3,3,3,3,5,3,3,R,417,R,192,R,225,A,,R,0.0,R,351.0,R,192.0,R,159.0,A,,R,0.0,R,195.0,R,114.0,R,81.0,A,,R,0.0,R,29.0,R,16.0,R,13.0,A,,R,0.0,R,166.0,R,98.0,R,68.0,A,,R,0.0,A,,A,,A,,A,,A,,A,,A,,A,,A,,A,,A,,A,,A,,A,,A,,A,,A,,A,,A,
365383,5,5,5,5,1,1,3,5,1,5,1,3,R,95,R,7,R,88,A,,R,0.0,R,53.0,R,4.0,R,49.0,A,,R,0.0,R,42.0,R,3.0,R,39.0,A,,R,0.0,R,42.0,R,3.0,R,39.0,A,,R,0.0,A,,A,,A,,A,,A,,A,,A,,A,,A,,A,,A,,A,,A,,A,,A,,A,,A,,A,,A,,A,,A,,A,,A,,A,
365763,3,3,3,3,1,3,3,3,1,3,1,5,R,20,R,2,R,18,Z,0.0,R,0.0,R,20.0,R,2.0,R,18.0,A,,R,0.0,R,17.0,R,1.0,R,16.0,A,,R,0.0,R,17.0,R,1.0,R,16.0,A,,R,0.0,A,,A,,A,,A,,A,,A,,A,,A,,A,,A,,A,,A,,A,,A,,A,,A,,A,,A,,A,,A,,A,,A,,A,,A,
366711,1,3,1,1,3,3,3,1,3,3,3,3,R,17519,R,6905,R,10614,S,,S,,R,16765.0,R,6581.0,R,10184.0,S,,S,,R,2625.0,R,1089.0,R,1536.0,S,,S,,R,2500.0,R,1027.0,R,1473.0,S,,S,,R,125.0,R,62.0,R,63.0,S,,S,,A,,A,,A,,A,,A,,A,,A,,A,,A,,A,,A,,A,,A,,A,,A,,A,,A,,A,,A,
367972,1,3,3,3,3,3,3,3,3,3,3,3,R,54,R,0,R,54,R,0.0,R,0.0,R,54.0,A,,R,54.0,A,,R,0.0,R,10.0,A,,R,10.0,A,,R,0.0,R,10.0,A,,R,10.0,A,,R,0.0,A,,A,,A,,A,,A,,A,,A,,A,,A,,A,,A,,A,,A,,A,,A,,A,,A,,A,,A,,A,,A,,A,,A,,A,
368452,1,3,1,5,5,1,3,3,3,5,1,3,R,245,R,109,R,136,A,,R,0.0,R,106.0,R,42.0,R,64.0,A,,R,0.0,R,50.0,R,19.0,R,31.0,A,,R,0.0,R,50.0,R,19.0,R,31.0,A,,R,0.0,A,,A,,A,,A,,A,,A,,A,,A,,A,,A,,A,,A,,A,,A,,A,,A,,A,,A,,A,,A,,A,,A,,A,,A,
368647,1,3,1,5,1,1,3,3,1,5,1,3,R,0,Z,0,Z,0,A,,R,0.0,A,,A,,A,,A,,R,0.0,A,,A,,A,,A,,R,0.0,A,,A,,A,,A,,R,0.0,A,,A,,A,,A,,A,,A,,A,,A,,A,,A,,A,,A,,A,,A,,A,,A,,A,,A,,A,,A,,A,,A,,A,,A,
369455,5,5,5,5,1,3,5,3,5,5,1,3,R,22,R,10,R,12,S,,S,,R,16.0,R,4.0,R,12.0,S,,S,,R,16.0,R,4.0,R,12.0,S,,S,,R,16.0,R,4.0,R,12.0,S,,S,,A,,A,,A,,S,,S,,R,2.0,R,13.0,R,0.0,R,0.0,S,,S,,S,,S,,S,,S,,A,,A,,A,,A,,A,,A,,A,,A,,A,
369668,3,3,1,3,3,3,3,3,1,3,3,3,R,137,R,70,R,67,A,,R,0.0,R,130.0,R,64.0,R,66.0,A,,R,0.0,R,97.0,R,37.0,R,60.0,A,,R,0.0,R,69.0,R,28.0,R,41.0,A,,R,0.0,R,28.0,R,9.0,R,19.0,A,,R,0.0,A,,A,,A,,A,,A,,A,,A,,A,,A,,A,,A,,A,,A,,A,,A,,A,,A,,A,,A,
369783,3,3,1,3,3,3,3,3,3,3,3,3,R,152,R,12,R,140,A,,R,0.0,R,152.0,R,12.0,R,140.0,A,,R,0.0,R,138.0,R,10.0,R,128.0,A,,R,0.0,R,138.0,R,10.0,R,128.0,A,,R,0.0,A,,A,,A,,A,,A,,A,,A,,A,,A,,A,,A,,A,,A,,A,,A,,A,,A,,A,,A,,A,,A,,A,,A,,A,
373711,3,3,1,3,1,3,3,3,1,3,1,3,R,36,R,3,R,33,R,0.0,R,0.0,R,36.0,R,3.0,R,33.0,A,,R,0.0,R,28.0,R,3.0,R,25.0,A,,R,0.0,R,28.0,R,3.0,R,25.0,A,,R,0.0,A,,A,,A,,A,,A,,A,,A,,A,,A,,A,,A,,A,,A,,A,,A,,A,,A,,A,,A,,A,,A,,A,,A,,A,
375966,3,3,1,3,1,3,3,3,1,3,3,3,R,4,R,1,R,3,A,,R,0.0,R,4.0,R,1.0,R,3.0,A,,R,0.0,R,4.0,R,1.0,R,3.0,A,,R,0.0,R,1.0,R,0.0,R,1.0,A,,R,0.0,R,3.0,R,1.0,R,2.0,A,,R,0.0,A,,A,,A,,A,,A,,A,,A,,A,,A,,A,,A,,A,,A,,A,,A,,A,,A,,A,,A,
377218,3,3,1,3,3,3,3,3,1,3,3,3,R,58,R,57,R,1,R,0.0,R,0.0,R,34.0,R,33.0,R,1.0,A,,R,0.0,R,15.0,R,14.0,R,1.0,A,,R,0.0,R,15.0,R,14.0,R,1.0,A,,R,0.0,A,,A,,A,,A,,A,,A,,A,,A,,A,,A,,A,,A,,A,,A,,A,,A,,A,,A,,A,,A,,A,,A,,A,,A,
377546,1,3,1,5,5,1,3,1,3,5,1,3,R,153,R,44,R,108,S,,S,,R,117.0,R,31.0,R,85.0,S,,S,,R,55.0,R,13.0,R,42.0,S,,S,,R,55.0,R,13.0,R,42.0,S,,S,,A,,A,,A,,S,,S,,A,,A,,A,,A,,A,,A,,A,,A,,A,,A,,A,,A,,A,,A,,A,,A,,A,,A,,A,
377555,1,5,1,1,5,5,5,1,5,5,1,3,R,4776,R,2379,R,2397,A,,R,0.0,R,4383.0,R,2172.0,R,2211.0,A,,R,0.0,R,1186.0,R,650.0,R,536.0,A,,R,0.0,R,1124.0,R,611.0,R,513.0,A,,R,0.0,R,62.0,R,39.0,R,23.0,A,,R,0.0,R,53.0,R,4.0,R,8.0,R,1.0,R,560.0,R,650.0,R,700.0,R,610.0,R,710.0,R,770.0,R,32.0,R,33.0,R,34.0,R,32.0,R,34.0,R,35.0,R,27.0,R,32.0,R,34.0
377564,1,3,1,1,3,3,3,1,3,5,1,3,R,3161,R,1382,R,1779,A,,R,0.0,R,2622.0,R,1156.0,R,1466.0,A,,R,0.0,R,666.0,R,343.0,R,323.0,A,,R,0.0,R,619.0,R,313.0,R,306.0,A,,R,0.0,R,47.0,R,30.0,R,17.0,A,,R,0.0,A,,A,,A,,A,,A,,A,,A,,A,,A,,A,,A,,A,,A,,A,,A,,A,,A,,A,,A,
379621,3,3,1,3,1,1,3,3,1,5,1,3,R,12,R,2,R,10,A,,R,0.0,R,11.0,R,2.0,R,9.0,A,,R,0.0,R,8.0,R,2.0,R,6.0,A,,R,0.0,R,8.0,R,2.0,R,6.0,A,,R,0.0,R,0.0,R,0.0,R,0.0,A,,R,0.0,A,,A,,A,,A,,A,,A,,A,,A,,A,,A,,A,,A,,A,,A,,A,,A,,A,,A,,A,
382416,3,3,1,3,1,3,3,3,1,5,1,3,R,11,R,2,R,9,A,,R,0.0,R,11.0,R,2.0,R,9.0,A,,R,0.0,R,11.0,R,2.0,R,9.0,A,,R,0.0,R,11.0,R,2.0,R,9.0,A,,R,0.0,A,,A,,A,,A,,A,,A,,A,,A,,A,,A,,A,,A,,A,,A,,A,,A,,A,,A,,A,,A,,A,,A,,A,,A,
383084,3,3,1,3,3,3,3,1,3,3,3,3,R,534,R,198,R,336,A,,R,0.0,R,446.0,R,135.0,R,311.0,A,,R,0.0,R,446.0,R,135.0,R,311.0,A,,R,0.0,R,364.0,R,123.0,R,241.0,A,,R,0.0,R,82.0,R,12.0,R,70.0,A,,R,0.0,A,,A,,A,,A,,A,,A,,A,,A,,A,,A,,A,,A,,A,,A,,A,,A,,A,,A,,A,
384254,1,3,1,5,1,3,3,5,1,5,5,3,R,593,R,313,R,280,S,,S,,R,358.0,R,193.0,R,165.0,S,,S,,R,126.0,R,78.0,R,48.0,S,,S,,R,125.0,R,77.0,R,48.0,S,,S,,R,1.0,R,1.0,R,0.0,S,,S,,A,,A,,A,,A,,A,,A,,A,,A,,A,,A,,A,,A,,A,,A,,A,,A,,A,,A,,A,
384421,5,3,5,1,1,5,3,3,3,3,5,5,R,31,R,31,Z,0,A,,R,0.0,R,28.0,R,28.0,A,,A,,R,0.0,R,28.0,R,28.0,A,,A,,R,0.0,R,28.0,R,28.0,A,,A,,R,0.0,A,,A,,A,,A,,A,,A,,A,,A,,A,,A,,A,,A,,A,,A,,A,,A,,A,,A,,A,,A,,A,,A,,A,,A,
385619,3,3,1,5,5,5,3,5,1,5,5,3,R,804,R,387,R,381,A,,R,36.0,R,695.0,R,324.0,R,337.0,A,,R,34.0,R,388.0,R,190.0,R,182.0,A,,R,16.0,R,388.0,R,190.0,R,182.0,A,,R,16.0,A,,A,,A,,A,,A,,A,,A,,A,,A,,A,,A,,A,,A,,A,,A,,A,,A,,A,,A,,A,,A,,A,,A,,A,
386153,5,3,5,1,1,5,3,3,3,3,5,5,R,438,Z,0,R,438,A,,R,0.0,R,385.0,A,,R,385.0,A,,R,0.0,R,259.0,A,,R,259.0,A,,R,0.0,R,230.0,A,,R,230.0,A,,R,0.0,R,29.0,A,,R,29.0,A,,R,0.0,A,,A,,A,,A,,A,,A,,A,,A,,A,,A,,A,,A,,A,,A,,A,,A,,A,,A,,A,
386472,1,3,1,3,3,3,3,1,1,3,3,3,R,139,R,27,R,112,R,0.0,R,0.0,R,125.0,R,22.0,R,103.0,A,,R,0.0,R,78.0,R,14.0,R,64.0,A,,R,0.0,R,45.0,R,9.0,R,36.0,A,,R,0.0,R,33.0,R,5.0,R,28.0,A,,R,0.0,A,,A,,A,,A,,A,,A,,A,,A,,A,,A,,A,,A,,A,,A,,A,,A,,A,,A,,A,
392354,3,3,1,3,1,3,3,1,3,1,1,3,R,4,R,3,R,1,S,,S,,R,3.0,R,2.0,R,1.0,S,,S,,R,3.0,R,2.0,R,1.0,S,,S,,R,3.0,R,2.0,R,1.0,S,,S,,A,,A,,A,,S,,S,,A,,A,,A,,A,,A,,A,,A,,A,,A,,A,,A,,A,,A,,A,,A,,A,,A,,A,,A,
399869,3,3,1,3,3,3,3,3,1,3,3,3,R,120,R,112,R,8,A,,R,0.0,R,105.0,R,99.0,R,6.0,A,,R,0.0,R,93.0,R,89.0,R,4.0,A,,R,0.0,R,93.0,R,89.0,R,4.0,A,,R,0.0,A,,A,,A,,A,,A,,A,,A,,A,,A,,A,,A,,A,,A,,A,,A,,A,,A,,A,,A,,A,,A,,A,,A,,A,
399911,1,5,1,1,1,5,5,1,3,5,1,3,R,397,R,159,R,238,R,0.0,R,0.0,R,276.0,R,115.0,R,161.0,A,,R,0.0,R,126.0,R,56.0,R,70.0,A,,R,0.0,R,126.0,R,56.0,R,70.0,A,,R,0.0,A,,A,,A,,A,,A,,R,31.0,R,25.0,R,4.0,R,3.0,R,560.0,R,650.0,R,690.0,R,660.0,R,710.0,R,770.0,S,,S,,S,,S,,S,,S,,S,,S,,S,
400558,1,3,1,3,5,3,3,1,1,5,5,3,R,0,R,0,R,0,S,,S,,A,,A,,A,,S,,S,,A,,A,,A,,S,,S,,A,,A,,A,,S,,S,,A,,A,,A,,S,,S,,A,,A,,A,,A,,A,,A,,A,,A,,A,,A,,A,,A,,A,,A,,A,,A,,A,,A,,A,
405058,5,3,5,1,1,5,3,3,3,3,5,5,R,51,R,51,Z,0,A,,R,0.0,R,46.0,R,46.0,A,,A,,R,0.0,R,46.0,R,46.0,A,,A,,R,0.0,R,46.0,R,46.0,A,,A,,R,0.0,A,,A,,A,,A,,A,,A,,A,,A,,A,,A,,A,,A,,A,,A,,A,,A,,A,,A,,A,,A,,A,,A,,A,,A,
406422,5,5,1,5,1,3,3,3,1,3,1,3,R,62,R,5,R,57,A,,R,0.0,R,52.0,R,5.0,R,47.0,A,,R,0.0,R,40.0,R,2.0,R,38.0,A,,R,0.0,R,40.0,R,2.0,R,38.0,A,,R,0.0,A,,A,,A,,A,,A,,A,,A,,A,,A,,A,,A,,A,,A,,A,,A,,A,,A,,A,,A,,A,,A,,A,,A,,A,
407610,1,3,1,5,1,5,3,1,1,5,1,5,R,14,R,6,R,8,A,,R,0.0,R,13.0,R,6.0,R,7.0,A,,R,0.0,R,3.0,R,1.0,R,2.0,A,,R,0.0,R,0.0,R,0.0,R,0.0,A,,R,0.0,R,3.0,R,1.0,R,2.0,A,,R,0.0,A,,A,,A,,A,,A,,A,,A,,A,,A,,A,,A,,A,,A,,A,,A,,A,,A,,A,,A,
409698,1,3,1,1,3,3,3,1,3,3,3,3,R,11769,R,4418,R,7351,S,,S,,R,11160.0,R,4168.0,R,6992.0,S,,S,,R,943.0,R,382.0,R,561.0,S,,S,,R,929.0,R,378.0,R,551.0,S,,S,,R,14.0,R,4.0,R,10.0,S,,S,,A,,A,,A,,A,,A,,A,,A,,A,,A,,A,,A,,A,,A,,A,,A,,A,,A,,A,,A,
414878,1,3,3,3,5,3,3,1,3,5,5,3,R,74,R,31,R,43,S,,S,,R,16.0,R,9.0,R,7.0,S,,S,,R,10.0,R,6.0,R,4.0,S,,S,,R,3.0,R,1.0,R,2.0,S,,S,,R,7.0,R,5.0,R,2.0,S,,S,,A,,A,,A,,A,,A,,A,,A,,A,,A,,A,,A,,A,,A,,A,,A,,A,,A,,A,,A,
417327,3,3,3,3,3,3,3,3,1,3,1,3,R,39,R,8,R,31,A,,R,0.0,R,12.0,R,2.0,R,10.0,A,,R,0.0,R,12.0,R,2.0,R,10.0,A,,R,0.0,R,12.0,R,2.0,R,10.0,A,,R,0.0,A,,A,,A,,A,,A,,A,,A,,A,,A,,A,,A,,A,,A,,A,,A,,A,,A,,A,,A,,A,,A,,A,,A,,A,
417628,1,3,1,3,1,3,3,1,1,3,1,3,R,12,R,2,R,10,R,0.0,R,0.0,R,6.0,R,1.0,R,5.0,A,,R,0.0,R,5.0,R,1.0,R,4.0,A,,R,0.0,R,5.0,R,1.0,R,4.0,A,,R,0.0,R,0.0,R,0.0,R,0.0,A,,R,0.0,A,,A,,A,,A,,A,,A,,A,,A,,A,,A,,A,,A,,A,,A,,A,,A,,A,,A,,A,
417646,3,3,1,3,1,3,3,1,1,3,1,3,R,20,R,0,R,20,A,,R,0.0,R,14.0,A,,R,14.0,A,,R,0.0,R,14.0,A,,R,14.0,A,,R,0.0,R,14.0,A,,R,14.0,A,,R,0.0,A,,A,,A,,A,,A,,A,,A,,A,,A,,A,,A,,A,,A,,A,,A,,A,,A,,A,,A,,A,,A,,A,,A,,A,
417655,3,3,1,3,1,3,3,1,1,5,1,3,R,11,R,0,R,11,A,,R,0.0,R,10.0,A,,R,10.0,A,,R,0.0,R,8.0,A,,R,8.0,A,,R,0.0,R,8.0,A,,R,8.0,A,,R,0.0,A,,A,,A,,A,,A,,A,,A,,A,,A,,A,,A,,A,,A,,A,,A,,A,,A,,A,,A,,A,,A,,A,,A,,A,
417682,3,3,3,3,3,3,3,3,1,3,3,3,R,25,R,1,R,24,R,0.0,R,0.0,R,25.0,R,1.0,R,24.0,A,,R,0.0,R,20.0,R,1.0,R,19.0,A,,R,0.0,R,20.0,R,1.0,R,19.0,A,,R,0.0,A,,A,,A,,A,,A,,A,,A,,A,,A,,A,,A,,A,,A,,A,,A,,A,,A,,A,,A,,A,,A,,A,,A,,A,
417716,3,3,3,3,3,3,3,3,1,3,3,3,R,22,R,1,R,21,A,,R,0.0,R,8.0,R,0.0,R,8.0,A,,R,0.0,R,8.0,A,,R,8.0,A,,R,0.0,R,8.0,A,,R,8.0,A,,R,0.0,A,,A,,A,,A,,A,,A,,A,,A,,A,,A,,A,,A,,A,,A,,A,,A,,A,,A,,A,,A,,A,,A,,A,,A,
417734,1,3,1,3,3,3,5,3,5,5,3,3,R,18,R,0,R,18,A,,R,0.0,R,18.0,A,,R,18.0,A,,R,0.0,R,18.0,A,,R,18.0,A,,R,0.0,R,11.0,A,,R,11.0,A,,R,0.0,R,7.0,A,,R,7.0,A,,R,0.0,R,0.0,R,0.0,R,7.0,R,39.0,A,,A,,A,,A,,A,,A,,R,18.0,R,19.0,R,19.0,R,18.0,R,20.0,R,20.0,R,16.0,R,17.0,R,17.0
417752,1,3,1,3,1,3,3,1,3,3,1,3,R,14,R,6,R,8,A,,R,0.0,R,7.0,R,1.0,R,6.0,A,,R,0.0,R,7.0,R,1.0,R,6.0,A,,R,0.0,R,7.0,R,1.0,R,6.0,A,,R,0.0,A,,A,,A,,A,,A,,A,,A,,A,,A,,A,,A,,A,,A,,A,,A,,A,,A,,A,,A,,A,,A,,A,,A,,A,
417840,5,3,3,5,5,5,3,5,1,3,3,3,R,69,R,7,R,62,R,0.0,R,0.0,R,69.0,R,7.0,R,62.0,A,,R,0.0,R,36.0,R,0.0,R,36.0,A,,R,0.0,R,36.0,A,,R,36.0,A,,R,0.0,A,,A,,A,,A,,A,,A,,A,,A,,A,,A,,A,,A,,A,,A,,A,,A,,A,,A,,A,,A,,A,,A,,A,,A,
417868,1,3,1,3,1,3,3,3,1,3,3,3,R,73,R,6,R,67,R,0.0,R,0.0,R,24.0,R,1.0,R,23.0,A,,R,0.0,R,24.0,R,1.0,R,23.0,A,,R,0.0,R,21.0,R,1.0,R,20.0,A,,R,0.0,R,3.0,R,0.0,R,3.0,A,,R,0.0,A,,A,,A,,A,,A,,A,,A,,A,,A,,A,,A,,A,,A,,A,,A,,A,,A,,A,,A,
417992,3,3,1,3,1,1,3,3,1,5,1,3,R,14,R,4,R,10,R,0.0,R,0.0,R,11.0,R,2.0,R,9.0,A,,R,0.0,R,11.0,R,2.0,R,9.0,A,,R,0.0,R,7.0,R,1.0,R,6.0,A,,R,0.0,R,4.0,R,1.0,R,3.0,A,,R,0.0,A,,A,,A,,A,,A,,A,,A,,A,,A,,A,,A,,A,,A,,A,,A,,A,,A,,A,,A,
418029,5,3,1,5,1,1,3,3,3,5,1,3,R,11,R,1,R,10,R,0.0,R,0.0,R,11.0,R,1.0,R,10.0,A,,R,0.0,R,11.0,R,1.0,R,10.0,A,,R,0.0,R,11.0,R,1.0,R,10.0,A,,R,0.0,A,,A,,A,,A,,A,,A,,A,,A,,A,,A,,A,,A,,A,,A,,A,,A,,A,,A,,A,,A,,A,,A,,A,,A,
418065,3,3,1,3,1,3,3,3,1,3,1,3,R,107,R,19,R,86,S,,S,,R,103.0,R,19.0,R,82.0,S,,S,,R,101.0,R,19.0,R,80.0,S,,S,,R,68.0,R,14.0,R,54.0,S,,S,,R,33.0,R,5.0,R,26.0,S,,S,,A,,A,,A,,A,,A,,A,,A,,A,,A,,A,,A,,A,,A,,A,,A,,A,,A,,A,,A,
418427,5,5,1,3,5,3,3,3,1,5,1,3,R,77,R,6,R,71,A,,R,0.0,R,38.0,R,2.0,R,36.0,A,,R,0.0,R,23.0,R,2.0,R,21.0,A,,R,0.0,R,23.0,R,2.0,R,21.0,A,,R,0.0,R,0.0,R,0.0,R,0.0,A,,R,0.0,A,,A,,A,,A,,A,,A,,A,,A,,A,,A,,A,,A,,A,,A,,A,,A,,A,,A,,A,
418445,3,3,1,3,3,3,3,3,1,3,1,5,R,13,R,0,R,13,A,,R,0.0,R,10.0,A,,R,10.0,A,,R,0.0,R,10.0,A,,R,10.0,A,,R,0.0,R,10.0,A,,R,10.0,A,,R,0.0,R,0.0,A,,R,0.0,A,,R,0.0,A,,A,,A,,A,,A,,A,,A,,A,,A,,A,,A,,A,,A,,A,,A,,A,,A,,A,,A,
418481,5,5,1,3,1,3,3,3,1,1,1,3,R,37,R,2,R,35,A,,R,0.0,R,15.0,R,2.0,R,13.0,A,,R,0.0,R,15.0,R,2.0,R,13.0,A,,R,0.0,R,15.0,R,2.0,R,13.0,A,,R,0.0,A,,A,,A,,A,,A,,A,,A,,A,,A,,A,,A,,A,,A,,A,,A,,A,,A,,A,,A,,A,,A,,A,,A,,A,
418524,3,3,1,3,3,3,3,3,1,5,1,3,R,68,R,7,R,61,R,0.0,R,0.0,R,41.0,R,6.0,R,35.0,A,,R,0.0,R,28.0,R,5.0,R,23.0,A,,R,0.0,R,28.0,R,5.0,R,23.0,A,,R,0.0,A,,A,,A,,A,,A,,A,,A,,A,,A,,A,,A,,A,,A,,A,,A,,A,,A,,A,,A,,A,,A,,A,,A,,A,
418588,5,3,1,3,5,3,3,3,1,5,1,3,R,14,R,1,R,13,A,,R,0.0,R,13.0,R,1.0,R,12.0,A,,R,0.0,R,13.0,R,1.0,R,12.0,A,,R,0.0,R,13.0,R,1.0,R,12.0,A,,R,0.0,A,,A,,A,,A,,A,,A,,A,,A,,A,,A,,A,,A,,A,,A,,A,,A,,A,,A,,A,,A,,A,,A,,A,,A,
419217,1,3,1,3,3,3,3,3,1,5,5,3,R,2,R,2,R,0,A,,R,0.0,R,2.0,R,2.0,A,,A,,R,0.0,R,2.0,R,2.0,A,,A,,R,0.0,R,2.0,R,2.0,A,,A,,R,0.0,A,,A,,A,,A,,A,,A,,A,,A,,A,,A,,A,,A,,A,,A,,A,,A,,A,,A,,A,,A,,A,,A,,A,,A,
420325,5,3,5,1,1,5,3,3,3,3,5,5,R,78,R,78,Z,0,A,,R,0.0,R,33.0,R,33.0,A,,A,,R,0.0,R,33.0,R,33.0,A,,A,,R,0.0,R,33.0,R,33.0,A,,A,,R,0.0,A,,A,,A,,A,,A,,A,,A,,A,,A,,A,,A,,A,,A,,A,,A,,A,,A,,A,,A,,A,,A,,A,,A,,A,
421708,1,3,1,3,3,3,3,3,1,3,3,3,R,71,R,8,R,63,A,,R,0.0,R,71.0,R,8.0,R,63.0,A,,R,0.0,R,39.0,R,6.0,R,33.0,A,,R,0.0,R,30.0,R,4.0,R,26.0,A,,R,0.0,R,9.0,R,2.0,R,7.0,A,,R,0.0,A,,A,,A,,A,,A,,A,,A,,A,,A,,A,,A,,A,,A,,A,,A,,A,,A,,A,,A,
421841,1,5,1,3,1,1,3,5,3,3,1,3,R,469,R,145,R,324,R,0.0,R,0.0,R,386.0,R,120.0,R,266.0,A,,R,0.0,R,85.0,R,30.0,R,55.0,A,,R,0.0,R,85.0,R,30.0,R,55.0,A,,R,0.0,A,,A,,A,,A,,A,,A,,A,,A,,A,,A,,A,,A,,A,,A,,A,,A,,A,,A,,A,,A,,A,,A,,A,,A,
421878,3,3,1,1,5,3,3,3,1,1,1,5,R,36,R,5,R,31,A,,R,0.0,R,36.0,R,5.0,R,31.0,A,,R,0.0,R,36.0,R,5.0,R,31.0,A,,R,0.0,R,33.0,R,4.0,R,29.0,A,,R,0.0,R,3.0,R,1.0,R,2.0,A,,R,0.0,A,,A,,A,,A,,A,,A,,A,,A,,A,,A,,A,,A,,A,,A,,A,,A,,A,,A,,A,
422695,3,3,1,3,3,3,3,1,1,3,3,3,R,20,R,9,R,11,A,,R,0.0,R,10.0,R,4.0,R,6.0,A,,R,0.0,R,5.0,R,2.0,R,3.0,A,,R,0.0,R,5.0,R,2.0,R,3.0,A,,R,0.0,A,,A,,A,,A,,A,,A,,A,,A,,A,,A,,A,,A,,A,,A,,A,,A,,A,,A,,A,,A,,A,,A,,A,,A,
426314,5,5,1,1,5,5,5,1,3,3,5,5,R,2047,R,1663,R,264,R,0.0,R,120.0,R,1264.0,R,1059.0,R,138.0,A,,R,67.0,R,678.0,R,586.0,R,92.0,A,,R,0.0,R,117.0,R,102.0,R,15.0,A,,R,0.0,R,561.0,R,484.0,R,77.0,A,,R,0.0,R,26.0,R,4.0,R,10.0,R,2.0,R,540.0,R,590.0,R,650.0,R,530.0,R,565.0,R,610.0,R,24.0,R,27.0,R,32.0,R,23.0,R,27.0,R,33.0,R,25.0,R,28.0,R,31.0
428170,1,5,5,5,5,5,3,5,1,3,3,3,R,227,R,27,R,190,A,,R,10.0,R,183.0,R,21.0,R,155.0,A,,R,7.0,R,114.0,R,12.0,R,102.0,A,,R,0.0,R,78.0,R,7.0,R,71.0,A,,R,0.0,R,36.0,R,5.0,R,31.0,A,,R,0.0,A,,A,,A,,A,,A,,A,,A,,A,,A,,A,,A,,A,,A,,A,,A,,A,,A,,A,,A,
430670,1,3,1,3,1,5,3,3,3,5,1,5,R,12,R,2,R,10,R,0.0,R,0.0,R,12.0,R,2.0,R,10.0,A,,R,0.0,R,9.0,R,2.0,R,7.0,A,,R,0.0,R,9.0,R,2.0,R,7.0,A,,R,0.0,A,,A,,A,,A,,A,,A,,A,,A,,A,,A,,A,,A,,A,,A,,A,,A,,A,,A,,A,,A,,A,,A,,A,,A,
430883,5,5,1,5,1,1,3,5,1,5,1,3,R,16,R,4,R,12,Z,0.0,R,0.0,R,5.0,R,2.0,R,3.0,A,,R,0.0,R,5.0,R,2.0,R,3.0,A,,R,0.0,R,5.0,R,2.0,R,3.0,A,,R,0.0,A,,A,,A,,A,,A,,A,,A,,A,,A,,A,,A,,A,,A,,A,,A,,A,,A,,A,,A,,A,,A,,A,,A,,A,
430971,3,3,1,3,1,3,3,3,1,3,3,3,R,15,R,3,R,12,A,,R,0.0,R,15.0,R,3.0,R,12.0,A,,R,0.0,R,15.0,R,3.0,R,12.0,A,,R,0.0,R,15.0,R,3.0,R,12.0,A,,R,0.0,A,,A,,A,,A,,A,,A,,A,,A,,A,,A,,A,,A,,A,,A,,A,,A,,A,,A,,A,,A,,A,,A,,A,,A,
431266,1,3,1,3,1,3,3,3,1,3,1,5,R,113,R,4,R,109,S,,S,,R,76.0,R,4.0,R,72.0,S,,S,,R,38.0,R,2.0,R,36.0,S,,S,,A,,A,,A,,S,,S,,R,38.0,R,2.0,R,36.0,S,,S,,A,,A,,A,,A,,A,,A,,A,,A,,A,,A,,A,,A,,A,,A,,A,,A,,A,,A,,A,
431600,3,3,1,3,3,3,3,3,1,3,3,3,R,47,R,7,R,38,R,0.0,R,2.0,R,35.0,R,4.0,R,29.0,A,,R,2.0,R,30.0,R,3.0,R,27.0,A,,R,0.0,R,11.0,R,1.0,R,10.0,A,,R,0.0,R,19.0,R,2.0,R,17.0,A,,R,0.0,A,,A,,A,,A,,A,,A,,A,,A,,A,,A,,A,,A,,A,,A,,A,,A,,A,,A,,A,
431983,5,3,5,1,1,5,3,3,3,3,5,5,R,0,R,0,Z,0,A,,R,0.0,A,,A,,A,,A,,R,0.0,A,,A,,A,,A,,R,0.0,A,,A,,A,,A,,R,0.0,A,,A,,A,,A,,A,,A,,A,,A,,A,,A,,A,,A,,A,,A,,A,,A,,A,,A,,A,,A,,A,,A,,A,,A,
432524,1,3,1,3,5,5,3,1,3,3,5,3,R,213,R,71,R,142,S,,S,,R,130.0,R,44.0,R,86.0,S,,S,,R,46.0,R,8.0,R,38.0,S,,S,,R,44.0,R,8.0,R,36.0,S,,S,,R,2.0,R,0.0,R,2.0,S,,S,,A,,A,,A,,A,,A,,A,,A,,A,,A,,A,,A,,A,,A,,A,,A,,A,,A,,A,,A,
433004,1,3,1,1,1,1,3,1,1,1,1,5,R,1,R,1,Z,0,A,,R,0.0,R,1.0,R,1.0,A,,A,,R,0.0,R,1.0,R,1.0,A,,A,,R,0.0,R,1.0,R,1.0,A,,A,,R,0.0,A,,A,,A,,A,,A,,A,,A,,A,,A,,A,,A,,A,,A,,A,,A,,A,,A,,A,,A,,A,,A,,A,,A,,A,
433040,3,3,1,3,1,3,3,3,1,3,1,3,R,9,R,1,R,8,A,,R,0.0,R,9.0,R,1.0,R,8.0,A,,R,0.0,R,9.0,R,1.0,R,8.0,A,,R,0.0,R,9.0,R,1.0,R,8.0,A,,R,0.0,A,,A,,A,,A,,A,,A,,A,,A,,A,,A,,A,,A,,A,,A,,A,,A,,A,,A,,A,,A,,A,,A,,A,,A,
433174,1,3,1,5,5,5,1,1,1,5,5,5,R,27,R,3,R,24,R,0.0,R,0.0,R,22.0,R,2.0,R,20.0,A,,R,0.0,R,22.0,R,2.0,R,20.0,A,,R,0.0,R,3.0,R,0.0,R,3.0,A,,R,0.0,R,19.0,R,2.0,R,17.0,A,,R,0.0,R,0.0,R,0.0,R,1.0,R,5.0,A,,A,,A,,A,,A,,A,,S,,S,,S,,S,,S,,S,,S,,S,,S,
433536,1,3,1,3,3,3,3,1,1,3,3,3,R,46,R,9,R,37,R,0.0,R,0.0,R,41.0,R,8.0,R,33.0,A,,R,0.0,R,27.0,R,5.0,R,22.0,A,,R,0.0,R,25.0,R,4.0,R,21.0,A,,R,0.0,R,2.0,R,1.0,R,1.0,A,,R,0.0,A,,A,,A,,A,,A,,A,,A,,A,,A,,A,,A,,A,,A,,A,,A,,A,,A,,A,,A,
433660,1,3,1,1,3,3,1,1,3,3,1,3,R,16050,R,5859,R,10184,S,,S,,R,12318.0,R,4573.0,R,7740.0,S,,S,,R,2776.0,R,1127.0,R,1646.0,S,,S,,R,2697.0,R,1089.0,R,1605.0,S,,S,,R,79.0,R,38.0,R,41.0,S,,S,,R,2240.0,R,81.0,R,1238.0,R,45.0,R,530.0,R,570.0,R,620.0,R,510.0,R,550.0,R,590.0,R,20.0,R,22.0,R,25.0,R,20.0,R,22.0,R,25.0,R,18.0,R,21.0,R,25.0
434362,3,3,1,3,3,3,3,5,3,3,3,3,R,40,R,37,R,3,A,,R,0.0,R,33.0,R,30.0,R,3.0,A,,R,0.0,R,33.0,R,30.0,R,3.0,A,,R,0.0,R,33.0,R,30.0,R,3.0,A,,R,0.0,A,,A,,A,,A,,A,,A,,A,,A,,A,,A,,A,,A,,A,,A,,A,,A,,A,,A,,A,,A,,A,,A,,A,,A,
436818,1,5,1,1,5,3,1,1,3,5,1,3,R,2137,R,1024,R,1113,S,,S,,R,1860.0,R,887.0,R,973.0,S,,S,,R,243.0,R,121.0,R,122.0,S,,S,,R,243.0,R,121.0,R,122.0,S,,S,,R,0.0,R,0.0,R,0.0,S,,S,,R,105.0,R,43.0,R,2.0,R,1.0,R,490.0,R,550.0,R,610.0,R,470.0,R,520.0,R,580.0,S,,S,,S,,S,,S,,S,,S,,S,,S,
436827,1,5,1,1,5,3,1,1,3,5,1,3,R,1245,R,643,R,602,S,,S,,R,1077.0,R,553.0,R,524.0,S,,S,,R,174.0,R,106.0,R,68.0,S,,S,,R,171.0,R,105.0,R,66.0,S,,S,,R,3.0,R,1.0,R,2.0,S,,S,,R,66.0,R,38.0,R,2.0,R,1.0,R,500.0,R,580.0,R,610.0,R,480.0,R,550.0,R,600.0,S,,S,,S,,S,,S,,S,,S,,S,,S,
436836,1,5,1,1,5,3,1,1,3,5,1,3,R,7121,R,3220,R,3901,S,,S,,R,5710.0,R,2592.0,R,3118.0,S,,S,,R,622.0,R,340.0,R,282.0,S,,S,,R,614.0,R,335.0,R,279.0,S,,S,,R,8.0,R,5.0,R,3.0,S,,S,,R,196.0,R,32.0,R,10.0,R,2.0,R,480.0,R,550.0,R,620.0,R,480.0,R,530.0,R,610.0,R,16.0,R,21.0,R,25.0,R,14.0,R,19.0,R,23.0,R,16.0,R,19.0,R,22.0
437237,3,3,1,5,1,5,3,1,3,5,3,3,R,25,R,22,R,3,R,0.0,R,0.0,R,20.0,R,18.0,R,2.0,A,,R,0.0,R,12.0,R,11.0,R,1.0,A,,R,0.0,R,12.0,R,11.0,R,1.0,A,,R,0.0,A,,A,,A,,A,,A,,A,,A,,A,,A,,A,,A,,A,,A,,A,,A,,A,,A,,A,,A,,A,,A,,A,,A,,A,
437732,3,3,1,3,3,3,5,3,1,1,1,5,R,0,R,0,R,0,S,,S,,A,,A,,A,,S,,S,,A,,A,,A,,S,,S,,A,,A,,A,,S,,S,,A,,A,,A,,S,,S,,A,,A,,A,,A,,A,,A,,A,,A,,A,,A,,A,,A,,A,,A,,A,,A,,A,,A,,A,
438337,1,3,3,3,3,3,3,3,3,3,3,3,R,220,R,80,R,140,A,,R,0.0,R,210.0,R,75.0,R,135.0,A,,R,0.0,R,188.0,R,68.0,R,120.0,A,,R,0.0,R,162.0,R,59.0,R,103.0,A,,R,0.0,R,26.0,R,9.0,R,17.0,A,,R,0.0,A,,A,,A,,A,,A,,A,,A,,A,,A,,A,,A,,A,,A,,A,,A,,A,,A,,A,,A,
439455,3,3,1,3,3,3,3,3,1,5,3,5,R,62,R,3,R,59,A,,R,0.0,R,42.0,R,3.0,R,39.0,A,,R,0.0,R,40.0,R,2.0,R,38.0,A,,R,0.0,R,28.0,R,2.0,R,26.0,A,,R,0.0,R,12.0,R,0.0,R,12.0,A,,R,0.0,A,,A,,A,,A,,A,,A,,A,,A,,A,,A,,A,,A,,A,,A,,A,,A,,A,,A,,A,
439701,1,3,1,3,5,5,1,1,1,5,5,3,R,25,R,11,R,14,A,,R,0.0,R,25.0,R,11.0,R,14.0,A,,R,0.0,R,22.0,R,10.0,R,12.0,A,,R,0.0,R,12.0,R,5.0,R,7.0,A,,R,0.0,R,10.0,R,5.0,R,5.0,A,,R,0.0,R,3.0,R,14.0,R,2.0,R,9.0,S,,S,,S,,S,,S,,S,,S,,S,,S,,S,,S,,S,,S,,S,,S,
439862,3,3,1,3,1,3,3,3,3,3,3,3,R,71,R,36,R,35,A,,R,0.0,R,28.0,R,13.0,R,15.0,A,,R,0.0,R,7.0,R,4.0,R,3.0,A,,R,0.0,R,6.0,R,3.0,R,3.0,A,,R,0.0,R,1.0,R,1.0,R,0.0,A,,R,0.0,A,,A,,A,,A,,A,,A,,A,,A,,A,,A,,A,,A,,A,,A,,A,,A,,A,,A,,A,
440396,1,5,1,5,1,5,1,1,3,5,1,3,R,126,R,59,R,67,A,,R,0.0,R,108.0,R,51.0,R,57.0,A,,R,0.0,R,80.0,R,39.0,R,41.0,A,,R,0.0,R,78.0,R,38.0,R,40.0,A,,R,0.0,R,2.0,R,1.0,R,1.0,A,,R,0.0,R,30.0,R,38.0,R,17.0,R,21.0,R,590.0,R,620.0,R,680.0,R,580.0,R,600.0,R,650.0,R,24.0,R,27.0,R,29.0,R,24.0,R,27.0,R,30.0,R,20.0,R,24.0,R,28.0
440828,1,5,1,1,3,5,3,1,3,3,5,3,R,1787,R,783,R,1004,A,,R,0.0,R,1223.0,R,486.0,R,737.0,A,,R,0.0,R,211.0,R,104.0,R,107.0,A,,R,0.0,R,176.0,R,88.0,R,88.0,A,,R,0.0,R,35.0,R,16.0,R,19.0,A,,R,0.0,A,,A,,A,,A,,A,,A,,A,,A,,A,,A,,A,,A,,A,,A,,A,,A,,A,,A,,A,
441487,3,3,1,3,3,3,3,3,1,3,3,3,R,54,R,2,R,52,A,,R,0.0,R,54.0,R,2.0,R,52.0,A,,R,0.0,R,23.0,R,0.0,R,23.0,A,,R,0.0,R,23.0,A,,R,23.0,A,,R,0.0,A,,A,,A,,A,,A,,A,,A,,A,,A,,A,,A,,A,,A,,A,,A,,A,,A,,A,,A,,A,,A,,A,,A,,A,
441593,3,3,1,3,3,3,3,3,1,3,3,3,R,0,R,0,R,0,A,,R,0.0,A,,A,,A,,A,,R,0.0,A,,A,,A,,A,,R,0.0,A,,A,,A,,A,,R,0.0,A,,A,,A,,A,,A,,A,,A,,A,,A,,A,,A,,A,,A,,A,,A,,A,,A,,A,,A,,A,,A,,A,,A,,A,
441609,5,3,5,1,1,5,3,3,3,3,5,5,R,49,R,49,Z,0,A,,R,0.0,R,17.0,R,17.0,A,,A,,R,0.0,R,9.0,R,9.0,A,,A,,R,0.0,R,9.0,R,9.0,A,,A,,R,0.0,A,,A,,A,,A,,A,,A,,A,,A,,A,,A,,A,,A,,A,,A,,A,,A,,A,,A,,A,,A,,A,,A,,A,,A,
441636,3,3,1,3,3,3,3,1,1,3,3,3,R,160,R,30,R,130,A,,R,0.0,R,135.0,R,14.0,R,121.0,A,,R,0.0,R,135.0,R,14.0,R,121.0,A,,R,0.0,R,118.0,R,9.0,R,109.0,A,,R,0.0,R,17.0,R,5.0,R,12.0,A,,R,0.0,A,,A,,A,,A,,A,,A,,A,,A,,A,,A,,A,,A,,A,,A,,A,,A,,A,,A,,A,
441742,3,3,1,3,3,3,3,3,1,5,3,3,R,377,R,43,R,334,R,0.0,R,0.0,R,377.0,R,43.0,R,334.0,A,,R,0.0,R,257.0,R,25.0,R,232.0,A,,R,0.0,R,228.0,R,23.0,R,205.0,A,,R,0.0,R,29.0,R,2.0,R,27.0,A,,R,0.0,A,,A,,A,,A,,A,,A,,A,,A,,A,,A,,A,,A,,A,,A,,A,,A,,A,,A,,A,
441858,5,3,1,3,5,1,3,3,1,3,5,3,R,90,R,7,R,83,R,0.0,R,0.0,R,78.0,R,7.0,R,71.0,A,,R,0.0,R,73.0,R,6.0,R,67.0,A,,R,0.0,R,46.0,R,4.0,R,42.0,A,,R,0.0,R,27.0,R,2.0,R,25.0,A,,R,0.0,A,,A,,A,,A,,A,,A,,A,,A,,A,,A,,A,,A,,A,,A,,A,,A,,A,,A,,A,
441900,1,3,1,3,3,3,3,3,3,3,3,3,R,1733,R,468,R,1260,S,,S,,R,1493.0,R,396.0,R,1092.0,S,,S,,C,519.0,R,106.0,C,411.0,S,,S,,C,438.0,R,85.0,C,351.0,S,,S,,C,81.0,R,21.0,C,60.0,S,,S,,A,,A,,A,,A,,A,,A,,A,,A,,A,,A,,A,,A,,A,,A,,A,,A,,A,,A,,A,
441937,1,3,1,1,3,3,3,1,3,3,3,3,R,10082,R,3838,R,6244,S,,S,,R,9382.0,R,3537.0,R,5845.0,S,,S,,R,568.0,R,206.0,R,362.0,S,,S,,R,555.0,R,201.0,R,354.0,S,,S,,R,13.0,R,5.0,R,8.0,S,,S,,A,,A,,A,,A,,A,,A,,A,,A,,A,,A,,A,,A,,A,,A,,A,,A,,A,,A,,A,
441982,1,5,1,1,1,3,5,5,3,5,1,3,R,928,R,657,R,271,A,,R,0.0,R,201.0,R,88.0,R,113.0,A,,R,0.0,R,98.0,R,49.0,R,49.0,A,,R,0.0,R,98.0,R,49.0,R,49.0,A,,R,0.0,A,,A,,A,,A,,A,,R,45.0,R,46.0,R,22.0,R,22.0,R,720.0,R,750.0,R,770.0,R,760.0,R,780.0,R,790.0,R,34.0,R,35.0,R,35.0,R,34.0,R,35.0,R,35.0,R,32.0,R,35.0,R,36.0
442356,1,3,1,5,5,3,5,5,3,3,5,3,R,451,R,52,R,398,A,,R,1.0,R,199.0,R,27.0,R,172.0,A,,R,0.0,R,93.0,R,14.0,R,79.0,A,,R,0.0,R,59.0,R,8.0,R,51.0,A,,R,0.0,R,34.0,R,6.0,R,28.0,A,,R,0.0,R,0.0,R,0.0,R,0.0,Z,0.0,A,,A,,A,,A,,A,,A,,A,,A,,A,,A,,A,,A,,A,,A,,A,
442426,3,3,3,3,5,3,3,3,1,3,5,3,R,27,R,0,R,27,S,,S,,R,27.0,A,,R,27.0,S,,S,,R,21.0,A,,R,21.0,S,,S,,R,15.0,A,,R,15.0,S,,S,,R,6.0,A,,R,6.0,S,,S,,A,,A,,A,,A,,A,,A,,A,,A,,A,,A,,A,,A,,A,,A,,A,,A,,A,,A,,A,
442523,1,5,1,3,1,5,3,3,3,3,1,3,R,47,R,11,R,36,A,,R,0.0,R,42.0,R,10.0,R,32.0,A,,R,0.0,R,12.0,R,3.0,R,9.0,A,,R,0.0,R,12.0,R,3.0,R,9.0,A,,R,0.0,R,0.0,R,0.0,R,0.0,A,,R,0.0,A,,A,,A,,A,,A,,A,,A,,A,,A,,A,,A,,A,,A,,A,,A,,A,,A,,A,,A,
443058,5,3,1,5,1,3,5,1,3,5,1,3,R,4,R,2,R,2,A,,R,0.0,R,4.0,R,2.0,R,2.0,A,,R,0.0,R,3.0,R,2.0,R,1.0,A,,R,0.0,R,0.0,R,0.0,R,0.0,A,,R,0.0,R,3.0,R,2.0,R,1.0,A,,R,0.0,R,0.0,R,0.0,R,0.0,R,0.0,A,,A,,A,,A,,A,,A,,A,,A,,A,,A,,A,,A,,A,,A,,A,
443261,1,5,5,5,5,5,3,3,1,3,3,3,R,117,R,15,R,101,A,,R,1.0,R,109.0,R,15.0,R,93.0,A,,R,1.0,R,72.0,R,10.0,R,62.0,A,,R,0.0,R,45.0,R,6.0,R,39.0,A,,R,0.0,R,27.0,R,4.0,R,23.0,A,,R,0.0,A,,A,,A,,A,,A,,A,,A,,A,,A,,A,,A,,A,,A,,A,,A,,A,,A,,A,,A,
443410,1,3,1,5,5,1,5,1,3,5,1,3,R,838,R,586,R,251,A,,R,1.0,R,570.0,R,390.0,R,179.0,A,,R,1.0,R,192.0,R,132.0,R,60.0,A,,R,0.0,R,189.0,R,132.0,R,57.0,A,,R,0.0,R,3.0,R,0.0,R,3.0,A,,R,0.0,R,87.0,R,45.0,R,19.0,R,10.0,R,590.0,R,650.0,R,700.0,R,580.0,R,620.0,R,690.0,R,28.0,R,31.0,R,32.0,R,26.0,R,28.0,R,33.0,R,26.0,R,28.0,R,30.0
443599,1,3,1,3,3,3,5,1,3,3,1,3,R,146,R,11,R,135,A,,R,0.0,R,85.0,R,5.0,R,80.0,A,,R,0.0,R,65.0,R,4.0,R,61.0,A,,R,0.0,R,11.0,R,0.0,R,11.0,A,,R,0.0,R,54.0,R,4.0,R,50.0,A,,R,0.0,R,0.0,R,0.0,A,,A,,A,,A,,A,,A,,A,,A,,A,,A,,A,,A,,A,,A,,A,,A,,A,
444413,5,3,5,1,1,5,3,3,3,3,5,5,R,120,R,120,Z,0,A,,R,0.0,R,84.0,R,84.0,A,,A,,R,0.0,R,79.0,R,79.0,A,,A,,R,0.0,R,79.0,R,79.0,A,,A,,R,0.0,A,,A,,A,,A,,A,,A,,A,,A,,A,,A,,A,,A,,A,,A,,A,,A,,A,,A,,A,,A,,A,,A,,A,,A,
444510,3,3,1,3,3,1,3,1,1,3,3,3,R,85,R,22,R,63,A,,R,0.0,R,51.0,R,9.0,R,42.0,A,,R,0.0,R,30.0,R,4.0,R,26.0,A,,R,0.0,R,30.0,R,4.0,R,26.0,A,,R,0.0,A,,A,,A,,A,,A,,A,,A,,A,,A,,A,,A,,A,,A,,A,,A,,A,,A,,A,,A,,A,,A,,A,,A,,A,
444866,1,5,5,5,5,5,3,3,1,3,3,3,R,172,R,15,R,151,A,,R,6.0,R,159.0,R,15.0,R,139.0,A,,R,5.0,R,90.0,R,4.0,R,86.0,A,,R,0.0,R,55.0,R,2.0,R,53.0,A,,R,0.0,R,35.0,R,2.0,R,33.0,A,,R,0.0,A,,A,,A,,A,,A,,A,,A,,A,,A,,A,,A,,A,,A,,A,,A,,A,,A,,A,,A,
445188,1,3,1,1,3,3,3,1,3,5,1,3,R,67891,R,32472,R,35419,S,,S,,R,26598.0,R,13025.0,R,13573.0,S,,S,,R,2416.0,R,1342.0,R,1074.0,S,,S,,R,2397.0,R,1333.0,R,1064.0,S,,S,,R,19.0,R,9.0,R,10.0,S,,S,,A,,A,,A,,A,,A,,A,,A,,A,,A,,A,,A,,A,,A,,A,,A,,A,,A,,A,,A,
445267,1,5,1,5,3,3,5,5,3,3,3,3,R,280,R,256,R,24,S,,S,,R,244.0,R,237.0,R,7.0,S,,S,,R,218.0,R,215.0,R,3.0,S,,S,,R,51.0,R,49.0,R,2.0,S,,S,,R,167.0,R,166.0,R,1.0,S,,S,,R,0.0,Z,0.0,A,,A,,A,,A,,A,,A,,A,,A,,A,,A,,A,,A,,A,,A,,A,,A,,A,
445692,1,3,1,5,3,5,5,3,3,5,3,3,R,1125,R,820,R,225,S,,S,,R,1004.0,R,727.0,R,208.0,S,,S,,R,177.0,R,147.0,R,23.0,S,,S,,R,173.0,R,145.0,R,22.0,S,,S,,R,4.0,R,2.0,R,1.0,S,,S,,R,50.0,R,28.0,R,91.0,R,51.0,R,410.0,R,485.0,R,585.0,R,460.0,R,485.0,R,490.0,R,24.0,R,24.0,R,28.0,R,17.0,R,21.0,R,26.0,R,22.0,R,24.0,R,28.0
445708,1,5,1,5,5,5,5,1,3,5,5,5,R,4677,R,1488,R,3185,A,,R,4.0,R,3521.0,R,1039.0,R,2480.0,A,,R,2.0,R,432.0,R,159.0,R,273.0,A,,R,0.0,R,430.0,R,157.0,R,273.0,A,,R,0.0,R,2.0,R,2.0,R,0.0,A,,R,0.0,R,37.0,R,9.0,R,35.0,R,8.0,R,460.0,R,520.0,R,600.0,R,460.0,R,490.0,R,540.0,R,16.0,R,19.0,R,22.0,R,13.0,R,17.0,R,21.0,R,16.0,R,17.0,R,22.0
446048,1,5,3,3,5,3,3,1,5,3,5,3,R,2448,R,1081,R,1367,A,,R,0.0,R,1097.0,R,473.0,R,624.0,A,,R,0.0,R,318.0,R,149.0,R,169.0,A,,R,0.0,R,318.0,R,149.0,R,169.0,A,,R,0.0,R,0.0,R,0.0,R,0.0,A,,R,0.0,A,,A,,A,,A,,A,,A,,A,,A,,A,,A,,A,,A,,A,,A,,A,,A,,A,,A,,A,
446233,1,1,1,3,1,3,3,1,3,3,3,3,R,120,R,80,R,40,A,,R,0.0,R,57.0,R,34.0,R,23.0,A,,R,0.0,R,33.0,R,20.0,R,13.0,A,,R,0.0,R,32.0,R,19.0,R,13.0,A,,R,0.0,R,1.0,R,1.0,R,0.0,A,,R,0.0,A,,A,,A,,A,,A,,A,,A,,A,,A,,A,,A,,A,,A,,A,,A,,A,,A,,A,,A,
446303,3,3,1,3,3,3,3,3,3,3,3,3,R,58,R,10,R,48,S,,S,,R,44.0,Z,0.0,R,44.0,S,,S,,R,40.0,A,,R,40.0,S,,S,,R,24.0,A,,R,24.0,S,,S,,R,16.0,A,,R,16.0,S,,S,,A,,A,,A,,A,,A,,A,,A,,A,,A,,A,,A,,A,,A,,A,,A,,A,,A,,A,,A,
446385,1,3,1,3,5,1,3,1,3,5,5,5,R,408,R,216,R,192,A,,R,0.0,R,332.0,R,175.0,R,157.0,A,,R,0.0,R,69.0,R,49.0,R,20.0,A,,R,0.0,R,69.0,R,49.0,R,20.0,A,,R,0.0,R,0.0,R,0.0,R,0.0,A,,R,0.0,A,,A,,A,,A,,A,,A,,A,,A,,A,,A,,A,,A,,A,,A,,A,,A,,A,,A,,A,
446561,5,3,1,5,5,1,3,3,1,3,3,3,R,2700,R,205,R,1100,A,,R,1395.0,R,307.0,R,66.0,R,190.0,A,,R,51.0,R,294.0,R,65.0,R,182.0,A,,R,47.0,R,294.0,R,65.0,R,182.0,A,,R,47.0,A,,A,,A,,A,,A,,A,,A,,A,,A,,A,,A,,A,,A,,A,,A,,A,,A,,A,,A,,A,,A,,A,,A,,A,
446640,1,5,5,5,5,5,3,1,3,3,5,5,R,1290,R,660,R,630,S,,S,,R,1055.0,R,524.0,R,531.0,S,,S,,R,145.0,R,106.0,R,39.0,S,,S,,R,136.0,R,98.0,R,38.0,S,,S,,R,9.0,R,8.0,R,1.0,S,,S,,A,,A,,A,,A,,A,,A,,A,,A,,A,,A,,A,,A,,A,,A,,A,,A,,A,,A,,A,
447263,3,3,3,3,3,3,3,1,1,3,3,3,R,180,R,20,R,160,A,,R,0.0,R,161.0,R,17.0,R,144.0,A,,R,0.0,R,160.0,R,17.0,R,143.0,A,,R,0.0,R,131.0,R,13.0,R,118.0,A,,R,0.0,R,29.0,R,4.0,R,25.0,A,,R,0.0,A,,A,,A,,A,,A,,A,,A,,A,,A,,A,,A,,A,,A,,A,,A,,A,,A,,A,,A,
447689,1,3,1,1,3,3,3,1,3,3,3,3,R,6390,R,2587,R,3803,A,,R,0.0,R,6107.0,R,2450.0,R,3657.0,A,,R,0.0,R,2716.0,R,1148.0,R,1568.0,A,,R,0.0,R,2273.0,R,958.0,R,1315.0,A,,R,0.0,R,443.0,R,190.0,R,253.0,A,,R,0.0,A,,A,,A,,A,,A,,A,,A,,A,,A,,A,,A,,A,,A,,A,,A,,A,,A,,A,,A,
447953,1,5,1,3,1,5,3,1,5,5,1,3,R,95,R,49,R,46,A,,R,0.0,R,61.0,R,38.0,R,23.0,A,,R,0.0,R,54.0,R,33.0,R,21.0,A,,R,0.0,R,35.0,R,23.0,R,12.0,A,,R,0.0,R,19.0,R,10.0,R,9.0,A,,R,0.0,A,,A,,A,,A,,A,,A,,A,,A,,A,,A,,A,,A,,A,,A,,A,,A,,A,,A,,A,
449384,5,3,1,3,3,1,3,1,3,3,1,3,R,63,R,36,R,24,S,,S,,R,25.0,R,12.0,R,11.0,S,,S,,R,20.0,R,9.0,R,9.0,S,,S,,R,20.0,R,9.0,R,9.0,S,,S,,A,,A,,A,,S,,S,,A,,A,,A,,A,,A,,A,,A,,A,,A,,A,,A,,A,,A,,A,,A,,A,,A,,A,,A,
449506,1,3,1,3,1,3,3,3,1,3,3,5,R,136,R,34,R,102,R,0.0,R,0.0,R,126.0,R,32.0,R,94.0,A,,R,0.0,R,71.0,R,20.0,R,51.0,A,,R,0.0,R,71.0,R,20.0,R,51.0,A,,R,0.0,A,,A,,A,,A,,A,,A,,A,,A,,A,,A,,A,,A,,A,,A,,A,,A,,A,,A,,A,,A,,A,,A,,A,,A,
449612,3,3,3,3,1,3,3,3,1,3,1,3,R,47,R,18,R,29,A,,R,0.0,R,23.0,R,11.0,R,12.0,A,,R,0.0,R,21.0,R,11.0,R,10.0,A,,R,0.0,R,21.0,R,11.0,R,10.0,A,,R,0.0,A,,A,,A,,A,,A,,A,,A,,A,,A,,A,,A,,A,,A,,A,,A,,A,,A,,A,,A,,A,,A,,A,,A,,A,
449658,3,3,5,3,1,1,3,3,3,3,3,3,R,73,R,73,R,0,A,,R,0.0,R,46.0,R,46.0,A,,A,,R,0.0,R,33.0,R,33.0,A,,A,,R,0.0,R,33.0,R,33.0,A,,A,,R,0.0,A,,A,,A,,A,,A,,A,,A,,A,,A,,A,,A,,A,,A,,A,,A,,A,,A,,A,,A,,A,,A,,A,,A,,A,
449764,1,3,1,3,1,1,5,5,1,5,5,3,R,136,R,75,R,61,A,,R,0.0,R,39.0,R,11.0,R,28.0,A,,R,0.0,R,31.0,R,9.0,R,22.0,A,,R,0.0,R,31.0,R,9.0,R,22.0,A,,R,0.0,A,,A,,A,,A,,A,,R,2.0,R,6.0,R,6.0,R,19.0,S,,S,,S,,S,,S,,S,,R,17.0,R,20.0,R,24.0,R,15.0,R,18.0,R,28.0,R,15.0,R,17.0,R,20.0
449834,1,5,1,3,1,3,3,5,3,1,1,3,R,0,R,0,R,0,A,,R,0.0,A,,A,,A,,A,,R,0.0,A,,A,,A,,A,,R,0.0,A,,A,,A,,A,,A,,A,,A,,A,,A,,R,0.0,A,,A,,A,,A,,A,,A,,A,,A,,A,,A,,A,,A,,A,,A,,A,,A,,A,,A,,A,
449861,3,3,3,3,3,3,3,3,1,3,3,3,R,96,R,9,R,87,A,,R,0.0,R,69.0,R,6.0,R,63.0,A,,R,0.0,R,38.0,R,2.0,R,36.0,A,,R,0.0,R,38.0,R,2.0,R,36.0,A,,R,0.0,A,,A,,A,,A,,A,,A,,A,,A,,A,,A,,A,,A,,A,,A,,A,,A,,A,,A,,A,,A,,A,,A,,A,,A,
449870,1,5,5,5,5,5,3,1,3,5,1,3,R,7,R,5,R,2,Z,0.0,R,0.0,R,7.0,R,5.0,R,2.0,A,,R,0.0,R,4.0,R,2.0,R,2.0,A,,R,0.0,R,4.0,R,2.0,R,2.0,A,,R,0.0,A,,A,,A,,A,,A,,A,,A,,A,,A,,A,,A,,A,,A,,A,,A,,A,,A,,A,,A,,A,,A,,A,,A,,A,
451352,1,5,5,5,5,5,3,3,1,3,3,3,R,239,R,20,R,217,A,,R,2.0,R,233.0,R,20.0,R,211.0,A,,R,2.0,R,132.0,R,11.0,R,121.0,A,,R,0.0,R,101.0,R,11.0,R,90.0,A,,R,0.0,R,31.0,R,0.0,R,31.0,A,,R,0.0,A,,A,,A,,A,,A,,A,,A,,A,,A,,A,,A,,A,,A,,A,,A,,A,,A,,A,,A,
451370,5,3,5,1,1,5,3,3,3,3,5,5,R,5,R,5,Z,0,A,,R,0.0,R,5.0,R,5.0,A,,A,,R,0.0,R,5.0,R,5.0,A,,A,,R,0.0,R,5.0,R,5.0,A,,A,,R,0.0,A,,A,,A,,A,,A,,A,,A,,A,,A,,A,,A,,A,,A,,A,,A,,A,,A,,A,,A,,A,,A,,A,,A,,A,
451398,5,3,5,1,1,5,3,3,3,3,5,5,R,63,R,63,Z,0,A,,R,0.0,R,62.0,R,62.0,A,,A,,R,0.0,R,62.0,R,62.0,A,,A,,R,0.0,R,62.0,R,62.0,A,,A,,R,0.0,A,,A,,A,,A,,A,,A,,A,,A,,A,,A,,A,,A,,A,,A,,A,,A,,A,,A,,A,,A,,A,,A,,A,,A,
451404,3,3,5,1,1,3,3,3,3,5,5,5,R,207,R,207,R,0,A,,R,0.0,R,203.0,R,203.0,A,,A,,R,0.0,R,198.0,R,198.0,A,,A,,R,0.0,R,198.0,R,198.0,A,,A,,R,0.0,A,,A,,A,,A,,A,,A,,A,,A,,A,,A,,A,,A,,A,,A,,A,,A,,A,,A,,A,,A,,A,,A,,A,,A,
451413,5,5,5,5,1,3,3,5,5,3,1,3,R,135,R,19,R,116,R,0.0,R,0.0,R,25.0,R,3.0,R,22.0,A,,R,0.0,R,25.0,R,3.0,R,22.0,A,,R,0.0,R,25.0,R,3.0,R,22.0,A,,R,0.0,A,,A,,A,,A,,A,,A,,A,,A,,A,,A,,A,,A,,A,,A,,A,,A,,A,,A,,A,,A,,A,,A,,A,,A,
451927,1,5,1,5,5,5,1,5,3,5,1,3,R,222,R,100,R,122,A,,R,0.0,R,182.0,R,81.0,R,101.0,A,,R,0.0,R,98.0,R,44.0,R,54.0,A,,R,0.0,R,88.0,R,40.0,R,48.0,A,,R,0.0,R,10.0,R,4.0,R,6.0,A,,R,0.0,R,55.0,R,56.0,R,39.0,R,40.0,R,650.0,R,700.0,R,750.0,R,570.0,R,630.0,R,680.0,R,26.0,R,30.0,R,31.0,R,30.0,R,32.0,R,35.0,R,23.0,R,27.0,R,30.0
452106,1,5,5,5,5,5,3,3,3,5,5,5,R,26,R,25,R,1,A,,R,0.0,R,26.0,R,25.0,R,1.0,A,,R,0.0,R,26.0,R,25.0,R,1.0,A,,R,0.0,R,26.0,R,25.0,R,1.0,A,,R,0.0,A,,A,,A,,A,,A,,A,,A,,A,,A,,A,,A,,A,,A,,A,,A,,A,,A,,A,,A,,A,,A,,A,,A,,A,
454227,1,3,1,3,3,3,5,5,1,3,3,3,R,70,R,4,R,66,R,0.0,R,0.0,R,62.0,R,4.0,R,58.0,A,,R,0.0,R,48.0,R,4.0,R,44.0,A,,R,0.0,R,35.0,R,4.0,R,31.0,A,,R,0.0,R,13.0,R,0.0,R,13.0,A,,R,0.0,R,5.0,R,10.0,R,7.0,R,15.0,R,400.0,R,420.0,R,420.0,R,370.0,R,390.0,R,430.0,R,14.0,R,16.0,R,17.0,R,13.0,R,14.0,R,15.0,R,15.0,R,16.0,R,16.0
454236,1,3,1,3,3,3,5,5,1,3,3,3,R,4,R,1,R,3,R,0.0,R,0.0,R,3.0,R,1.0,R,2.0,A,,R,0.0,R,3.0,R,1.0,R,2.0,A,,R,0.0,R,3.0,R,1.0,R,2.0,A,,R,0.0,R,0.0,R,0.0,R,0.0,A,,R,0.0,R,1.0,R,33.0,R,1.0,R,33.0,S,,S,,S,,S,,S,,S,,S,,S,,S,,S,,S,,S,,S,,S,,S,
454245,1,3,1,3,3,3,5,5,1,3,3,3,R,8,R,1,R,7,R,0.0,R,0.0,R,7.0,R,0.0,R,7.0,A,,R,0.0,R,5.0,A,,R,5.0,A,,R,0.0,R,3.0,A,,R,3.0,A,,R,0.0,R,2.0,A,,R,2.0,A,,R,0.0,R,0.0,R,0.0,R,1.0,R,20.0,A,,A,,A,,A,,A,,A,,S,,S,,S,,S,,S,,S,,S,,S,,S,
455196,3,3,3,3,1,3,5,3,1,5,5,3,R,536,R,52,R,484,A,,R,0.0,R,364.0,R,37.0,R,327.0,A,,R,0.0,R,259.0,R,27.0,R,232.0,A,,R,0.0,R,187.0,R,24.0,R,163.0,A,,R,0.0,R,72.0,R,3.0,R,69.0,A,,R,0.0,R,8.0,R,3.0,R,7.0,R,3.0,R,460.0,R,470.0,R,530.0,R,455.0,R,485.0,R,560.0,R,17.0,R,18.0,R,22.0,R,17.0,R,17.0,R,21.0,R,17.0,R,19.0,R,22.0
455257,5,3,5,1,1,5,3,3,3,3,5,5,R,130,R,130,Z,0,A,,R,0.0,R,86.0,R,86.0,A,,A,,R,0.0,R,86.0,R,86.0,A,,A,,R,0.0,R,86.0,R,86.0,A,,A,,R,0.0,A,,A,,A,,A,,A,,A,,A,,A,,A,,A,,A,,A,,A,,A,,A,,A,,A,,A,,A,,A,,A,,A,,A,,A,
455664,1,1,1,5,1,3,5,5,3,1,1,5,R,117,R,32,R,85,S,,S,,R,47.0,R,11.0,R,36.0,S,,S,,R,36.0,R,10.0,R,26.0,S,,S,,R,0.0,R,0.0,R,0.0,S,,S,,R,36.0,R,10.0,R,26.0,S,,S,,R,0.0,R,0.0,R,0.0,R,0.0,A,,A,,A,,A,,A,,A,,A,,A,,A,,A,,A,,A,,A,,A,,A,
455770,1,3,1,5,5,3,3,1,3,3,1,3,R,107,R,51,R,56,A,,R,0.0,R,99.0,R,44.0,R,55.0,A,,R,0.0,R,28.0,R,12.0,R,16.0,A,,R,0.0,R,27.0,R,12.0,R,15.0,A,,R,0.0,R,1.0,R,0.0,R,1.0,A,,R,0.0,A,,A,,A,,A,,A,,A,,A,,A,,A,,A,,A,,A,,A,,A,,A,,A,,A,,A,,A,
456959,1,5,1,1,5,3,5,1,3,5,5,3,R,1221,R,313,R,902,A,,R,6.0,R,877.0,R,191.0,R,681.0,A,,R,5.0,R,163.0,R,38.0,R,122.0,A,,R,3.0,R,162.0,R,38.0,R,121.0,A,,R,3.0,R,1.0,R,0.0,R,1.0,A,,R,0.0,R,4.0,R,2.0,R,53.0,R,33.0,S,,S,,S,,S,,S,,S,,R,22.0,R,25.0,R,27.0,R,19.0,R,23.0,R,26.0,R,22.0,R,24.0,R,26.0
457129,1,3,1,3,3,3,5,5,1,3,3,3,R,12,R,1,R,11,R,0.0,R,0.0,R,12.0,R,1.0,R,11.0,A,,R,0.0,R,10.0,R,1.0,R,9.0,A,,R,0.0,R,8.0,R,1.0,R,7.0,A,,R,0.0,R,2.0,R,0.0,R,2.0,A,,R,0.0,R,1.0,R,10.0,R,0.0,R,0.0,S,,S,,S,,S,,S,,S,,A,,A,,A,,A,,A,,A,,A,,A,,A,
457624,3,3,1,3,1,1,3,1,3,3,1,5,R,9,R,2,R,7,A,,R,0.0,R,9.0,R,2.0,R,7.0,A,,R,0.0,R,9.0,R,2.0,R,7.0,A,,R,0.0,R,9.0,R,2.0,R,7.0,A,,R,0.0,A,,A,,A,,A,,A,,A,,A,,A,,A,,A,,A,,A,,A,,A,,A,,A,,A,,A,,A,,A,,A,,A,,A,,A,
457800,3,3,1,5,5,5,3,3,3,5,3,3,R,39,R,4,R,35,A,,R,0.0,R,39.0,R,4.0,R,35.0,A,,R,0.0,R,21.0,R,2.0,R,19.0,A,,R,0.0,R,11.0,R,2.0,R,9.0,A,,R,0.0,R,10.0,R,0.0,R,10.0,A,,R,0.0,A,,A,,A,,A,,A,,A,,A,,A,,A,,A,,A,,A,,A,,A,,A,,A,,A,,A,,A,
457925,3,3,1,3,1,1,3,3,3,3,1,3,R,3,R,2,R,1,S,,S,,R,2.0,R,2.0,R,0.0,S,,S,,R,0.0,R,0.0,A,,S,,S,,A,,A,,A,,S,,S,,A,,A,,A,,S,,S,,A,,A,,A,,A,,A,,A,,A,,A,,A,,A,,A,,A,,A,,A,,A,,A,,A,,A,,A,
458034,1,3,1,1,3,1,3,1,3,3,3,5,R,5,R,0,R,0,A,,R,5.0,R,2.0,A,,A,,A,,R,2.0,R,2.0,A,,A,,A,,R,2.0,R,2.0,A,,A,,A,,R,2.0,A,,A,,A,,A,,A,,A,,A,,A,,A,,A,,A,,A,,A,,A,,A,,A,,A,,A,,A,,A,,A,,A,,A,,A,
459842,1,3,1,3,3,3,3,1,1,3,3,3,R,66,R,8,R,58,R,0.0,R,0.0,R,59.0,R,7.0,R,52.0,A,,R,0.0,R,39.0,R,5.0,R,34.0,A,,R,0.0,R,23.0,R,3.0,R,20.0,A,,R,0.0,R,16.0,R,2.0,R,14.0,A,,R,0.0,A,,A,,A,,A,,A,,A,,A,,A,,A,,A,,A,,A,,A,,A,,A,,A,,A,,A,,A,
459851,1,3,1,3,3,3,3,1,1,3,3,3,R,76,R,6,R,70,R,0.0,R,0.0,R,69.0,R,5.0,R,64.0,A,,R,0.0,R,47.0,R,3.0,R,44.0,A,,R,0.0,R,23.0,R,1.0,R,22.0,A,,R,0.0,R,24.0,R,2.0,R,22.0,A,,R,0.0,A,,A,,A,,A,,A,,A,,A,,A,,A,,A,,A,,A,,A,,A,,A,,A,,A,,A,,A,
459949,1,1,1,5,5,3,5,1,3,3,5,3,R,7773,R,2765,R,5000,R,8.0,R,0.0,R,7151.0,R,2495.0,R,4648.0,R,8.0,R,0.0,R,1025.0,R,401.0,R,624.0,R,0.0,R,0.0,R,974.0,R,374.0,R,600.0,A,,R,0.0,R,51.0,R,27.0,R,24.0,A,,R,0.0,R,396.0,R,39.0,R,63.0,R,6.0,R,430.0,R,480.0,R,540.0,R,420.0,R,470.0,R,530.0,R,15.0,R,18.0,R,21.0,R,14.0,R,16.0,R,21.0,R,16.0,R,18.0,R,21.0
460181,3,3,1,3,3,3,3,3,1,5,3,3,R,286,R,27,R,259,R,0.0,R,0.0,R,277.0,R,26.0,R,251.0,A,,R,0.0,R,158.0,R,15.0,R,143.0,A,,R,0.0,R,158.0,R,15.0,R,143.0,A,,R,0.0,A,,A,,A,,A,,A,,A,,A,,A,,A,,A,,A,,A,,A,,A,,A,,A,,A,,A,,A,,A,,A,,A,,A,,A,
460190,3,3,1,3,3,3,3,3,1,5,3,3,R,163,R,16,R,147,R,0.0,R,0.0,R,148.0,R,15.0,R,133.0,A,,R,0.0,R,70.0,R,8.0,R,62.0,A,,R,0.0,R,70.0,R,8.0,R,62.0,A,,R,0.0,A,,A,,A,,A,,A,,A,,A,,A,,A,,A,,A,,A,,A,,A,,A,,A,,A,,A,,A,,A,,A,,A,,A,,A,
460206,3,3,1,3,3,3,3,3,1,5,3,3,R,122,R,13,R,109,R,0.0,R,0.0,R,121.0,R,13.0,R,108.0,A,,R,0.0,R,77.0,R,9.0,R,68.0,A,,R,0.0,R,77.0,R,9.0,R,68.0,A,,R,0.0,A,,A,,A,,A,,A,,A,,A,,A,,A,,A,,A,,A,,A,,A,,A,,A,,A,,A,,A,,A,,A,,A,,A,,A,
460349,1,3,1,3,5,3,3,1,3,1,5,3,R,446,R,161,R,278,A,,R,7.0,R,242.0,R,91.0,R,145.0,A,,R,6.0,R,155.0,R,63.0,R,87.0,A,,R,5.0,R,23.0,R,4.0,R,18.0,A,,R,1.0,R,132.0,R,59.0,R,69.0,A,,R,4.0,A,,A,,A,,A,,A,,A,,A,,A,,A,,A,,A,,A,,A,,A,,A,,A,,A,,A,,A,
460376,3,3,1,3,3,3,3,1,3,3,3,3,R,0,R,0,R,0,A,,R,0.0,A,,A,,A,,A,,R,0.0,A,,A,,A,,A,,R,0.0,A,,A,,A,,A,,R,0.0,A,,A,,A,,A,,A,,A,,A,,A,,A,,A,,A,,A,,A,,A,,A,,A,,A,,A,,A,,A,,A,,A,,A,,A,
460871,1,3,1,3,3,3,5,5,1,3,3,3,R,2,R,0,R,2,R,0.0,R,0.0,R,2.0,A,,R,2.0,A,,R,0.0,R,1.0,A,,R,1.0,A,,R,0.0,R,1.0,A,,R,1.0,A,,R,0.0,R,0.0,A,,R,0.0,A,,R,0.0,R,0.0,Z,0.0,R,0.0,Z,0.0,A,,A,,A,,A,,A,,A,,A,,A,,A,,A,,A,,A,,A,,A,,A,
461528,1,3,1,3,1,5,3,5,3,3,1,3,R,20,R,10,R,10,A,,R,0.0,R,20.0,R,10.0,R,10.0,A,,R,0.0,R,18.0,R,9.0,R,9.0,A,,R,0.0,R,5.0,R,3.0,R,2.0,A,,R,0.0,R,13.0,R,6.0,R,7.0,A,,R,0.0,A,,A,,A,,A,,A,,A,,A,,A,,A,,A,,A,,A,,A,,A,,A,,A,,A,,A,,A,
461759,1,3,1,5,5,3,3,3,3,5,5,5,R,280,R,167,R,109,S,,S,,R,275.0,R,164.0,R,107.0,S,,S,,R,169.0,R,112.0,R,57.0,S,,S,,R,153.0,R,108.0,R,45.0,S,,S,,R,16.0,R,4.0,R,12.0,S,,S,,A,,A,,A,,A,,A,,A,,A,,A,,A,,A,,A,,A,,A,,A,,A,,A,,A,,A,,A,
461847,5,3,5,1,1,5,3,3,3,3,5,5,R,7,R,7,Z,0,A,,R,0.0,R,5.0,R,5.0,A,,A,,R,0.0,R,5.0,R,5.0,A,,A,,R,0.0,R,5.0,R,5.0,A,,A,,R,0.0,A,,A,,A,,A,,A,,A,,A,,A,,A,,A,,A,,A,,A,,A,,A,,A,,A,,A,,A,,A,,A,,A,,A,,A,
462354,1,3,1,3,3,3,5,5,3,3,1,3,R,280,R,114,R,166,A,,R,0.0,R,222.0,R,85.0,R,137.0,A,,R,0.0,R,75.0,R,37.0,R,38.0,A,,R,0.0,R,68.0,R,34.0,R,34.0,A,,R,0.0,R,7.0,R,3.0,R,4.0,A,,R,0.0,R,18.0,R,24.0,R,7.0,R,9.0,R,560.0,R,606.0,R,690.0,R,530.0,R,560.0,R,570.0,R,21.0,R,25.0,R,27.0,R,22.0,R,24.0,R,27.0,R,18.0,R,18.0,R,24.0
463056,1,5,1,1,5,3,1,1,3,5,1,3,R,2804,R,1325,R,1479,S,,S,,R,2424.0,R,1172.0,R,1252.0,S,,S,,R,545.0,R,312.0,R,233.0,S,,S,,R,541.0,R,308.0,R,233.0,S,,S,,R,4.0,R,4.0,R,0.0,S,,S,,R,197.0,R,36.0,R,7.0,R,1.0,R,480.0,R,540.0,R,610.0,R,480.0,R,540.0,R,600.0,R,20.0,R,22.0,R,28.0,R,19.0,R,22.0,R,30.0,R,16.0,R,22.0,R,24.0
464226,1,3,1,3,5,3,5,1,3,3,5,3,R,1359,R,851,R,507,A,,R,1.0,R,542.0,R,340.0,R,201.0,A,,R,1.0,R,211.0,R,124.0,R,87.0,A,,R,0.0,R,200.0,R,118.0,R,82.0,A,,R,0.0,R,11.0,R,6.0,R,5.0,A,,R,0.0,R,7.0,R,3.0,R,36.0,R,17.0,R,480.0,R,500.0,R,530.0,R,430.0,R,470.0,R,520.0,R,15.0,R,18.0,R,21.0,R,13.0,R,16.0,R,22.0,R,16.0,R,17.0,R,20.0
466921,1,3,1,3,3,3,5,5,1,3,3,3,R,6,R,1,R,5,R,0.0,R,0.0,R,5.0,R,1.0,R,4.0,A,,R,0.0,R,5.0,R,1.0,R,4.0,A,,R,0.0,R,4.0,R,1.0,R,3.0,A,,R,0.0,R,1.0,R,0.0,R,1.0,A,,R,0.0,R,0.0,R,0.0,R,1.0,R,20.0,A,,A,,A,,A,,A,,A,,S,,S,,S,,S,,S,,S,,S,,S,,S,
466930,1,3,1,3,3,3,5,5,1,3,3,3,R,46,R,5,R,41,R,0.0,R,0.0,R,44.0,R,5.0,R,39.0,A,,R,0.0,R,33.0,R,3.0,R,30.0,A,,R,0.0,R,23.0,R,2.0,R,21.0,A,,R,0.0,R,10.0,R,1.0,R,9.0,A,,R,0.0,R,4.0,R,12.0,R,0.0,R,0.0,S,,S,,S,,S,,S,,S,,A,,A,,A,,A,,A,,A,,A,,A,,A,
475422,5,3,1,3,3,3,5,3,3,5,3,3,R,0,R,0,R,0,A,,R,0.0,A,,A,,A,,A,,R,0.0,A,,A,,A,,A,,R,0.0,A,,A,,A,,A,,R,0.0,A,,A,,A,,A,,R,0.0,A,,A,,A,,A,,A,,A,,A,,A,,A,,A,,A,,A,,A,,A,,A,,A,,A,,A,,A,
475608,1,3,1,3,1,3,3,1,3,3,1,3,R,24,R,11,R,13,A,,R,0.0,R,22.0,R,10.0,R,12.0,A,,R,0.0,R,18.0,R,8.0,R,10.0,A,,R,0.0,R,17.0,R,7.0,R,10.0,A,,R,0.0,R,1.0,R,1.0,R,0.0,A,,R,0.0,A,,A,,A,,A,,A,,A,,A,,A,,A,,A,,A,,A,,A,,A,,A,,A,,A,,A,,A,
475705,3,3,1,3,1,3,3,3,1,3,1,3,R,30,R,8,R,22,A,,R,0.0,R,24.0,R,6.0,R,18.0,A,,R,0.0,R,9.0,R,3.0,R,6.0,A,,R,0.0,R,9.0,R,3.0,R,6.0,A,,R,0.0,A,,A,,A,,A,,A,,A,,A,,A,,A,,A,,A,,A,,A,,A,,A,,A,,A,,A,,A,,A,,A,,A,,A,,A,
475732,1,3,1,3,3,3,5,5,1,3,3,3,R,26,R,3,R,23,R,0.0,R,0.0,R,25.0,R,3.0,R,22.0,A,,R,0.0,R,17.0,R,2.0,R,15.0,A,,R,0.0,R,10.0,R,1.0,R,9.0,A,,R,0.0,R,7.0,R,1.0,R,6.0,A,,R,0.0,R,0.0,Z,0.0,R,0.0,Z,0.0,A,,A,,A,,A,,A,,A,,A,,A,,A,,A,,A,,A,,A,,A,,A,
475741,1,3,1,3,3,3,5,5,1,3,3,3,R,3,R,1,R,2,R,0.0,R,0.0,R,3.0,R,1.0,R,2.0,A,,R,0.0,R,3.0,R,1.0,R,2.0,A,,R,0.0,R,1.0,R,0.0,R,1.0,A,,R,0.0,R,2.0,R,1.0,R,1.0,A,,R,0.0,R,0.0,Z,0.0,R,0.0,Z,0.0,A,,A,,A,,A,,A,,A,,A,,A,,A,,A,,A,,A,,A,,A,,A,
476601,3,3,1,1,5,1,3,3,3,3,3,3,R,27,R,27,Z,0,A,,R,0.0,R,27.0,R,27.0,A,,A,,R,0.0,R,27.0,R,27.0,A,,A,,R,0.0,R,27.0,R,27.0,A,,A,,R,0.0,A,,A,,A,,A,,A,,A,,A,,A,,A,,A,,A,,A,,A,,A,,A,,A,,A,,A,,A,,A,,A,,A,,A,,A,
476683,3,3,1,3,3,3,3,3,3,3,3,3,R,150,R,5,R,145,A,,R,0.0,R,90.0,R,3.0,R,87.0,A,,R,0.0,R,30.0,R,1.0,R,29.0,A,,R,0.0,R,30.0,R,1.0,R,29.0,A,,R,0.0,R,0.0,R,0.0,R,0.0,A,,R,0.0,A,,A,,A,,A,,A,,A,,A,,A,,A,,A,,A,,A,,A,,A,,A,,A,,A,,A,,A,
476692,5,3,5,1,1,5,3,3,3,3,5,5,R,34,R,34,Z,0,A,,R,0.0,R,24.0,R,24.0,A,,A,,R,0.0,R,16.0,R,16.0,A,,A,,R,0.0,R,16.0,R,16.0,A,,A,,R,0.0,A,,A,,A,,A,,A,,A,,A,,A,,A,,A,,A,,A,,A,,A,,A,,A,,A,,A,,A,,A,,A,,A,,A,,A,
476939,3,3,1,3,3,3,3,1,1,3,3,3,R,532,R,73,R,459,A,,R,0.0,R,326.0,R,32.0,R,294.0,A,,R,0.0,R,326.0,R,32.0,R,294.0,A,,R,0.0,R,326.0,R,32.0,R,294.0,A,,R,0.0,A,,A,,A,,A,,A,,A,,A,,A,,A,,A,,A,,A,,A,,A,,A,,A,,A,,A,,A,,A,,A,,A,,A,,A,
476975,1,5,1,3,3,3,5,1,3,1,5,5,R,392,R,193,R,199,R,0.0,R,0.0,R,364.0,R,176.0,R,188.0,A,,R,0.0,R,299.0,R,142.0,R,157.0,A,,R,0.0,R,50.0,R,21.0,R,29.0,A,,R,0.0,R,249.0,R,121.0,R,128.0,A,,R,0.0,R,0.0,R,0.0,R,0.0,R,0.0,A,,A,,A,,A,,A,,A,,A,,A,,A,,A,,A,,A,,A,,A,,A,
477233,1,5,1,3,3,3,3,1,3,3,3,3,R,132,R,47,R,85,A,,R,0.0,R,94.0,R,32.0,R,62.0,A,,R,0.0,R,44.0,R,21.0,R,23.0,A,,R,0.0,R,44.0,R,21.0,R,23.0,A,,R,0.0,A,,A,,A,,A,,A,,A,,A,,A,,A,,A,,A,,A,,A,,A,,A,,A,,A,,A,,A,,A,,A,,A,,A,,A,
479956,1,3,1,5,3,3,5,1,3,3,5,3,R,882,R,378,R,481,S,,S,,R,708.0,R,315.0,R,378.0,S,,S,,R,335.0,R,155.0,R,174.0,S,,S,,R,200.0,R,89.0,R,106.0,S,,S,,R,135.0,R,66.0,R,68.0,S,,S,,R,39.0,R,12.0,R,11.0,R,3.0,R,550.0,R,630.0,R,690.0,R,550.0,R,590.0,R,650.0,R,18.0,R,22.0,R,30.0,R,19.0,R,21.0,R,32.0,R,17.0,R,22.0,R,27.0
479992,5,5,5,5,5,5,3,5,1,5,5,5,R,2,R,1,R,1,R,0.0,R,0.0,R,2.0,R,1.0,R,1.0,A,,R,0.0,R,1.0,R,1.0,R,0.0,A,,R,0.0,R,0.0,R,0.0,A,,A,,R,0.0,R,1.0,R,1.0,A,,A,,R,0.0,A,,A,,A,,A,,A,,A,,A,,A,,A,,A,,A,,A,,A,,A,,A,,A,,A,,A,,A,
480198,1,5,5,5,1,5,3,5,3,5,5,5,R,255,R,92,R,163,A,,R,0.0,R,171.0,R,57.0,R,114.0,A,,R,0.0,R,6.0,R,3.0,R,3.0,A,,R,0.0,R,1.0,R,1.0,R,0.0,A,,R,0.0,R,5.0,R,2.0,R,3.0,A,,R,0.0,A,,A,,A,,A,,A,,A,,A,,A,,A,,A,,A,,A,,A,,A,,A,,A,,A,,A,,A,
480569,5,5,1,5,5,5,5,1,3,5,5,3,R,189,R,72,R,115,S,,S,,R,84.0,R,30.0,R,53.0,S,,S,,R,32.0,R,9.0,R,23.0,S,,S,,R,17.0,R,4.0,R,13.0,S,,S,,R,15.0,R,5.0,R,10.0,S,,S,,R,3.0,R,9.0,R,1.0,R,3.0,S,,S,,S,,S,,S,,S,,S,,S,,S,,S,,S,,S,,S,,S,,S,
480781,1,3,1,3,3,3,3,1,3,3,3,3,R,58,R,45,R,13,R,0.0,R,0.0,R,38.0,R,31.0,R,7.0,A,,R,0.0,R,22.0,R,19.0,R,3.0,A,,R,0.0,R,21.0,R,18.0,R,3.0,A,,R,0.0,R,1.0,R,1.0,R,0.0,A,,R,0.0,A,,A,,A,,A,,A,,A,,A,,A,,A,,A,,A,,A,,A,,A,,A,,A,,A,,A,,A,
480985,1,3,1,3,1,5,3,1,3,5,1,3,R,10,R,0,R,10,R,0.0,R,0.0,R,6.0,A,,R,6.0,A,,R,0.0,C,4.0,A,,C,4.0,A,,R,0.0,C,4.0,A,,C,4.0,A,,R,0.0,A,,A,,A,,A,,A,,A,,A,,A,,A,,A,,A,,A,,A,,A,,A,,A,,A,,A,,A,,A,,A,,A,,A,,A,
481137,3,3,1,3,1,1,3,3,1,5,1,3,R,60,R,38,R,22,R,0.0,R,0.0,R,35.0,R,24.0,R,11.0,A,,R,0.0,R,35.0,R,24.0,R,11.0,A,,R,0.0,R,35.0,R,24.0,R,11.0,A,,R,0.0,A,,A,,A,,A,,A,,A,,A,,A,,A,,A,,A,,A,,A,,A,,A,,A,,A,,A,,A,,A,,A,,A,,A,,A,
481182,5,3,1,3,1,1,3,3,3,5,5,3,R,0,R,0,R,0,R,0.0,R,0.0,A,,A,,A,,A,,R,0.0,A,,A,,A,,A,,R,0.0,A,,A,,A,,A,,R,0.0,A,,A,,A,,A,,A,,A,,A,,A,,A,,A,,A,,A,,A,,A,,A,,A,,A,,A,,A,,A,,A,,A,,A,,A,
481225,1,3,5,3,1,3,1,3,3,3,1,3,R,8,R,4,R,4,A,,R,0.0,R,8.0,R,4.0,R,4.0,A,,R,0.0,R,6.0,R,3.0,R,3.0,A,,R,0.0,R,5.0,R,2.0,R,3.0,A,,R,0.0,R,1.0,R,1.0,R,0.0,A,,R,0.0,R,0.0,Z,0.0,R,3.0,R,50.0,A,,A,,A,,A,,A,,A,,S,,S,,S,,S,,S,,S,,S,,S,,S,
481410,5,3,5,1,1,5,3,3,3,3,5,5,R,70,R,70,Z,0,A,,R,0.0,R,25.0,R,25.0,A,,A,,R,0.0,R,20.0,R,20.0,A,,A,,R,0.0,R,20.0,R,20.0,A,,A,,R,0.0,A,,A,,A,,A,,A,,A,,A,,A,,A,,A,,A,,A,,A,,A,,A,,A,,A,,A,,A,,A,,A,,A,,A,,A,
481438,3,3,5,1,1,5,3,3,3,3,5,5,R,23,R,23,Z,0,A,,R,0.0,R,23.0,R,23.0,A,,A,,R,0.0,R,20.0,R,20.0,A,,A,,R,0.0,R,20.0,R,20.0,A,,A,,R,0.0,A,,A,,A,,A,,A,,A,,A,,A,,A,,A,,A,,A,,A,,A,,A,,A,,A,,A,,A,,A,,A,,A,,A,,A,
481456,1,3,1,3,3,5,3,3,3,5,5,5,R,21,R,3,R,18,R,0.0,R,0.0,R,18.0,R,3.0,R,15.0,A,,R,0.0,R,17.0,R,3.0,R,14.0,A,,R,0.0,R,6.0,R,0.0,R,6.0,A,,R,0.0,R,11.0,R,3.0,R,8.0,A,,R,0.0,A,,A,,A,,A,,A,,A,,A,,A,,A,,A,,A,,A,,A,,A,,A,,A,,A,,A,,A,
482149,1,3,1,1,3,3,1,1,3,3,3,3,R,5892,R,1844,R,4048,A,,R,0.0,R,5262.0,R,1672.0,R,3590.0,A,,R,0.0,R,1224.0,R,453.0,R,771.0,A,,R,0.0,R,1210.0,R,449.0,R,761.0,A,,R,0.0,R,14.0,R,4.0,R,10.0,A,,R,0.0,R,687.0,R,56.0,R,248.0,R,20.0,R,520.0,R,570.0,R,630.0,R,500.0,R,540.0,R,600.0,R,19.0,R,22.0,R,26.0,R,18.0,R,21.0,R,25.0,R,17.0,R,20.0,R,25.0
482158,1,3,1,1,3,3,5,1,3,3,3,3,R,3876,R,1726,R,2115,A,,R,35.0,R,3867.0,R,1721.0,R,2112.0,A,,R,34.0,R,1313.0,R,662.0,R,651.0,A,,R,0.0,R,1133.0,R,578.0,R,555.0,A,,R,0.0,R,180.0,R,84.0,R,96.0,A,,R,0.0,R,265.0,R,20.0,R,113.0,R,9.0,R,480.0,R,550.0,R,610.0,R,460.0,R,520.0,R,570.0,R,16.0,R,19.0,R,22.0,R,15.0,R,17.0,R,21.0,R,16.0,R,18.0,R,22.0
482185,3,3,1,3,3,1,3,1,3,3,5,3,R,180,R,119,R,61,S,,S,,R,117.0,R,77.0,R,40.0,S,,S,,R,61.0,R,40.0,R,21.0,S,,S,,R,61.0,R,40.0,R,21.0,S,,S,,A,,A,,A,,S,,S,,A,,A,,A,,A,,A,,A,,A,,A,,A,,A,,A,,A,,A,,A,,A,,A,,A,,A,,A,
482228,1,3,1,3,1,3,3,1,3,3,1,3,R,11,R,5,R,6,A,,R,0.0,R,11.0,R,5.0,R,6.0,A,,R,0.0,R,11.0,R,5.0,R,6.0,A,,R,0.0,R,6.0,R,2.0,R,4.0,A,,R,0.0,R,5.0,R,3.0,R,2.0,A,,R,0.0,A,,A,,A,,A,,A,,A,,A,,A,,A,,A,,A,,A,,A,,A,,A,,A,,A,,A,,A,
482413,1,3,1,3,3,3,5,5,5,3,3,3,R,5,R,1,R,4,A,,R,0.0,R,5.0,R,1.0,R,4.0,A,,R,0.0,R,4.0,R,1.0,R,3.0,A,,R,0.0,R,2.0,R,0.0,R,2.0,A,,R,0.0,R,2.0,R,1.0,R,1.0,A,,R,0.0,R,0.0,R,0.0,R,0.0,R,0.0,A,,A,,A,,A,,A,,A,,A,,A,,A,,A,,A,,A,,A,,A,,A,
482422,1,3,1,3,3,3,5,5,5,3,3,3,R,0,R,0,R,0,A,,R,0.0,A,,A,,A,,A,,R,0.0,A,,A,,A,,A,,R,0.0,A,,A,,A,,A,,R,0.0,A,,A,,A,,A,,R,0.0,A,,A,,A,,A,,A,,A,,A,,A,,A,,A,,A,,A,,A,,A,,A,,A,,A,,A,,A,
482431,1,3,1,3,3,3,5,5,5,3,3,3,R,400,R,181,R,219,A,,R,0.0,R,173.0,R,81.0,R,92.0,A,,R,0.0,R,143.0,R,65.0,R,78.0,A,,R,0.0,R,84.0,R,39.0,R,45.0,A,,R,0.0,R,59.0,R,26.0,R,33.0,A,,R,0.0,R,0.0,R,0.0,R,1.0,R,1.0,A,,A,,A,,A,,A,,A,,S,,S,,S,,S,,S,,S,,S,,S,,S,
482459,1,3,1,3,3,3,5,5,5,3,3,3,R,1,R,1,R,0,A,,R,0.0,R,1.0,R,1.0,A,,A,,R,0.0,R,1.0,R,1.0,A,,A,,R,0.0,R,1.0,R,1.0,A,,A,,R,0.0,R,0.0,R,0.0,A,,A,,R,0.0,R,0.0,R,0.0,R,0.0,R,0.0,A,,A,,A,,A,,A,,A,,A,,A,,A,,A,,A,,A,,A,,A,,A,
482468,1,3,1,3,3,3,5,5,5,3,3,3,R,16,R,9,R,7,A,,R,0.0,R,13.0,R,9.0,R,4.0,A,,R,0.0,R,12.0,R,8.0,R,4.0,A,,R,0.0,R,10.0,R,6.0,R,4.0,A,,R,0.0,R,2.0,R,2.0,R,0.0,A,,R,0.0,R,0.0,R,0.0,R,0.0,R,0.0,A,,A,,A,,A,,A,,A,,A,,A,,A,,A,,A,,A,,A,,A,,A,
482477,1,3,1,3,3,3,5,5,5,3,3,3,R,6314,R,2397,R,3917,A,,R,0.0,R,2731.0,R,1007.0,R,1724.0,A,,R,0.0,R,2259.0,R,814.0,R,1445.0,A,,R,0.0,R,1096.0,R,395.0,R,701.0,A,,R,0.0,R,1163.0,R,419.0,R,744.0,A,,R,0.0,R,10.0,R,1.0,R,58.0,R,3.0,R,485.0,R,520.0,R,580.0,R,505.0,R,530.0,R,550.0,R,19.0,R,20.0,R,23.0,R,19.0,R,20.0,R,23.0,R,17.0,R,19.0,R,23.0
482547,1,3,1,3,3,3,5,5,5,3,3,3,R,0,R,0,R,0,A,,R,0.0,A,,A,,A,,A,,R,0.0,A,,A,,A,,A,,R,0.0,A,,A,,A,,A,,R,0.0,A,,A,,A,,A,,R,0.0,A,,A,,A,,A,,A,,A,,A,,A,,A,,A,,A,,A,,A,,A,,A,,A,,A,,A,,A,
482556,1,3,1,3,3,3,5,5,5,3,3,3,R,2,R,1,R,1,A,,R,0.0,R,2.0,R,1.0,R,1.0,A,,R,0.0,R,2.0,R,1.0,R,1.0,A,,R,0.0,R,2.0,R,1.0,R,1.0,A,,R,0.0,R,0.0,R,0.0,R,0.0,A,,R,0.0,R,0.0,R,0.0,R,0.0,R,0.0,A,,A,,A,,A,,A,,A,,A,,A,,A,,A,,A,,A,,A,,A,,A,
482565,1,3,1,3,3,3,5,5,5,3,3,3,R,0,R,0,R,0,A,,R,0.0,A,,A,,A,,A,,R,0.0,A,,A,,A,,A,,R,0.0,A,,A,,A,,A,,R,0.0,A,,A,,A,,A,,R,0.0,A,,A,,A,,A,,A,,A,,A,,A,,A,,A,,A,,A,,A,,A,,A,,A,,A,,A,,A,
482574,1,3,1,3,3,3,5,5,5,3,3,3,R,9,R,4,R,5,A,,R,0.0,R,8.0,R,3.0,R,5.0,A,,R,0.0,R,8.0,R,3.0,R,5.0,A,,R,0.0,R,5.0,R,2.0,R,3.0,A,,R,0.0,R,3.0,R,1.0,R,2.0,A,,R,0.0,R,0.0,R,0.0,R,0.0,R,0.0,A,,A,,A,,A,,A,,A,,A,,A,,A,,A,,A,,A,,A,,A,,A,
482635,1,3,1,3,3,3,5,5,5,3,3,3,R,1,R,0,R,1,A,,R,0.0,R,0.0,A,,R,0.0,A,,R,0.0,A,,A,,A,,A,,R,0.0,A,,A,,A,,A,,R,0.0,A,,A,,A,,A,,R,0.0,A,,A,,A,,A,,A,,A,,A,,A,,A,,A,,A,,A,,A,,A,,A,,A,,A,,A,,A,
482653,1,3,1,3,3,3,5,5,5,3,3,3,R,1,R,1,R,0,A,,R,0.0,R,1.0,R,1.0,A,,A,,R,0.0,R,1.0,R,1.0,A,,A,,R,0.0,R,1.0,R,1.0,A,,A,,R,0.0,R,0.0,R,0.0,A,,A,,R,0.0,R,0.0,R,0.0,R,0.0,R,0.0,A,,A,,A,,A,,A,,A,,A,,A,,A,,A,,A,,A,,A,,A,,A,
482680,1,3,1,5,3,3,5,5,3,3,3,3,R,11633,R,5142,R,6491,A,,R,0.0,R,8394.0,R,3743.0,R,4651.0,A,,R,0.0,R,3914.0,R,1807.0,R,2107.0,A,,R,0.0,R,3648.0,R,1698.0,R,1950.0,A,,R,0.0,R,266.0,R,109.0,R,157.0,A,,R,0.0,R,1579.0,R,40.0,R,720.0,R,18.0,R,520.0,R,580.0,R,620.0,R,500.0,R,550.0,R,595.0,R,19.0,R,23.0,R,25.0,R,17.0,R,22.0,R,25.0,R,18.0,R,22.0,R,25.0
482936,1,5,1,1,5,5,1,5,3,5,5,3,R,2600,R,1898,R,628,S,,S,,R,1449.0,R,1096.0,R,341.0,S,,S,,R,403.0,R,338.0,R,65.0,S,,S,,R,391.0,R,329.0,R,62.0,S,,S,,R,12.0,R,9.0,R,3.0,S,,S,,R,354.0,R,88.0,R,182.0,R,45.0,R,590.0,R,640.0,R,680.0,R,590.0,R,640.0,R,690.0,R,24.0,R,28.0,R,30.0,R,22.0,R,26.0,R,31.0,R,24.0,R,27.0,R,30.0
483018,5,5,1,5,1,5,5,1,3,5,1,5,R,251,R,121,R,130,R,0.0,R,0.0,R,205.0,R,82.0,R,123.0,A,,R,0.0,R,35.0,R,13.0,R,22.0,A,,R,0.0,R,35.0,R,13.0,R,22.0,A,,R,0.0,A,,A,,A,,A,,A,,R,0.0,R,0.0,R,0.0,R,0.0,A,,A,,A,,A,,A,,A,,A,,A,,A,,A,,A,,A,,A,,A,,A,
483036,3,3,3,3,3,3,3,1,3,3,3,3,R,33,R,15,R,18,A,,R,0.0,R,33.0,R,15.0,R,18.0,A,,R,0.0,R,26.0,R,12.0,R,14.0,A,,R,0.0,R,5.0,R,3.0,R,2.0,A,,R,0.0,R,21.0,R,9.0,R,12.0,A,,R,0.0,A,,A,,A,,A,,A,,A,,A,,A,,A,,A,,A,,A,,A,,A,,A,,A,,A,,A,,A,
483124,5,5,1,5,3,3,3,1,3,3,3,3,R,8263,R,2995,R,5267,R,0.0,R,1.0,R,5297.0,R,1801.0,R,3495.0,A,,R,1.0,R,3039.0,R,972.0,R,2067.0,A,,R,0.0,R,5.0,R,3.0,R,2.0,A,,R,0.0,R,3034.0,R,969.0,R,2065.0,A,,R,0.0,A,,A,,A,,A,,A,,A,,A,,A,,A,,A,,A,,A,,A,,A,,A,,A,,A,,A,,A,
483780,1,1,1,5,5,5,3,1,3,5,5,3,R,174,R,98,R,76,A,,R,0.0,R,20.0,R,15.0,R,5.0,A,,R,0.0,R,20.0,R,15.0,R,5.0,A,,R,0.0,R,20.0,R,15.0,R,5.0,A,,R,0.0,R,0.0,R,0.0,R,0.0,A,,R,0.0,A,,A,,A,,A,,A,,A,,A,,A,,A,,A,,A,,A,,A,,A,,A,,A,,A,,A,,A,
483814,5,3,1,3,1,3,3,3,1,3,5,3,R,215,R,26,R,189,A,,R,0.0,R,47.0,R,4.0,R,43.0,A,,R,0.0,R,47.0,R,4.0,R,43.0,A,,R,0.0,R,47.0,R,4.0,R,43.0,A,,R,0.0,R,0.0,R,0.0,R,0.0,A,,R,0.0,A,,A,,A,,A,,A,,A,,A,,A,,A,,A,,A,,A,,A,,A,,A,,A,,A,,A,,A,
483948,3,3,1,3,3,3,3,3,3,3,3,3,R,3,R,3,R,0,A,,R,0.0,R,3.0,R,3.0,A,,A,,R,0.0,R,3.0,R,3.0,A,,A,,R,0.0,R,3.0,R,3.0,A,,A,,R,0.0,A,,A,,A,,A,,A,,A,,A,,A,,A,,A,,A,,A,,A,,A,,A,,A,,A,,A,,A,,A,,A,,A,,A,,A,
484473,1,3,1,5,3,3,1,3,1,3,1,3,R,1440,R,687,R,753,A,,R,0.0,R,927.0,R,457.0,R,470.0,A,,R,0.0,R,826.0,R,407.0,R,419.0,A,,R,0.0,R,733.0,R,369.0,R,364.0,A,,R,0.0,R,93.0,R,38.0,R,55.0,A,,R,0.0,R,612.0,R,74.0,R,341.0,R,41.0,R,640.0,R,670.0,R,700.0,R,615.0,R,650.0,R,690.0,R,27.0,R,29.0,R,31.0,R,26.0,R,30.0,R,33.0,R,24.0,R,26.0,R,28.0
484844,1,5,1,5,3,5,3,3,3,5,5,3,R,9856,R,4613,R,5144,S,,S,,R,350.0,R,151.0,R,196.0,S,,S,,R,197.0,R,86.0,R,111.0,S,,S,,R,197.0,R,86.0,R,111.0,S,,S,,A,,A,,A,,S,,S,,A,,A,,A,,A,,A,,A,,A,,A,,A,,A,,A,,A,,A,,A,,A,,A,,A,,A,,A,
484905,1,5,1,5,5,3,5,3,3,5,5,3,R,3939,R,1551,R,2388,A,,R,0.0,R,3697.0,R,1447.0,R,2250.0,A,,R,0.0,R,469.0,R,186.0,R,283.0,A,,R,0.0,R,416.0,R,168.0,R,248.0,A,,R,0.0,R,53.0,R,18.0,R,35.0,A,,R,0.0,R,31.0,R,7.0,R,6.0,R,1.0,R,415.0,R,470.0,R,510.0,R,405.0,R,440.0,R,480.0,R,14.0,R,17.0,R,21.0,R,11.0,R,16.0,R,18.0,R,13.0,R,16.0,R,20.0
485360,3,3,1,3,5,3,3,3,1,5,1,3,R,3,R,0,R,3,A,,R,0.0,R,3.0,A,,R,3.0,A,,R,0.0,R,3.0,A,,R,3.0,A,,R,0.0,R,3.0,A,,R,3.0,A,,R,0.0,A,,A,,A,,A,,A,,A,,A,,A,,A,,A,,A,,A,,A,,A,,A,,A,,A,,A,,A,,A,,A,,A,,A,,A,
485698,5,5,1,3,1,5,5,3,3,5,1,3,R,58,R,45,R,13,A,,R,0.0,R,36.0,R,28.0,R,8.0,A,,R,0.0,R,36.0,R,28.0,R,8.0,A,,R,0.0,R,36.0,R,28.0,R,8.0,A,,R,0.0,A,,A,,A,,A,,A,,R,16.0,R,44.0,R,8.0,R,22.0,R,520.0,R,560.0,R,610.0,R,530.0,R,570.0,R,620.0,R,18.0,R,23.0,R,26.0,R,17.0,R,22.0,R,25.0,R,18.0,R,23.0,R,26.0
485856,3,3,1,3,5,1,3,3,3,3,3,3,R,2,R,1,R,1,S,,S,,R,2.0,R,1.0,R,1.0,S,,S,,R,1.0,R,1.0,R,0.0,S,,S,,R,1.0,R,1.0,A,,S,,S,,A,,A,,A,,S,,S,,A,,A,,A,,A,,A,,A,,A,,A,,A,,A,,A,,A,,A,,A,,A,,A,,A,,A,,A,
485999,5,3,5,1,1,5,3,3,3,3,5,5,R,49,R,49,R,0,A,,R,0.0,R,32.0,R,32.0,A,,A,,R,0.0,R,31.0,R,31.0,A,,A,,R,0.0,R,31.0,R,31.0,A,,A,,R,0.0,A,,A,,A,,A,,A,,A,,A,,A,,A,,A,,A,,A,,A,,A,,A,,A,,A,,A,,A,,A,,A,,A,,A,,A,
486017,3,3,5,1,1,3,3,3,3,3,3,3,R,5,R,5,R,0,R,0.0,R,0.0,R,5.0,R,5.0,A,,A,,R,0.0,R,4.0,R,4.0,A,,A,,R,0.0,R,4.0,R,4.0,A,,A,,R,0.0,A,,A,,A,,A,,A,,A,,A,,A,,A,,A,,A,,A,,A,,A,,A,,A,,A,,A,,A,,A,,A,,A,,A,,A,
486026,3,3,5,1,1,5,3,3,3,3,5,5,R,46,R,46,Z,0,A,,R,0.0,R,40.0,R,40.0,A,,A,,R,0.0,R,39.0,R,39.0,A,,A,,R,0.0,R,39.0,R,39.0,A,,A,,R,0.0,A,,A,,A,,A,,A,,A,,A,,A,,A,,A,,A,,A,,A,,A,,A,,A,,A,,A,,A,,A,,A,,A,,A,,A,
486196,5,3,5,1,1,5,3,3,3,3,5,5,R,165,R,165,Z,0,A,,R,0.0,R,86.0,R,86.0,A,,A,,R,0.0,R,84.0,R,84.0,A,,A,,R,0.0,R,84.0,R,84.0,A,,A,,R,0.0,A,,A,,A,,A,,A,,A,,A,,A,,A,,A,,A,,A,,A,,A,,A,,A,,A,,A,,A,,A,,A,,A,,A,,A,
486202,3,3,1,3,1,3,3,3,1,5,3,3,R,3,R,0,R,3,R,0.0,R,0.0,R,3.0,A,,R,3.0,A,,R,0.0,R,3.0,A,,R,3.0,A,,R,0.0,R,3.0,A,,R,3.0,A,,R,0.0,A,,A,,A,,A,,A,,A,,A,,A,,A,,A,,A,,A,,A,,A,,A,,A,,A,,A,,A,,A,,A,,A,,A,,A,
486284,1,3,5,3,3,3,3,1,3,3,1,3,R,147,R,49,R,98,A,,R,0.0,R,138.0,R,44.0,R,94.0,A,,R,0.0,R,28.0,R,6.0,R,22.0,A,,R,0.0,R,28.0,R,6.0,R,22.0,A,,R,0.0,R,0.0,R,0.0,R,0.0,A,,R,0.0,A,,A,,A,,A,,A,,A,,A,,A,,A,,A,,A,,A,,A,,A,,A,,A,,A,,A,,A,
486424,1,3,3,3,3,3,3,3,3,3,3,3,R,95,R,25,R,70,R,0.0,R,0.0,R,61.0,R,15.0,R,46.0,A,,R,0.0,R,34.0,R,6.0,R,28.0,A,,R,0.0,R,30.0,R,6.0,R,24.0,A,,R,0.0,R,4.0,R,0.0,R,4.0,A,,R,0.0,A,,A,,A,,A,,A,,A,,A,,A,,A,,A,,A,,A,,A,,A,,A,,A,,A,,A,,A,
486488,1,3,1,3,1,1,3,1,3,3,1,3,R,2,R,1,R,1,S,,S,,R,2.0,R,1.0,R,1.0,S,,S,,R,2.0,R,1.0,R,1.0,S,,S,,R,1.0,R,1.0,R,0.0,S,,S,,R,1.0,R,0.0,R,1.0,S,,S,,A,,A,,A,,A,,A,,A,,A,,A,,A,,A,,A,,A,,A,,A,,A,,A,,A,,A,,A,
486512,3,3,1,3,3,3,3,3,3,3,3,3,R,267,R,143,R,124,A,,R,0.0,R,227.0,R,127.0,R,100.0,A,,R,0.0,R,187.0,R,114.0,R,73.0,A,,R,0.0,R,187.0,R,114.0,R,73.0,A,,R,0.0,A,,A,,A,,A,,A,,A,,A,,A,,A,,A,,A,,A,,A,,A,,A,,A,,A,,A,,A,,A,,A,,A,,A,,A,
486840,1,3,1,1,3,3,5,1,3,3,3,3,R,23138,R,10821,R,12317,R,0.0,R,0.0,R,16008.0,R,7419.0,R,8589.0,A,,R,0.0,R,8234.0,R,4159.0,R,4075.0,A,,R,0.0,R,7731.0,R,3860.0,R,3871.0,A,,R,0.0,R,503.0,R,299.0,R,204.0,A,,R,0.0,R,3291.0,R,40.0,R,1752.0,R,21.0,R,520.0,R,570.0,R,620.0,R,500.0,R,550.0,R,600.0,R,19.0,R,22.0,R,25.0,R,17.0,R,21.0,R,24.0,R,17.0,R,21.0,R,25.0
486901,1,5,1,5,5,5,5,1,3,5,5,5,R,1164,R,500,R,663,A,,R,1.0,R,818.0,R,347.0,R,471.0,A,,R,0.0,R,238.0,R,114.0,R,124.0,A,,R,0.0,R,238.0,R,114.0,R,124.0,A,,R,0.0,A,,A,,A,,A,,A,,R,43.0,R,18.0,R,133.0,R,56.0,R,580.0,R,600.0,R,640.0,R,540.0,R,610.0,R,650.0,R,21.0,R,24.0,R,27.0,R,21.0,R,23.0,R,28.0,R,20.0,R,23.0,R,26.0
486938,1,3,1,3,3,3,5,5,1,3,3,3,R,8,R,3,R,5,R,0.0,R,0.0,R,6.0,R,3.0,R,3.0,A,,R,0.0,R,4.0,R,1.0,R,3.0,A,,R,0.0,R,4.0,R,1.0,R,3.0,A,,R,0.0,R,0.0,R,0.0,R,0.0,A,,R,0.0,R,0.0,Z,0.0,R,0.0,Z,0.0,A,,A,,A,,A,,A,,A,,A,,A,,A,,A,,A,,A,,A,,A,,A,
486947,1,3,1,3,3,3,5,5,1,3,3,3,R,9,R,3,R,6,R,0.0,R,0.0,R,8.0,R,2.0,R,6.0,A,,R,0.0,R,8.0,R,2.0,R,6.0,A,,R,0.0,R,5.0,R,1.0,R,4.0,A,,R,0.0,R,3.0,R,1.0,R,2.0,A,,R,0.0,R,2.0,R,25.0,R,0.0,R,0.0,S,,S,,S,,S,,S,,S,,A,,A,,A,,A,,A,,A,,A,,A,,A,
486956,1,3,1,3,3,3,5,5,1,3,3,3,R,10,R,1,R,9,R,0.0,R,0.0,R,9.0,R,1.0,R,8.0,A,,R,0.0,R,7.0,R,0.0,R,7.0,A,,R,0.0,R,5.0,A,,R,5.0,A,,R,0.0,R,2.0,A,,R,2.0,A,,R,0.0,R,0.0,Z,0.0,R,0.0,Z,0.0,A,,A,,A,,A,,A,,A,,A,,A,,A,,A,,A,,A,,A,,A,,A,
487092,3,5,1,5,5,5,5,5,3,5,1,5,R,19990,R,7977,R,12013,A,,R,0.0,R,3449.0,R,1583.0,R,1866.0,A,,R,0.0,R,521.0,R,241.0,R,280.0,A,,R,0.0,R,521.0,R,241.0,R,280.0,A,,R,0.0,R,0.0,R,0.0,R,0.0,A,,R,0.0,R,199.0,R,38.0,R,104.0,R,20.0,R,700.0,R,730.0,R,760.0,R,750.0,R,780.0,R,790.0,R,33.0,R,34.0,R,35.0,A,,A,,A,,A,,A,,A,
487375,1,3,1,3,3,3,3,3,1,3,3,3,R,52,R,6,R,46,A,,R,0.0,R,52.0,R,6.0,R,46.0,A,,R,0.0,R,31.0,R,3.0,R,28.0,A,,R,0.0,R,27.0,R,3.0,R,24.0,A,,R,0.0,R,4.0,R,0.0,R,4.0,A,,R,0.0,A,,A,,A,,A,,A,,A,,A,,A,,A,,A,,A,,A,,A,,A,,A,,A,,A,,A,,A,
487524,1,5,1,1,1,3,5,1,3,5,1,3,R,2543,R,1120,R,1422,A,,R,1.0,R,2198.0,R,898.0,R,1299.0,A,,R,1.0,R,586.0,R,223.0,R,363.0,A,,R,0.0,R,503.0,R,210.0,R,293.0,A,,R,0.0,R,83.0,R,13.0,R,70.0,A,,R,0.0,R,73.0,R,14.0,A,,A,,R,510.0,R,570.0,R,620.0,R,490.0,R,540.0,R,600.0,A,,A,,A,,A,,A,,A,,A,,A,,A,
487588,3,3,1,3,3,3,3,3,1,5,3,3,R,164,R,3,R,161,R,0.0,R,0.0,R,164.0,R,3.0,R,161.0,A,,R,0.0,R,103.0,R,2.0,R,101.0,A,,R,0.0,R,103.0,R,2.0,R,101.0,A,,R,0.0,A,,A,,A,,A,,A,,A,,A,,A,,A,,A,,A,,A,,A,,A,,A,,A,,A,,A,,A,,A,,A,,A,,A,,A,
487658,3,3,1,3,3,1,3,3,3,3,3,3,R,60,R,35,R,25,A,,R,0.0,R,48.0,R,28.0,R,20.0,A,,R,0.0,R,48.0,R,28.0,R,20.0,A,,R,0.0,R,48.0,R,28.0,R,20.0,A,,R,0.0,A,,A,,A,,A,,A,,A,,A,,A,,A,,A,,A,,A,,A,,A,,A,,A,,A,,A,,A,,A,,A,,A,,A,,A,
487746,5,3,5,1,1,5,3,3,3,3,5,5,R,5,R,5,Z,0,A,,R,0.0,R,3.0,R,3.0,A,,A,,R,0.0,R,3.0,R,3.0,A,,A,,R,0.0,R,3.0,R,3.0,A,,A,,R,0.0,A,,A,,A,,A,,A,,A,,A,,A,,A,,A,,A,,A,,A,,A,,A,,A,,A,,A,,A,,A,,A,,A,,A,,A,
487861,3,3,3,3,3,3,3,1,1,3,1,3,R,232,R,61,R,171,A,,R,0.0,R,150.0,R,20.0,R,130.0,A,,R,0.0,R,59.0,R,3.0,R,56.0,A,,R,0.0,R,59.0,R,3.0,R,56.0,A,,R,0.0,R,0.0,R,0.0,R,0.0,A,,R,0.0,A,,A,,A,,A,,A,,A,,A,,A,,A,,A,,A,,A,,A,,A,,A,,A,,A,,A,,A,
487977,3,3,1,3,3,3,3,3,3,3,3,3,R,870,R,23,R,847,A,,R,0.0,R,870.0,R,23.0,R,847.0,A,,R,0.0,R,301.0,R,8.0,R,293.0,A,,R,0.0,R,299.0,R,7.0,R,292.0,A,,R,0.0,R,2.0,R,1.0,R,1.0,A,,R,0.0,A,,A,,A,,A,,A,,A,,A,,A,,A,,A,,A,,A,,A,,A,,A,,A,,A,,A,,A,
488305,1,3,1,3,5,5,3,1,3,3,3,3,R,29,R,8,R,15,A,,R,6.0,R,29.0,R,8.0,R,15.0,A,,R,6.0,R,15.0,R,5.0,R,10.0,A,,R,0.0,R,14.0,R,5.0,R,9.0,A,,R,0.0,R,1.0,R,0.0,R,1.0,A,,R,0.0,A,,A,,A,,A,,A,,A,,A,,A,,A,,A,,A,,A,,A,,A,,A,,A,,A,,A,,A,
488314,5,3,5,1,1,5,3,3,3,3,5,5,R,52,R,52,Z,0,A,,R,0.0,R,22.0,R,22.0,A,,A,,R,0.0,R,18.0,R,18.0,A,,A,,R,0.0,R,18.0,R,18.0,A,,A,,R,0.0,A,,A,,A,,A,,A,,A,,A,,A,,A,,A,,A,,A,,A,,A,,A,,A,,A,,A,,A,,A,,A,,A,,A,,A,
488350,5,3,5,1,1,5,3,3,3,3,5,5,R,100,R,100,Z,0,A,,R,0.0,R,53.0,R,53.0,A,,A,,R,0.0,R,44.0,R,44.0,A,,A,,R,0.0,R,44.0,R,44.0,A,,A,,R,0.0,A,,A,,A,,A,,A,,A,,A,,A,,A,,A,,A,,A,,A,,A,,A,,A,,A,,A,,A,,A,,A,,A,,A,,A,
488420,1,3,1,3,3,1,3,3,1,5,3,3,R,68,R,6,R,62,A,,R,0.0,R,41.0,R,4.0,R,37.0,A,,R,0.0,R,14.0,R,1.0,R,13.0,A,,R,0.0,A,,A,,A,,A,,A,,R,14.0,R,1.0,R,13.0,A,,R,0.0,A,,A,,A,,A,,A,,A,,A,,A,,A,,A,,A,,A,,A,,A,,A,,A,,A,,A,,A,
488563,3,3,3,3,3,1,3,1,3,3,1,3,R,19,R,11,R,8,Z,0.0,R,0.0,R,9.0,R,5.0,R,4.0,A,,R,0.0,R,3.0,R,1.0,R,2.0,A,,R,0.0,R,1.0,R,1.0,R,0.0,A,,R,0.0,R,2.0,R,0.0,R,2.0,A,,R,0.0,A,,A,,A,,A,,A,,A,,A,,A,,A,,A,,A,,A,,A,,A,,A,,A,,A,,A,,A,
488590,1,3,1,3,1,5,3,1,3,1,1,3,R,11,R,2,R,9,A,,R,0.0,R,11.0,R,2.0,R,9.0,A,,R,0.0,R,10.0,R,2.0,R,8.0,A,,R,0.0,R,10.0,R,2.0,R,8.0,A,,R,0.0,A,,A,,A,,A,,A,,A,,A,,A,,A,,A,,A,,A,,A,,A,,A,,A,,A,,A,,A,,A,,A,,A,,A,,A,
488776,1,3,1,3,1,3,3,1,1,3,1,5,R,20,R,6,R,14,A,,R,0.0,R,20.0,R,6.0,R,14.0,A,,R,0.0,R,20.0,R,6.0,R,14.0,A,,R,0.0,R,15.0,R,5.0,R,10.0,A,,R,0.0,R,5.0,R,1.0,R,4.0,A,,R,0.0,A,,A,,A,,A,,A,,A,,A,,A,,A,,A,,A,,A,,A,,A,,A,,A,,A,,A,,A,
488785,1,3,1,5,5,5,3,1,3,5,5,3,R,160,R,80,R,80,A,,R,0.0,R,74.0,R,33.0,R,41.0,A,,R,0.0,R,41.0,R,17.0,R,24.0,A,,R,0.0,R,41.0,R,17.0,R,24.0,A,,R,0.0,R,0.0,R,0.0,R,0.0,A,,R,0.0,A,,A,,A,,A,,A,,A,,A,,A,,A,,A,,A,,A,,A,,A,,A,,A,,A,,A,,A,
489344,1,3,1,3,3,3,5,5,1,3,3,3,R,3,R,0,R,3,R,0.0,R,0.0,R,2.0,A,,R,2.0,A,,R,0.0,R,2.0,A,,R,2.0,A,,R,0.0,R,2.0,A,,R,2.0,A,,R,0.0,R,0.0,A,,R,0.0,A,,R,0.0,R,0.0,Z,0.0,R,0.0,Z,0.0,A,,A,,A,,A,,A,,A,,A,,A,,A,,A,,A,,A,,A,,A,,A,
489353,1,3,1,3,3,3,5,5,1,3,3,3,R,5,R,1,R,4,R,0.0,R,0.0,R,3.0,R,1.0,R,2.0,A,,R,0.0,R,2.0,R,1.0,R,1.0,A,,R,0.0,R,2.0,R,1.0,R,1.0,A,,R,0.0,R,0.0,R,0.0,R,0.0,A,,R,0.0,R,0.0,Z,0.0,R,0.0,Z,0.0,A,,A,,A,,A,,A,,A,,A,,A,,A,,A,,A,,A,,A,,A,,A,
489937,1,3,1,5,3,3,3,1,3,5,5,5,R,547,R,322,R,225,R,0.0,R,0.0,R,186.0,R,113.0,R,73.0,A,,R,0.0,R,119.0,R,83.0,R,36.0,A,,R,0.0,R,110.0,R,75.0,R,35.0,A,,R,0.0,R,9.0,R,8.0,R,1.0,A,,R,0.0,A,,A,,A,,A,,A,,A,,A,,A,,A,,A,,A,,A,,A,,A,,A,,A,,A,,A,,A,
490133,1,3,1,3,3,3,3,1,3,3,3,3,R,1458,R,1006,R,451,S,,S,,R,658.0,R,436.0,R,221.0,S,,S,,R,352.0,R,226.0,R,125.0,S,,S,,R,345.0,R,222.0,R,122.0,S,,S,,R,7.0,R,4.0,R,3.0,S,,S,,A,,A,,A,,A,,A,,A,,A,,A,,A,,A,,A,,A,,A,,A,,A,,A,,A,,A,,A,
490160,5,3,3,3,5,3,3,3,1,5,1,3,R,179,R,47,R,132,S,,S,,R,138.0,R,32.0,R,106.0,S,,S,,R,80.0,R,16.0,R,64.0,S,,S,,R,80.0,R,16.0,R,64.0,S,,S,,A,,A,,A,,S,,S,,A,,A,,A,,A,,A,,A,,A,,A,,A,,A,,A,,A,,A,,A,,A,,A,,A,,A,,A,
490203,3,3,1,3,3,3,3,3,1,3,3,3,R,11,R,1,R,10,R,0.0,R,0.0,R,9.0,R,0.0,R,9.0,A,,R,0.0,R,9.0,A,,R,9.0,A,,R,0.0,R,0.0,A,,R,0.0,A,,R,0.0,R,9.0,A,,R,9.0,A,,R,0.0,A,,A,,A,,A,,A,,A,,A,,A,,A,,A,,A,,A,,A,,A,,A,,A,,A,,A,,A,
490221,1,3,3,5,3,5,3,3,3,3,3,3,R,12,R,2,R,10,A,,R,0.0,R,7.0,R,0.0,R,7.0,A,,R,0.0,R,7.0,A,,R,7.0,A,,R,0.0,R,3.0,A,,R,3.0,A,,R,0.0,R,4.0,A,,R,4.0,A,,R,0.0,A,,A,,A,,A,,A,,A,,A,,A,,A,,A,,A,,A,,A,,A,,A,,A,,A,,A,,A,
490230,1,3,1,3,5,5,3,1,5,3,5,3,R,79,R,42,R,37,A,,R,0.0,R,58.0,R,32.0,R,26.0,A,,R,0.0,R,46.0,R,24.0,R,22.0,A,,R,0.0,R,46.0,R,24.0,R,22.0,A,,R,0.0,A,,A,,A,,A,,A,,A,,A,,A,,A,,A,,A,,A,,A,,A,,A,,A,,A,,A,,A,,A,,A,,A,,A,,A,
490319,5,3,5,1,1,5,3,3,3,3,5,5,R,8,R,8,Z,0,A,,R,0.0,R,6.0,R,6.0,A,,A,,R,0.0,R,6.0,R,6.0,A,,A,,R,0.0,R,6.0,R,6.0,A,,A,,R,0.0,A,,A,,A,,A,,A,,A,,A,,A,,A,,A,,A,,A,,A,,A,,A,,A,,A,,A,,A,,A,,A,,A,,A,,A,
490382,3,3,1,3,1,1,3,3,3,3,1,3,R,14,R,2,R,12,A,,R,0.0,R,13.0,R,2.0,R,11.0,A,,R,0.0,R,11.0,R,2.0,R,9.0,A,,R,0.0,R,11.0,R,2.0,R,9.0,A,,R,0.0,A,,A,,A,,A,,A,,A,,A,,A,,A,,A,,A,,A,,A,,A,,A,,A,,A,,A,,A,,A,,A,,A,,A,,A,
490498,1,5,1,5,5,1,3,3,3,3,1,3,R,47,R,31,R,16,A,,R,0.0,R,15.0,R,9.0,R,6.0,A,,R,0.0,R,15.0,R,9.0,R,6.0,A,,R,0.0,R,15.0,R,9.0,R,6.0,A,,R,0.0,A,,A,,A,,A,,A,,A,,A,,A,,A,,A,,A,,A,,A,,A,,A,,A,,A,,A,,A,,A,,A,,A,,A,,A,
490504,5,3,5,1,1,5,3,3,3,3,5,5,R,31,R,31,Z,0,A,,R,0.0,R,25.0,R,25.0,A,,A,,R,0.0,R,25.0,R,25.0,A,,A,,R,0.0,R,25.0,R,25.0,A,,A,,R,0.0,A,,A,,A,,A,,A,,A,,A,,A,,A,,A,,A,,A,,A,,A,,A,,A,,A,,A,,A,,A,,A,,A,,A,,A,
490513,5,3,5,1,1,5,3,3,3,3,5,5,R,36,R,36,Z,0,A,,R,0.0,R,24.0,R,24.0,A,,A,,R,0.0,R,17.0,R,17.0,A,,A,,R,0.0,R,17.0,R,17.0,A,,A,,R,0.0,R,0.0,R,0.0,A,,A,,R,0.0,A,,A,,A,,A,,A,,A,,A,,A,,A,,A,,A,,A,,A,,A,,A,,A,,A,,A,,A,
490805,1,3,1,5,3,3,5,1,3,3,3,3,R,6394,R,3414,R,2807,S,,S,,R,4516.0,R,2384.0,R,2032.0,S,,S,,R,1192.0,R,627.0,R,565.0,S,,S,,R,1169.0,R,610.0,R,559.0,S,,S,,R,23.0,R,17.0,R,6.0,S,,S,,R,798.0,R,67.0,R,61.0,R,5.0,R,470.0,R,520.0,R,570.0,R,450.0,R,510.0,R,570.0,R,16.0,R,21.0,R,25.0,R,16.0,R,20.0,R,25.0,R,18.0,R,21.0,R,25.0
491057,5,3,5,1,1,5,3,3,3,3,3,5,R,20,R,20,Z,0,A,,R,0.0,R,15.0,R,15.0,A,,A,,R,0.0,R,13.0,R,13.0,A,,A,,R,0.0,R,13.0,R,13.0,A,,A,,R,0.0,A,,A,,A,,A,,A,,A,,A,,A,,A,,A,,A,,A,,A,,A,,A,,A,,A,,A,,A,,A,,A,,A,,A,,A,
491190,1,1,1,5,1,3,5,5,3,1,1,5,R,1,R,0,R,1,S,,S,,R,1.0,A,,R,1.0,S,,S,,R,0.0,A,,R,0.0,S,,S,,A,,A,,A,,S,,S,,A,,A,,A,,S,,S,,A,,A,,A,,A,,A,,A,,A,,A,,A,,A,,A,,A,,A,,A,,A,,A,,A,,A,,A,
491251,3,3,1,3,1,5,3,3,3,3,1,3,R,87,R,48,R,39,A,,R,0.0,R,55.0,R,23.0,R,32.0,A,,R,0.0,R,22.0,R,12.0,R,10.0,A,,R,0.0,R,22.0,R,12.0,R,10.0,A,,R,0.0,A,,A,,A,,A,,A,,A,,A,,A,,A,,A,,A,,A,,A,,A,,A,,A,,A,,A,,A,,A,,A,,A,,A,,A,
491288,1,3,3,1,5,5,3,5,3,5,5,3,R,13,R,6,R,7,A,,R,0.0,R,12.0,R,6.0,R,6.0,A,,R,0.0,R,10.0,R,4.0,R,6.0,A,,R,0.0,A,,A,,A,,A,,A,,R,10.0,R,4.0,R,6.0,A,,R,0.0,A,,A,,A,,A,,A,,A,,A,,A,,A,,A,,A,,A,,A,,A,,A,,A,,A,,A,,A,
491446,5,3,5,1,1,5,3,3,3,3,5,5,R,165,Z,0,R,165,A,,R,0.0,R,145.0,A,,R,145.0,A,,R,0.0,R,112.0,A,,R,112.0,A,,R,0.0,R,112.0,A,,R,112.0,A,,R,0.0,A,,A,,A,,A,,A,,A,,A,,A,,A,,A,,A,,A,,A,,A,,A,,A,,A,,A,,A,,A,,A,,A,,A,,A,
491525,5,5,1,5,1,3,5,1,3,3,1,3,R,98,R,42,R,56,A,,R,0.0,R,85.0,R,38.0,R,47.0,A,,R,0.0,R,79.0,R,36.0,R,43.0,A,,R,0.0,R,40.0,R,19.0,R,21.0,A,,R,0.0,R,39.0,R,17.0,R,22.0,A,,R,0.0,R,0.0,R,0.0,R,0.0,R,0.0,A,,A,,A,,A,,A,,A,,A,,A,,A,,A,,A,,A,,A,,A,,A,
491613,5,3,5,1,1,5,3,3,3,3,5,5,R,19,R,19,Z,0,A,,R,0.0,R,19.0,R,19.0,A,,A,,R,0.0,R,19.0,R,19.0,A,,A,,R,0.0,R,19.0,R,19.0,A,,A,,R,0.0,A,,A,,A,,A,,A,,A,,A,,A,,A,,A,,A,,A,,A,,A,,A,,A,,A,,A,,A,,A,,A,,A,,A,,A,
491622,5,3,5,1,1,5,3,3,3,3,5,5,R,28,R,28,Z,0,A,,R,0.0,R,21.0,R,21.0,A,,A,,R,0.0,R,21.0,R,21.0,A,,A,,R,0.0,R,21.0,R,21.0,A,,A,,R,0.0,A,,A,,A,,A,,A,,A,,A,,A,,A,,A,,A,,A,,A,,A,,A,,A,,A,,A,,A,,A,,A,,A,,A,,A,
491631,5,3,5,1,1,5,3,3,3,3,5,5,R,52,Z,0,R,52,A,,R,0.0,R,50.0,A,,R,50.0,A,,R,0.0,R,47.0,A,,R,47.0,A,,R,0.0,R,46.0,A,,R,46.0,A,,R,0.0,R,1.0,A,,R,1.0,A,,R,0.0,A,,A,,A,,A,,A,,A,,A,,A,,A,,A,,A,,A,,A,,A,,A,,A,,A,,A,,A,
491640,5,3,5,1,1,5,3,3,3,3,5,5,R,40,R,40,Z,0,A,,R,0.0,R,38.0,R,38.0,A,,A,,R,0.0,R,38.0,R,38.0,A,,A,,R,0.0,R,38.0,R,38.0,A,,A,,R,0.0,A,,A,,A,,A,,A,,A,,A,,A,,A,,A,,A,,A,,A,,A,,A,,A,,A,,A,,A,,A,,A,,A,,A,,A,
491710,5,3,5,1,1,5,3,3,3,3,5,5,R,25,R,25,Z,0,A,,R,0.0,R,20.0,R,20.0,A,,A,,R,0.0,R,12.0,R,12.0,A,,A,,R,0.0,R,12.0,R,12.0,A,,A,,R,0.0,A,,A,,A,,A,,A,,A,,A,,A,,A,,A,,A,,A,,A,,A,,A,,A,,A,,A,,A,,A,,A,,A,,A,,A,
491765,5,3,5,1,1,5,3,3,3,3,5,5,R,29,R,29,Z,0,A,,R,0.0,R,29.0,R,29.0,A,,A,,R,0.0,R,29.0,R,29.0,A,,A,,R,0.0,R,29.0,R,29.0,A,,A,,R,0.0,A,,A,,A,,A,,A,,A,,A,,A,,A,,A,,A,,A,,A,,A,,A,,A,,A,,A,,A,,A,,A,,A,,A,,A,
491817,5,3,5,1,1,5,3,3,3,3,5,5,R,380,Z,0,R,380,A,,R,0.0,R,165.0,A,,R,165.0,A,,R,0.0,R,108.0,A,,R,108.0,A,,R,0.0,R,108.0,A,,R,108.0,A,,R,0.0,A,,A,,A,,A,,A,,A,,A,,A,,A,,A,,A,,A,,A,,A,,A,,A,,A,,A,,A,,A,,A,,A,,A,,A,
491914,5,3,5,1,1,5,3,3,3,3,5,5,R,61,R,61,Z,0,A,,R,0.0,R,26.0,R,26.0,A,,A,,R,0.0,R,22.0,R,22.0,A,,A,,R,0.0,R,22.0,R,22.0,A,,A,,R,0.0,A,,A,,A,,A,,A,,A,,A,,A,,A,,A,,A,,A,,A,,A,,A,,A,,A,,A,,A,,A,,A,,A,,A,,A,
492023,3,3,3,3,3,1,3,3,3,3,3,3,R,30,R,10,R,20,A,,R,0.0,R,28.0,R,8.0,R,20.0,A,,R,0.0,R,28.0,R,8.0,R,20.0,A,,R,0.0,R,0.0,R,0.0,R,0.0,A,,R,0.0,R,28.0,R,8.0,R,20.0,A,,R,0.0,A,,A,,A,,A,,A,,A,,A,,A,,A,,A,,A,,A,,A,,A,,A,,A,,A,,A,,A,
492476,1,3,1,3,3,5,3,3,3,5,5,5,R,112,R,24,R,88,A,,R,0.0,R,99.0,R,18.0,R,81.0,A,,R,0.0,R,74.0,R,14.0,R,60.0,A,,R,0.0,R,39.0,R,8.0,R,31.0,A,,R,0.0,R,35.0,R,6.0,R,29.0,A,,R,0.0,A,,A,,A,,A,,A,,A,,A,,A,,A,,A,,A,,A,,A,,A,,A,,A,,A,,A,,A,
492607,1,1,1,5,1,3,5,5,3,1,1,5,R,10,R,2,R,8,S,,S,,R,4.0,R,1.0,R,3.0,S,,S,,R,1.0,R,1.0,R,0.0,S,,S,,R,0.0,R,0.0,A,,S,,S,,R,1.0,R,1.0,A,,S,,S,,R,0.0,R,0.0,R,0.0,R,0.0,A,,A,,A,,A,,A,,A,,A,,A,,A,,A,,A,,A,,A,,A,,A,
492759,1,3,1,3,3,3,5,5,1,3,3,3,R,11,R,0,R,11,R,0.0,R,0.0,R,10.0,A,,R,10.0,A,,R,0.0,R,9.0,A,,R,9.0,A,,R,0.0,R,7.0,A,,R,7.0,A,,R,0.0,R,2.0,A,,R,2.0,A,,R,0.0,R,0.0,Z,0.0,R,0.0,Z,0.0,A,,A,,A,,A,,A,,A,,A,,A,,A,,A,,A,,A,,A,,A,,A,
493594,5,3,5,1,1,5,3,3,3,3,5,5,R,50,R,50,Z,0,A,,R,0.0,R,19.0,R,19.0,A,,A,,R,0.0,R,17.0,R,17.0,A,,A,,R,0.0,R,17.0,R,17.0,A,,A,,R,0.0,A,,A,,A,,A,,A,,A,,A,,A,,A,,A,,A,,A,,A,,A,,A,,A,,A,,A,,A,,A,,A,,A,,A,,A,
493619,1,3,1,3,3,1,3,1,3,3,1,3,R,5,R,2,R,3,R,0.0,R,0.0,R,5.0,R,2.0,R,3.0,A,,R,0.0,R,5.0,R,2.0,R,3.0,A,,R,0.0,R,5.0,R,2.0,R,3.0,A,,R,0.0,R,0.0,R,0.0,R,0.0,A,,R,0.0,A,,A,,A,,A,,A,,A,,A,,A,,A,,A,,A,,A,,A,,A,,A,,A,,A,,A,,A,
493646,5,3,5,1,1,5,3,3,3,3,5,5,R,174,Z,0,R,174,A,,R,0.0,R,160.0,A,,R,160.0,A,,R,0.0,R,160.0,A,,R,160.0,A,,R,0.0,R,160.0,A,,R,160.0,A,,R,0.0,A,,A,,A,,A,,A,,A,,A,,A,,A,,A,,A,,A,,A,,A,,A,,A,,A,,A,,A,,A,,A,,A,,A,,A,
493664,5,3,5,1,1,5,3,3,3,3,5,5,R,3,R,3,Z,0,A,,R,0.0,R,3.0,R,3.0,A,,A,,R,0.0,R,3.0,R,3.0,A,,A,,R,0.0,R,3.0,R,3.0,A,,A,,R,0.0,A,,A,,A,,A,,A,,A,,A,,A,,A,,A,,A,,A,,A,,A,,A,,A,,A,,A,,A,,A,,A,,A,,A,,A,
493707,5,3,5,1,1,5,3,3,3,3,5,5,R,22,R,22,Z,0,A,,R,0.0,R,21.0,R,21.0,A,,A,,R,0.0,R,21.0,R,21.0,A,,A,,R,0.0,R,21.0,R,21.0,A,,A,,R,0.0,A,,A,,A,,A,,A,,A,,A,,A,,A,,A,,A,,A,,A,,A,,A,,A,,A,,A,,A,,A,,A,,A,,A,,A,
493716,5,3,5,1,1,5,3,3,3,3,5,5,R,40,R,40,Z,0,A,,R,0.0,R,20.0,R,20.0,A,,A,,R,0.0,R,20.0,R,20.0,A,,A,,R,0.0,R,20.0,R,20.0,A,,A,,R,0.0,A,,A,,A,,A,,A,,A,,A,,A,,A,,A,,A,,A,,A,,A,,A,,A,,A,,A,,A,,A,,A,,A,,A,,A,
493798,5,3,5,1,1,5,3,3,3,3,5,5,R,172,Z,0,R,172,A,,R,0.0,R,120.0,A,,R,120.0,A,,R,0.0,R,102.0,A,,R,102.0,A,,R,0.0,R,102.0,A,,R,102.0,A,,R,0.0,A,,A,,A,,A,,A,,A,,A,,A,,A,,A,,A,,A,,A,,A,,A,,A,,A,,A,,A,,A,,A,,A,,A,,A,
493813,1,3,1,3,3,3,3,3,1,3,3,3,R,26,R,2,R,24,R,0.0,R,0.0,R,26.0,R,2.0,R,24.0,A,,R,0.0,R,26.0,R,2.0,R,24.0,A,,R,0.0,R,25.0,R,2.0,R,23.0,A,,R,0.0,R,1.0,R,0.0,R,1.0,A,,R,0.0,A,,A,,A,,A,,A,,A,,A,,A,,A,,A,,A,,A,,A,,A,,A,,A,,A,,A,,A,
494162,1,3,1,3,3,3,3,3,1,3,3,3,R,72,R,5,R,67,A,,R,0.0,R,72.0,R,5.0,R,67.0,A,,R,0.0,R,27.0,R,2.0,R,25.0,A,,R,0.0,R,18.0,R,1.0,R,17.0,A,,R,0.0,R,9.0,R,1.0,R,8.0,A,,R,0.0,A,,A,,A,,A,,A,,A,,A,,A,,A,,A,,A,,A,,A,,A,,A,,A,,A,,A,,A,
494278,1,3,1,3,3,5,3,3,3,5,5,5,R,86,R,25,R,61,A,,R,0.0,R,73.0,R,16.0,R,57.0,A,,R,0.0,R,59.0,R,13.0,R,46.0,A,,R,0.0,R,37.0,R,5.0,R,32.0,A,,R,0.0,R,22.0,R,8.0,R,14.0,A,,R,0.0,A,,A,,A,,A,,A,,A,,A,,A,,A,,A,,A,,A,,A,,A,,A,,A,,A,,A,,A,
494287,1,3,1,3,3,5,3,3,3,5,5,5,R,107,R,43,R,64,A,,R,0.0,R,71.0,R,24.0,R,47.0,A,,R,0.0,R,55.0,R,14.0,R,41.0,A,,R,0.0,R,40.0,R,9.0,R,31.0,A,,R,0.0,R,15.0,R,5.0,R,10.0,A,,R,0.0,A,,A,,A,,A,,A,,A,,A,,A,,A,,A,,A,,A,,A,,A,,A,,A,,A,,A,,A,
494463,5,3,5,1,1,5,3,3,3,3,5,5,R,226,Z,0,R,226,A,,R,0.0,R,210.0,A,,R,210.0,A,,R,0.0,R,201.0,A,,R,201.0,A,,R,0.0,R,201.0,A,,R,201.0,A,,R,0.0,A,,A,,A,,A,,A,,A,,A,,A,,A,,A,,A,,A,,A,,A,,A,,A,,A,,A,,A,,A,,A,,A,,A,,A,
494542,1,3,1,5,1,5,1,1,5,5,1,5,R,35,R,25,R,10,A,,R,0.0,R,19.0,R,12.0,R,7.0,A,,R,0.0,R,13.0,R,10.0,R,3.0,A,,R,0.0,R,13.0,R,10.0,R,3.0,A,,R,0.0,R,0.0,R,0.0,R,0.0,A,,R,0.0,R,5.0,R,38.0,Z,0.0,Z,0.0,B,,B,,B,,B,,B,,B,,A,,A,,A,,A,,A,,A,,A,,A,,A,
494603,1,3,3,3,1,3,3,1,3,5,1,3,R,273,R,185,R,88,A,,R,0.0,R,144.0,R,115.0,R,29.0,A,,R,0.0,R,129.0,R,105.0,R,24.0,A,,R,0.0,R,103.0,R,84.0,R,19.0,A,,R,0.0,R,26.0,R,21.0,R,5.0,A,,R,0.0,A,,A,,A,,A,,A,,A,,A,,A,,A,,A,,A,,A,,A,,A,,A,,A,,A,,A,,A,
494685,1,3,1,3,1,3,1,5,3,3,1,3,R,124,R,64,R,60,A,,R,0.0,R,104.0,R,50.0,R,54.0,A,,R,0.0,R,64.0,R,36.0,R,28.0,A,,R,0.0,R,62.0,R,34.0,R,28.0,A,,R,0.0,R,2.0,R,2.0,Z,0.0,A,,R,0.0,R,46.0,R,72.0,R,62.0,R,97.0,R,490.0,R,515.0,R,570.0,R,430.0,R,500.0,R,540.0,R,18.0,R,20.0,R,23.0,R,17.0,R,20.0,R,23.0,R,16.0,R,18.0,R,21.0
494807,1,3,3,1,1,3,5,3,1,3,5,3,R,88,R,21,R,66,R,0.0,R,1.0,R,51.0,R,12.0,R,39.0,A,,R,0.0,R,34.0,R,7.0,R,27.0,A,,R,0.0,R,32.0,R,7.0,R,25.0,A,,R,0.0,R,2.0,Z,0.0,R,2.0,A,,R,0.0,R,0.0,R,0.0,R,0.0,R,0.0,A,,A,,A,,A,,A,,A,,A,,A,,A,,A,,A,,A,,A,,A,,A,
495031,5,3,5,1,1,5,3,3,3,3,5,5,R,13,R,13,R,0,A,,R,0.0,R,12.0,R,12.0,A,,A,,R,0.0,R,12.0,R,12.0,A,,A,,R,0.0,R,12.0,R,12.0,A,,A,,R,0.0,A,,A,,A,,A,,A,,A,,A,,A,,A,,A,,A,,A,,A,,A,,A,,A,,A,,A,,A,,A,,A,,A,,A,,A,
495420,1,3,1,3,3,3,3,3,1,3,3,3,R,32,R,1,R,31,A,,R,0.0,R,32.0,R,1.0,R,31.0,A,,R,0.0,R,11.0,R,0.0,R,11.0,A,,R,0.0,R,8.0,A,,R,8.0,A,,R,0.0,R,3.0,A,,R,3.0,A,,R,0.0,A,,A,,A,,A,,A,,A,,A,,A,,A,,A,,A,,A,,A,,A,,A,,A,,A,,A,,A,
495439,1,3,1,3,3,3,3,3,1,3,3,3,R,0,R,0,R,0,A,,R,0.0,A,,A,,A,,A,,R,0.0,A,,A,,A,,A,,R,0.0,A,,A,,A,,A,,R,0.0,A,,A,,A,,A,,R,0.0,A,,A,,A,,A,,A,,A,,A,,A,,A,,A,,A,,A,,A,,A,,A,,A,,A,,A,,A,
495448,1,3,1,3,3,3,3,3,1,3,3,3,R,54,R,9,R,45,A,,R,0.0,R,54.0,R,9.0,R,45.0,A,,R,0.0,R,17.0,R,5.0,R,12.0,A,,R,0.0,R,15.0,R,3.0,R,12.0,A,,R,0.0,R,2.0,R,2.0,R,0.0,A,,R,0.0,A,,A,,A,,A,,A,,A,,A,,A,,A,,A,,A,,A,,A,,A,,A,,A,,A,,A,,A,
495457,1,3,1,3,3,3,3,3,1,3,3,3,R,70,R,8,R,62,A,,R,0.0,R,70.0,R,8.0,R,62.0,A,,R,0.0,R,34.0,R,4.0,R,30.0,A,,R,0.0,R,29.0,R,3.0,R,26.0,A,,R,0.0,R,5.0,R,1.0,R,4.0,A,,R,0.0,A,,A,,A,,A,,A,,A,,A,,A,,A,,A,,A,,A,,A,,A,,A,,A,,A,,A,,A,
496478,1,3,1,3,1,3,3,3,3,5,1,3,R,40,R,28,R,12,A,,R,0.0,R,37.0,R,26.0,R,11.0,A,,R,0.0,R,34.0,R,25.0,R,9.0,A,,R,0.0,A,,A,,A,,A,,A,,R,34.0,R,25.0,R,9.0,A,,R,0.0,A,,A,,A,,A,,A,,A,,A,,A,,A,,A,,A,,A,,A,,A,,A,,A,,A,,A,,A,
496618,3,3,1,3,5,5,3,1,3,5,5,3,R,565,R,35,R,530,S,,S,,R,117.0,R,12.0,R,105.0,S,,S,,R,103.0,R,7.0,R,96.0,S,,S,,R,103.0,R,7.0,R,96.0,S,,S,,A,,A,,A,,S,,S,,A,,A,,A,,A,,A,,A,,A,,A,,A,,A,,A,,A,,A,,A,,A,,A,,A,,A,,A,
496627,1,5,5,5,5,5,3,1,1,5,5,5,R,99,R,35,R,62,S,,S,,R,84.0,R,33.0,R,49.0,S,,S,,R,7.0,R,3.0,R,4.0,S,,S,,R,7.0,R,3.0,R,4.0,S,,S,,A,,A,,A,,S,,S,,A,,A,,A,,A,,A,,A,,A,,A,,A,,A,,A,,A,,A,,A,,A,,A,,A,,A,,A,
496681,5,5,1,5,3,3,3,3,3,3,3,3,R,0,R,0,R,0,A,,R,0.0,A,,A,,A,,A,,R,0.0,A,,A,,A,,A,,R,0.0,A,,A,,A,,A,,R,0.0,A,,A,,A,,A,,A,,A,,A,,A,,A,,A,,A,,A,,A,,A,,A,,A,,A,,A,,A,,A,,A,,A,,A,,A,
496803,1,3,3,3,3,3,3,3,3,3,3,3,R,2743,R,1481,R,1262,A,,R,0.0,R,2716.0,R,1467.0,R,1249.0,A,,R,0.0,R,19.0,R,12.0,R,7.0,A,,R,0.0,R,19.0,R,12.0,R,7.0,A,,R,0.0,A,,A,,A,,A,,A,,A,,A,,A,,A,,A,,A,,A,,A,,A,,A,,A,,A,,A,,A,,A,,A,,A,,A,,A,
496973,1,3,1,3,3,3,3,1,1,3,3,3,R,46,R,6,R,40,R,0.0,R,0.0,R,40.0,R,5.0,R,35.0,A,,R,0.0,R,27.0,R,3.0,R,24.0,A,,R,0.0,R,13.0,R,2.0,R,11.0,A,,R,0.0,R,14.0,R,1.0,R,13.0,A,,R,0.0,A,,A,,A,,A,,A,,A,,A,,A,,A,,A,,A,,A,,A,,A,,A,,A,,A,,A,,A,
497037,5,3,1,3,3,3,3,1,3,3,3,3,R,150,R,22,R,128,A,,R,0.0,R,150.0,R,22.0,R,128.0,A,,R,0.0,R,108.0,R,17.0,R,91.0,A,,R,0.0,R,50.0,R,8.0,R,42.0,A,,R,0.0,R,58.0,R,9.0,R,49.0,A,,R,0.0,A,,A,,A,,A,,A,,A,,A,,A,,A,,A,,A,,A,,A,,A,,A,,A,,A,,A,,A,
497107,3,3,3,3,5,1,3,3,3,3,3,3,R,44,R,3,R,41,A,,R,0.0,R,42.0,R,2.0,R,40.0,A,,R,0.0,R,36.0,R,2.0,R,34.0,A,,R,0.0,A,,A,,A,,A,,A,,R,36.0,R,2.0,R,34.0,A,,R,0.0,A,,A,,A,,A,,A,,A,,A,,A,,A,,A,,A,,A,,A,,A,,A,,A,,A,,A,,A,
497189,3,3,3,3,1,3,3,1,1,3,1,3,R,52,R,2,R,50,S,,S,,R,20.0,R,2.0,R,18.0,S,,S,,R,20.0,R,2.0,R,18.0,S,,S,,R,20.0,R,2.0,R,18.0,S,,S,,A,,A,,A,,S,,S,,A,,A,,A,,A,,A,,A,,A,,A,,A,,A,,A,,A,,A,,A,,A,,A,,A,,A,,A,
497213,5,3,5,1,1,1,3,3,3,5,1,3,R,13,R,6,R,7,A,,R,0.0,R,13.0,R,6.0,R,7.0,A,,R,0.0,R,9.0,R,4.0,R,5.0,A,,R,0.0,R,5.0,R,2.0,R,3.0,A,,R,0.0,R,4.0,R,2.0,R,2.0,A,,R,0.0,A,,A,,A,,A,,A,,A,,A,,A,,A,,A,,A,,A,,A,,A,,A,,A,,A,,A,,A,
497268,1,3,1,3,3,3,3,3,1,3,3,3,R,86,R,7,R,79,A,,R,0.0,R,86.0,R,7.0,R,79.0,A,,R,0.0,R,28.0,R,3.0,R,25.0,A,,R,0.0,R,21.0,R,3.0,R,18.0,A,,R,0.0,R,7.0,R,0.0,R,7.0,A,,R,0.0,A,,A,,A,,A,,A,,A,,A,,A,,A,,A,,A,,A,,A,,A,,A,,A,,A,,A,,A,
497374,3,3,3,3,3,3,3,3,1,3,3,3,R,321,R,34,R,287,A,,R,0.0,R,131.0,R,6.0,R,125.0,A,,R,0.0,R,130.0,R,5.0,R,125.0,A,,R,0.0,R,130.0,R,5.0,R,125.0,A,,R,0.0,A,,A,,A,,A,,A,,A,,A,,A,,A,,A,,A,,A,,A,,A,,A,,A,,A,,A,,A,,A,,A,,A,,A,,A,
497462,5,5,5,5,1,5,5,5,5,3,5,3,R,13,R,8,R,5,A,,R,0.0,R,12.0,R,7.0,R,5.0,A,,R,0.0,R,0.0,R,0.0,R,0.0,A,,R,0.0,A,,A,,A,,A,,R,0.0,A,,A,,A,,A,,R,0.0,A,,A,,A,,A,,A,,A,,A,,A,,A,,A,,A,,A,,A,,A,,A,,A,,A,,A,,A,
497480,3,3,1,3,3,3,3,3,3,1,1,3,R,117,R,9,R,108,R,0.0,R,0.0,R,116.0,R,9.0,R,107.0,A,,R,0.0,R,82.0,R,4.0,R,78.0,A,,R,0.0,R,82.0,R,4.0,R,78.0,A,,R,0.0,A,,A,,A,,A,,A,,A,,A,,A,,A,,A,,A,,A,,A,,A,,A,,A,,A,,A,,A,,A,,A,,A,,A,,A,
497824,1,5,1,3,3,3,3,1,3,3,3,3,R,20,R,7,R,13,A,,R,0.0,R,9.0,R,2.0,R,7.0,A,,R,0.0,R,5.0,R,2.0,R,3.0,A,,R,0.0,R,3.0,R,0.0,R,3.0,A,,R,0.0,R,2.0,R,2.0,R,0.0,A,,R,0.0,A,,A,,A,,A,,A,,A,,A,,A,,A,,A,,A,,A,,A,,A,,A,,A,,A,,A,,A,
497833,1,5,1,5,5,3,3,1,3,5,5,5,R,363,R,163,R,200,S,,S,,R,325.0,R,144.0,R,181.0,S,,S,,R,117.0,R,56.0,R,61.0,S,,S,,R,117.0,R,56.0,R,61.0,S,,S,,A,,A,,A,,S,,S,,A,,A,,A,,A,,A,,A,,A,,A,,A,,A,,A,,A,,A,,A,,A,,A,,A,,A,,A,
497912,3,3,1,3,3,3,3,3,1,5,3,3,R,43,R,2,R,41,R,0.0,R,0.0,R,42.0,R,2.0,R,40.0,A,,R,0.0,R,27.0,R,1.0,R,26.0,A,,R,0.0,R,27.0,R,1.0,R,26.0,A,,R,0.0,A,,A,,A,,A,,A,,A,,A,,A,,A,,A,,A,,A,,A,,A,,A,,A,,A,,A,,A,,A,,A,,A,,A,,A,
498049,1,3,1,3,3,3,3,3,1,3,3,3,R,108,R,5,R,103,A,,R,0.0,R,108.0,R,5.0,R,103.0,A,,R,0.0,R,44.0,R,1.0,R,43.0,A,,R,0.0,R,30.0,R,0.0,R,30.0,A,,R,0.0,R,14.0,R,1.0,R,13.0,A,,R,0.0,A,,A,,A,,A,,A,,A,,A,,A,,A,,A,,A,,A,,A,,A,,A,,A,,A,,A,,A,
498340,3,3,1,3,3,3,3,1,3,3,3,3,R,77,R,9,R,68,A,,R,0.0,R,69.0,R,5.0,R,64.0,A,,R,0.0,R,69.0,R,5.0,R,64.0,A,,R,0.0,R,69.0,R,5.0,R,64.0,A,,R,0.0,A,,A,,A,,A,,A,,A,,A,,A,,A,,A,,A,,A,,A,,A,,A,,A,,A,,A,,A,,A,,A,,A,,A,,A,
498447,1,3,1,3,3,3,3,3,1,3,3,3,R,40,R,7,R,33,A,,R,0.0,R,40.0,R,7.0,R,33.0,A,,R,0.0,R,19.0,R,3.0,R,16.0,A,,R,0.0,R,13.0,R,3.0,R,10.0,A,,R,0.0,R,6.0,R,0.0,R,6.0,A,,R,0.0,A,,A,,A,,A,,A,,A,,A,,A,,A,,A,,A,,A,,A,,A,,A,,A,,A,,A,,A,
498456,1,3,1,3,3,3,3,3,1,3,3,3,R,1,R,0,R,1,A,,R,0.0,R,1.0,A,,R,1.0,A,,R,0.0,R,1.0,A,,R,1.0,A,,R,0.0,R,1.0,A,,R,1.0,A,,R,0.0,R,0.0,A,,R,0.0,A,,R,0.0,A,,A,,A,,A,,A,,A,,A,,A,,A,,A,,A,,A,,A,,A,,A,,A,,A,,A,,A,
498562,5,5,1,1,5,3,5,1,3,5,5,5,R,7733,R,3157,R,4576,A,,R,0.0,R,7327.0,R,2954.0,R,4373.0,A,,R,0.0,R,2434.0,R,982.0,R,1452.0,A,,R,0.0,R,2415.0,R,976.0,R,1439.0,A,,R,0.0,R,19.0,R,6.0,R,13.0,A,,R,0.0,R,817.0,R,34.0,R,49.0,R,2.0,R,490.0,R,550.0,R,600.0,R,480.0,R,540.0,R,580.0,R,18.0,R,23.0,R,25.0,R,16.0,R,22.0,R,24.0,R,17.0,R,20.0,R,25.0
498571,1,5,1,1,5,3,5,1,3,5,5,5,R,6189,R,2560,R,3629,A,,R,0.0,R,5796.0,R,2383.0,R,3413.0,A,,R,0.0,R,1617.0,R,644.0,R,973.0,A,,R,0.0,R,1527.0,R,622.0,R,905.0,A,,R,0.0,R,90.0,R,22.0,R,68.0,A,,R,0.0,R,262.0,R,16.0,R,36.0,R,2.0,R,480.0,R,540.0,R,590.0,R,460.0,R,530.0,R,580.0,R,20.0,R,22.0,R,26.0,R,20.0,R,22.0,R,25.0,R,18.0,R,23.0,R,26.0
499149,1,3,1,3,3,3,3,1,1,3,3,3,R,34,R,4,R,30,R,0.0,R,0.0,R,31.0,R,3.0,R,28.0,A,,R,0.0,R,21.0,R,2.0,R,19.0,A,,R,0.0,R,13.0,R,0.0,R,13.0,A,,R,0.0,R,8.0,R,2.0,R,6.0,A,,R,0.0,A,,A,,A,,A,,A,,A,,A,,A,,A,,A,,A,,A,,A,,A,,A,,A,,A,,A,,A,
499370,1,3,1,3,3,3,3,3,1,3,3,3,R,35,R,3,R,32,A,,R,0.0,R,35.0,R,3.0,R,32.0,A,,R,0.0,R,14.0,R,0.0,R,14.0,A,,R,0.0,R,13.0,A,,R,13.0,A,,R,0.0,R,1.0,A,,R,1.0,A,,R,0.0,A,,A,,A,,A,,A,,A,,A,,A,,A,,A,,A,,A,,A,,A,,A,,A,,A,,A,,A,
499389,1,3,1,3,3,3,3,3,1,3,3,3,R,99,R,12,R,87,A,,R,0.0,R,99.0,R,12.0,R,87.0,A,,R,0.0,R,32.0,R,4.0,R,28.0,A,,R,0.0,R,24.0,R,2.0,R,22.0,A,,R,0.0,R,8.0,R,2.0,R,6.0,A,,R,0.0,A,,A,,A,,A,,A,,A,,A,,A,,A,,A,,A,,A,,A,,A,,A,,A,,A,,A,,A,
499398,1,3,1,3,3,3,3,3,1,3,3,3,R,40,R,3,R,37,A,,R,0.0,R,40.0,R,3.0,R,37.0,A,,R,0.0,R,16.0,R,1.0,R,15.0,A,,R,0.0,R,10.0,R,1.0,R,9.0,A,,R,0.0,R,6.0,R,0.0,R,6.0,A,,R,0.0,A,,A,,A,,A,,A,,A,,A,,A,,A,,A,,A,,A,,A,,A,,A,,A,,A,,A,,A,
499404,1,3,1,3,3,3,3,3,1,3,3,3,R,48,R,1,R,47,A,,R,0.0,R,48.0,R,1.0,R,47.0,A,,R,0.0,R,9.0,R,1.0,R,8.0,A,,R,0.0,R,4.0,R,1.0,R,3.0,A,,R,0.0,R,5.0,R,0.0,R,5.0,A,,R,0.0,A,,A,,A,,A,,A,,A,,A,,A,,A,,A,,A,,A,,A,,A,,A,,A,,A,,A,,A,
499635,1,3,1,3,3,5,3,3,3,5,5,5,R,0,R,0,R,0,A,,R,0.0,A,,A,,A,,A,,R,0.0,A,,A,,A,,A,,R,0.0,A,,A,,A,,A,,R,0.0,A,,A,,A,,A,,R,0.0,A,,A,,A,,A,,A,,A,,A,,A,,A,,A,,A,,A,,A,,A,,A,,A,,A,,A,,A,
