Institution ID,SAT Verbal 25th Percentile,SAT Verbal 50th Percentile,SAT Verbal 75th Percentile,SAT Math 25th Percentile,SAT Math 50th Percentile,SAT Math 75th Percentile,ACT Composite 25th Percentile,ACT Composite 50th Percentile,ACT Composite 75th Percentile,ACT English 25th Percentile,ACT English 50th Percentile,ACT English 75th Percentile,ACT Math 25th Percentile,ACT Math 50th Percentile,ACT Math 75th Percentile,ADMSSN,APPLCN,Institution Name,IALIAS,Address,City,State,ZIP Code,college_url,admission_url,financial_aid_url,application_url,ADM_RATE
100654,420.0,480.0,540.0,390.0,460.0,520.0,14.0,17.0,19.0,13.0,15.0,20.0,14.0,16.0,17.0,10349.0,15628,Alabama A & M University,AAMU,4900 Meridian Street,Normal,AL,35762,www.aamu.edu/,https://www.aamu.edu/admissions-aid/index.html,https://www.aamu.edu/admissions-aid/financial-aid/,https://www.aamu.edu/admissions-aid/undergraduate-admissions/apply-today.html,0.6622088558996673
100663,570.0,640.0,700.0,560.0,620.0,700.0,22.0,26.0,30.0,22.0,26.0,33.0,20.0,24.0,27.0,9655.0,10919,University of Alabama at Birmingham,UAB,Administration Bldg Suite 1070,Birmingham,AL,35294-0110,https://www.uab.edu/,https://www.uab.edu/admissions/,https://www.uab.edu/cost-aid/,https://www.uab.edu/admissions/apply,0.8842384833775987
100706,595.0,650.0,700.0,600.0,680.0,740.0,25.0,28.0,31.0,24.0,28.0,33.0,24.0,27.0,29.0,4510.0,6074,University of Alabama in Huntsville,UAH  University of Alabama Huntsville,301 Sparkman Dr,Huntsville,AL,35899,www.uah.edu/,https://www.uah.edu/admissions,finaid.uah.edu/,register.uah.edu/,0.7425090549884754
100724,444.0,489.0,538.0,421.0,477.0,531.0,16.0,18.0,20.0,15.0,18.0,21.0,15.0,17.0,19.0,5113.0,5346,Alabama State University, ,915 S Jackson Street,Montgomery,AL,36104-0271,www.alasu.edu/,www.alasu.edu/admissions/index.aspx,www.alasu.edu/undergraduate/expensesandfinancialaid/expenses-and-financial-aid,www.alasu.edu/admissions/undergrad-admissions/index.aspx,0.9564160119715676
100751,590.0,640.0,700.0,580.0,640.0,700.0,24.0,27.0,31.0,23.0,27.0,33.0,22.0,26.0,29.0,44295.0,58418,The University of Alabama, ,739 University Blvd,Tuscaloosa,AL,35487-0100,www.ua.edu/,gobama.ua.edu/,financialaid.ua.edu/,apply.ua.edu/,0.75824232257181
100830,500.0,540.0,595.0,500.0,560.0,615.0,18.0,21.0,24.0,18.0,21.0,25.0,16.0,18.0,23.0,2050.0,2213,Auburn University at Montgomery,AUM||Auburn University at Montgomery|Auburn Montgomery,7440 East Drive,Montgomery,AL,36117-3596,www.aum.edu/,www.aum.edu/admissions,www.aum.edu/admissions/scholarships-and-financial-aid/financial-aid,www.aum.edu/apply#apply-now-back-btn-row,0.9263443289652056
100858,630.0,660.0,690.0,610.0,650.0,690.0,25.0,28.0,31.0,25.0,28.0,33.0,24.0,26.0,29.0,24314.0,48178,Auburn University, , ,Auburn,AL,36849,www.auburn.edu/,www.auburn.edu/admissions/,www.auburn.edu/administration/business-finance/finaid/,www.auburn.edu/admissions/,0.5046701814106024
100937,580.0,610.0,670.0,570.0,620.0,670.0,21.0,24.0,27.0,19.0,24.0,28.0,19.0,23.0,26.0,2071.0,3987,Birmingham-Southern College,BSC,900 Arkadelphia Road,Birmingham,AL,35254,www.bsc.edu/,www.bsc.edu/admission/index.html,https://www.bsc.edu/fp/index.html,https://www.bsc.edu/admission/apply.html,0.5194381740657136
101189,463.0,510.0,585.0,423.0,480.0,550.0,17.0,19.0,23.0,16.0,19.0,23.0,16.0,17.0,21.0,1181.0,1786,Faulkner University,Faulkner,5345 Atlanta Hwy,Montgomery,AL,36109-3390,www.faulkner.edu/,www.faulkner.edu/undergrad/admissions/,www.faulkner.edu/undergrad/tuition-financial-aid/,applynow.myfaulkner.org/inquiryform,0.6612541993281075
101435,498.0,560.0,613.0,513.0,570.0,598.0,20.0,23.0,25.0,19.0,22.0,25.0,17.0,20.0,24.0,1828.0,2581,Huntingdon College, ,1500 East Fairview Avenue,Montgomery,AL,36106-2148,https://www.huntingdon.edu/,https://www.huntingdon.edu/admission-aid/,https://www.huntingdon.edu/admission-aid/student-financial-services/,https://www.huntingdon.edu/admission-aid/traditional-admission/,0.708252615265401
101480,490.0,540.0,620.0,480.0,550.0,640.0,17.0,20.0,24.0,16.0,21.0,25.0,16.0,18.0,23.0,9152.0,12008,Jacksonville State University, ,700 Pelham Road North,Jacksonville,AL,36265,www.jsu.edu/,www.jsu.edu/admissions/,www.jsu.edu/finaid/,www.jsu.edu/apply_now.html,0.7621585609593604
101587,470.0,520.0,550.0,350.0,385.0,428.0,17.0,19.0,22.0,16.0,20.0,23.0,16.0,17.0,20.0,1778.0,2041,University of West Alabama,UWA,Station One,Livingston,AL,35470,www.uwa.edu/,www.uwa.edu/Admissions/,https://www.uwa.edu/admissions/undergraduate/financialaid,https://www.uwa.edu/apply,0.871141597256247
101648,500.0,550.0,630.0,510.0,550.0,610.0,17.0,19.0,23.0,15.0,19.0,23.0,16.0,19.0,24.0,358.0,605,Marion Military Institute, ,1101 Washington St,Marion,AL,36756-3207,www.marionmilitary.edu/,www.marionmilitary.edu/admissions/,marionmilitary.edu/admissions/financial-aid/,marionmilitary.force.com/apply/TX_SiteLogin?startURL=%2Fapply%2FTargetX_Portal__PB,0.5917355371900826
102049,550.0,600.0,650.0,520.0,560.0,610.0,23.0,25.0,29.0,22.0,26.0,30.0,20.0,24.0,27.0,3734.0,4541,Samford University, ,800 Lakeshore Drive,Birmingham,AL,35229-2240,www.samford.edu/,www.samford.edu/admission,www.samford.edu/departments/financial-services/,www.samford.edu/admission/apply,0.8222858401233208
102094,520.0,560.0,610.0,495.0,540.0,590.0,19.0,22.0,26.0,20.0,22.0,26.0,17.0,20.0,25.0,8247.0,12593,University of South Alabama, ,307 N University Blvd,Mobile,AL,36688-0002,www.southalabama.edu/,www.southalabama.edu/departments/admissions/,www.southalabama.edu/departments/finaid/,www.southalabama.edu/departments/admissions/applytousa.html,0.6548876359882474
102368,490.0,540.0,590.0,460.0,510.0,570.0,18.0,21.0,25.0,18.0,21.0,25.0,16.0,19.0,23.0,7360.0,7947,Troy University,TROY,University Avenue,Troy,AL,36082-0001,www.troy.edu/,www.troy.edu/applications-admissions/index.html,www.troy.edu/scholarships-costs-aid/financial-aid/index.html,www.troy.edu/applications-admissions/index.html,0.926135648672455
102377,495.0,570.0,645.0,500.0,555.0,610.0,18.0,22.0,26.0,17.0,21.0,25.0,18.0,20.0,23.0,3690.0,11742,Tuskegee University, ,"Kresge Center, 3rd Floor",Tuskegee,AL,36088-1920,www.tuskegee.edu/,https://www.tuskegee.edu/admissions,https://www.tuskegee.edu/admissions-aid,www.applyweb.com/apply/tusk/,0.314256515074093
104179,580.0,640.0,700.0,580.0,640.0,720.0,21.0,26.0,30.0,21.0,25.0,30.0,21.0,25.0,28.0,48369.0,56466,University of Arizona,The University of Arizona | UArizona | U of A | UofA | UA | University of AZ | Univ. of AZ | The Univ. of AZ,1401 E University Blvd,Tucson,AZ,85721-0066,https://www.arizona.edu/,https://www.arizona.edu/admissions,https://financialaid.arizona.edu/,https://slate.admissions.arizona.edu/apply,0.8566039740728935
104586,580.0,630.0,680.0,580.0,630.0,680.0,24.0,26.0,29.0,22.0,25.0,29.0,23.0,26.0,29.0,2922.0,3886,Embry-Riddle Aeronautical University-Prescott,Embry Riddle Aeronautical University-Prescott,3700 Willow Creek Road,Prescott,AZ,86301-3720,prescott.erau.edu/,prescott.erau.edu/admissions,prescott.erau.edu/financial-aid,prescott.erau.edu/admissions/apply,0.7519300051466804
104717,540.0,570.0,620.0,518.0,535.0,555.0,19.0,21.0,24.0,19.0,21.0,24.0,18.0,20.0,22.0,28960.0,47978,Grand Canyon University,GCU,3300 W Camelback Rd,Phoenix,AZ,85017,www.gcu.edu/,https://www.gcu.edu/admissions, ,https://www.gcu.edu/,0.603609987911126
106245,450.0,510.0,570.0,440.0,530.0,600.0,18.0,20.0,23.0,17.0,21.0,24.0,16.0,19.0,23.0,2114.0,3661,University of Arkansas at Little Rock,UA Little Rock|University of Arkansas-Little Rock|Arkansas Little Rock|,2801 S University Ave,Little Rock,AR,72204,ualr.edu/www/,ualr.edu/admissions/,ualr.edu/financialaid/,ualr.edu/admissions/application/,0.5774378585086042
106397,530.0,570.0,620.0,520.0,560.0,600.0,21.0,24.0,28.0,21.0,24.0,28.0,19.0,23.0,26.0,20202.0,28186,University of Arkansas,University of Arkansas|Arkansas,"1125 W Maple St, Administration Bldg 425",Fayetteville,AR,72701,https://www.uark.edu/,https://admissions.uark.edu/,https://finaid.uark.edu/,https://admissions.uark.edu/apply/,0.7167388064996807
106412,430.0,485.0,528.0,450.0,480.0,520.0,14.0,16.0,18.0,17.0,20.0,22.0,15.0,15.0,17.0,2182.0,3792,University of Arkansas at Pine Bluff,UAPB,1200 N University Mail Slot 4789,Pine Bluff,AR,71601,www.uapb.edu/,www.uapb.edu/admissions.aspx,www.uapb.edu/administration/enrollment_management/financial_aid.aspx,https://www.uapb.edu/admissions.aspx,0.57542194092827
106458,510.0,550.0,590.0,520.0,550.0,590.0,19.0,22.0,25.0,19.0,23.0,27.0,17.0,21.0,25.0,5587.0,8019,Arkansas State University,"A-State, AState","2105 East, Aggie Road",Jonesboro,AR,72401,www.astate.edu/,www.astate.edu/admissions,www.astate.edu/finaid,https://www.astate.edu/info/apply/,0.6967202893128819
106467,480.0,530.0,580.0,460.0,500.0,570.0,17.0,20.0,24.0,16.0,21.0,25.0,16.0,19.0,24.0,4722.0,4904,Arkansas Tech University,ATU|Tech|Arkansas Tech,"Administration Bldg 200, 1509 N Boulder Ave",Russellville,AR,72801-2222,https://www.atu.edu/,https://www.atu.edu/admissions/,https://www.atu.edu/finaid/,https://www.atu.edu/admissions/,0.9628874388254486
106704,490.0,540.0,570.0,450.0,510.0,550.0,19.0,22.0,25.0,19.0,22.0,26.0,17.0,20.0,24.0,5961.0,6589,University of Central Arkansas, ,201 Donaghey Ave,Conway,AR,72035-0001,www.uca.edu/,uca.edu/admissions,uca.edu/financialaid/,uca.edu/admissions/apply,0.9046896342388829
106713,435.0,510.0,570.0,490.0,530.0,575.0,17.0,19.0,22.0,16.0,20.0,21.0,16.0,18.0,22.0,140.0,302,Central Baptist College,CBC,1501 College Avenue,Conway,AR,72034,www.cbc.edu/,https://www.cbc.edu/admissions,https://www.cbc.edu/cost,https://www.cbc.edu/apply,0.46357615894039733
107044,530.0,600.0,650.0,520.0,570.0,630.0,21.0,24.0,28.0,21.0,24.0,30.0,18.0,23.0,26.0,2202.0,2202,Harding University, ,915 E. Market Ave.,Searcy,AR,72149-5615,www.harding.edu/,www.harding.edu/admissions/,www.harding.edu/finaid/,www.harding.edu/admissions/howtoapply.html,1.0
107080,605.0,640.0,695.0,580.0,630.0,690.0,26.0,29.0,31.0,25.0,30.0,34.0,24.0,26.0,28.0,1386.0,2616,Hendrix College, ,1600 Washington Ave,Conway,AR,72032-3080,https://www.hendrix.edu/,https://www.hendrix.edu/admission,https://www.hendrix.edu/financialaid,https://www.hendrix.edu/apply,0.5298165137614679
107141,590.0,635.0,675.0,540.0,595.0,670.0,21.0,25.0,30.0,21.0,25.0,31.0,20.0,24.0,27.0,1045.0,1545,John Brown University, ,2000 W University St,Siloam Springs,AR,72761,https://www.jbu.edu/,https://www.jbu.edu/admissions/,https://www.jbu.edu/financial-aid,https://www.jbu.edu/apply/,0.6763754045307443
107512,530.0,590.0,660.0,530.0,580.0,630.0,21.0,25.0,28.0,21.0,25.0,30.0,19.0,23.0,26.0,1465.0,2138,Ouachita Baptist University,OBU,410 Ouachita St,Arkadelphia,AR,71998-0001,obu.edu/,obu.edu/admissions,obu.edu/finaid,obu.edu/apply,0.6852198316183349
107558,510.0,550.0,580.0,508.0,530.0,583.0,18.0,21.0,23.0,17.0,21.0,23.0,17.0,18.0,21.0,1114.0,1916,University of the Ozarks,Ozarks,415 N College Ave,Clarksville,AR,72830,https://ozarks.edu/,https://ozarks.edu/admissions-aid,https://ozarks.edu/admissions-aid/costs-and-aid,https://ozarks.edu/admissions-aid/how-to-apply,0.581419624217119
107877,460.0,485.0,540.0,460.0,485.0,518.0,16.0,19.0,22.0,15.0,19.0,23.0,15.0,17.0,21.0,597.0,1014,Williams Baptist University, ,60 W Fulbright Avenue,Walnut Ridge,AR,72476,https://williamsbaptistuniversity.com/,https://williamsbu.edu/admission-requirements-staff/,https://williamsbu.edu/costs/,https://williamsbu.edu/apply/,0.5887573964497042
107983,460.0,530.0,590.0,460.0,520.0,590.0,17.0,20.0,23.0,16.0,20.0,24.0,16.0,18.0,22.0,1955.0,2936,Southern Arkansas University Main Campus, ,100 E. University,Magnolia,AR,71753,https://www.saumag.edu/,https://web.saumag.edu/admissions/,https://web.saumag.edu/finaid/,https://web.saumag.edu/admissions/apply/,0.6658719346049047
109785,512.0,590.0,657.0,482.0,555.0,657.0,18.0,24.0,26.0,20.0,23.0,28.0,16.0,23.0,25.0,3060.0,3850,Azusa Pacific University, ,901 E Alosta,Azusa,CA,91702-7000,www.apu.edu/,www.apu.edu/admissions/,www.apu.edu/sfs/,https://www.apu.edu/undergraduate-admissions/apply/,0.7948051948051948
110097,580.0,640.0,690.0,550.0,600.0,670.0,24.0,28.0,30.0,24.0,27.0,33.0,22.0,26.0,27.0,2405.0,4003,Biola University, ,13800 Biola Ave,La Mirada,CA,90639-0001,https://www.biola.edu/,https://www.biola.edu/admissions/undergrad,https://www.biola.edu/financial-aid/scholarships-and-aid/undergrad,https://www.biola.edu/admissions/undergrad#apply-now,0.6007994004496627
110413,577.0,620.0,660.0,557.0,600.0,660.0,23.0,26.0,29.0,22.0,26.0,29.0,21.0,24.0,26.0,4702.0,5290,California Lutheran University, ,60 W Olsen Rd,Thousand Oaks,CA,91360-2787,www.callutheran.edu/,www.callutheran.edu/admission/,www.callutheran.edu/financial-aid/,www.callutheran.edu/admission/apply.html,0.8888468809073724
111948,630.0,670.0,710.0,620.0,670.0,720.0,28.0,30.0,32.0,29.0,32.0,34.0,25.0,27.0,31.0,8849.0,15914,Chapman University, ,One University Dr.,Orange,CA,92866,https://www.chapman.edu/,https://www.chapman.edu/admission/index.aspx,https://www.chapman.edu/students/tuition-and-aid/financial-aid/index.aspx,https://www.commonapp.org/explore/chapman-university,0.5560512756063843
112260,710.0,740.0,770.0,740.0,770.0,790.0,33.0,34.0,35.0,34.0,35.0,35.0,30.0,32.0,34.0,645.0,5799,Claremont McKenna College, ,500 E 9th St,Claremont,CA,91711-6400,www.cmc.edu/,www.cmc.edu/admission,www.cmc.edu/financial-aid,www.cmc.edu/admission/apply,0.11122607346094154
113698,525.0,605.0,673.0,545.0,590.0,618.0,22.0,24.0,30.0,20.0,22.0,29.0,23.0,28.0,28.0,1923.0,2011,Dominican University of California,DUofC,50 Acacia Ave,San Rafael,CA,94901-2298,https://www.dominican.edu/,https://www.dominican.edu/admissions,https://www.dominican.edu/admissions/tuition-and-financial-aid/apply-aid,https://www.dominican.edu/admissions/apply-now,0.9562406762804575
115409,720.0,750.0,770.0,760.0,780.0,790.0,34.0,35.0,36.0,34.0,35.0,36.0,33.0,35.0,36.0,626.0,4792,Harvey Mudd College,"Mudd, HMC",301 Platt Blvd.,Claremont,CA,91711,https://www.hmc.edu/,https://www.hmc.edu/admission.html,https://www.hmc.edu/admission.html,https://www.hmc.edu/admission/apply/,0.13063439065108515
117140,510.0,560.0,650.0,460.0,555.0,653.0,18.0,22.0,25.0,13.0,21.0,25.0,18.0,21.0,26.0,5242.0,10813,University of La Verne,La Verne,1950 Third St,La Verne,CA,91750-4401,https://www.laverne.edu/,https://laverne.edu/admission/,https://laverne.edu/financial-aid/,https://laverne.edu/apply/,0.48478683066678996
118888,670.0,710.0,740.0,720.0,760.0,780.0,31.0,33.0,33.0,30.0,34.0,35.0,27.0,29.0,33.0,2841.0,17177,Northeastern University Oakland, ,5000 MacArthur Blvd,Oakland,CA,94613,https://oakland.northeastern.edu/,https://www.northeastern.edu/admissions/,https://studentfinance.northeastern.edu/,https://www.commonapp.org/,0.16539558712231472
120254,690.0,730.0,750.0,670.0,720.0,750.0,31.0,33.0,34.0,32.0,35.0,35.0,28.0,31.0,33.0,2622.0,6573,Occidental College,Oxy,1600 Campus Rd,Los Angeles,CA,90041-3392,https://www.oxy.edu/,https://www.oxy.edu/admission-aid,https://www.oxy.edu/admission-aid/financial-aid,https://www.oxy.edu/admission-aid/apply,0.3989046097672296
120865,490.0,575.0,605.0,440.0,505.0,585.0,20.0,23.0,24.0,16.0,22.0,24.0,15.0,20.0,25.0,562.0,1323,Pacific Union College,PUC,One Angwin Ave,Angwin,CA,94508-9707,https://www.puc.edu/,https://www.puc.edu/admissions-aid,https://www.puc.edu/v/campus-services/student-finance,https://www.puc.edu/admissions-aid,0.42479213907785335
120883,580.0,650.0,690.0,580.0,650.0,730.0,23.0,28.0,31.0,22.0,28.0,32.0,23.0,26.0,31.0,5467.0,5763,University of the Pacific,Pacific | UOP | University of Pacific | Pacific University | U. Pacific | Univ. of Pacific | U. of Pacific,3601 Pacific Ave,Stockton,CA,95211-0197,www.pacific.edu/,www.pacific.edu/Admission,www.pacific.edu/financial-aid/contact,www.pacific.edu/admission/undergraduate,0.9486378622245358
121150,630.0,670.0,710.0,620.0,690.0,740.0,26.0,30.0,32.0,26.0,30.0,34.0,26.0,27.0,30.0,6210.0,12457,Pepperdine University, ,24255 Pacific Coast Hwy,Malibu,CA,90263,www.pepperdine.edu/,www.pepperdine.edu/admission,www.pepperdine.edu/admission/financialaid,https://seaver.pepperdine.edu/admission/application/undergraduate,0.4985148912258168
121309,590.0,640.0,710.0,550.0,630.0,700.0,22.0,27.0,30.0,23.0,26.0,32.0,19.0,24.0,27.0,2506.0,3065,Point Loma Nazarene University,PLNU,3900 Lomaland Dr,San Diego,CA,92106-2899,www.pointloma.edu/,www.pointloma.edu/admissions,www.pointloma.edu/financialaid,www.pointloma.edu/UndergradAdmissions/ApplyNow.htm,0.8176182707993475
121345,730.0,750.0,770.0,750.0,770.0,790.0,33.0,34.0,35.0,35.0,35.0,36.0,30.0,32.0,35.0,819.0,12121,Pomona College, ,550 N College Ave,Claremont,CA,91711-4434,www.pomona.edu/,www.pomona.edu/admissions,www.pomona.edu/financial-aid,https://www.pomona.edu/admissions/apply,0.0675686824519429
121691,548.0,615.0,670.0,530.0,590.0,653.0,25.0,28.0,30.0,23.0,25.0,31.0,24.0,27.0,29.0,2931.0,3622,University of Redlands, ,1200 E. Colton Ave,Redlands,CA,92373-0999,www.redlands.edu/,www.redlands.edu/admissions-and-aid/undergraduate,www.redlands.edu/sfs,www.redlands.edu/admissions-and-aid/undergraduate/apply,0.8092214246272778
122612,610.0,650.0,690.0,600.0,650.0,700.0,26.0,29.0,31.0,25.0,30.0,33.0,24.0,26.0,28.0,13052.0,25709,University of San Francisco, ,2130 Fulton St,San Francisco,CA,94117-1080,https://www.usfca.edu/,https://www.usfca.edu/admission,https://www.usfca.edu/admission/financial-aid,https://www.usfca.edu/admission/undergraduate/apply,0.5076821346610136
123165,720.0,740.0,760.0,700.0,740.0,770.0,32.0,33.0,34.0,34.0,35.0,35.0,28.0,30.0,33.0,1046.0,3082,Scripps College, ,1030 North Columbia Avenue,Claremont,CA,91711-3905,www.scrippscollege.edu/,www.scrippscollege.edu/admission/,www.scrippscollege.edu/finaid/,https://www.commonapp.org/school/scripps-college,0.3393900064892927
123961,700.0,730.0,760.0,740.0,780.0,790.0,32.0,33.0,35.0,34.0,35.0,35.0,30.0,33.0,35.0,8094.0,80808,University of Southern California,USC,University Park,Los Angeles,CA,90089,www.usc.edu/,https://admission.usc.edu/,financialaid.usc.edu/,https://www.commonapp.org/,0.10016335016335016
124292,590.0,640.0,690.0,570.0,610.0,640.0,25.0,29.0,33.0,25.0,30.0,33.0,26.0,27.0,31.0,207.0,263,Thomas Aquinas College, ,10000 Ojai Road,Santa Paula,CA,93060,https://thomasaquinas.edu/,https://thomasaquinas.edu/admissions,https://thomasaquinas.edu/financialaid,https://thomasaquinas.edu/admissions/apply,0.7870722433460076
125727,622.0,680.0,720.0,590.0,655.0,698.0,30.0,32.0,34.0,29.0,34.0,35.0,26.0,28.0,32.0,1792.0,2244,Westmont College, ,955 La Paz Rd,Santa Barbara,CA,93108-1089,www.westmont.edu/,www.westmont.edu/admissions/,www.westmont.edu/student-financial-services,www.westmont.edu/a/apply.html,0.7985739750445633
126562,500.0,560.0,620.0,480.0,540.0,600.0,21.0,25.0,27.0,21.0,24.0,28.0,19.0,23.0,26.0,11336.0,14569,University of Colorado Denver/Anschutz Medical Campus,University of Colorado Denver  University of Colorado Anschutz Medical Campus    UCD,"1380 Lawrence Street, Lawrence Street Center, Suite 1400",Denver,CO,80217-3364,www.ucdenver.edu/,www.ucdenver.edu/admissions,www.ucdenver.edu/student-finances/financial-aid,www.ucdenver.edu/admissions/-apply-now,0.7780904660580685
126580,520.0,580.0,630.0,500.0,550.0,610.0,21.0,24.0,28.0,20.0,23.0,28.0,18.0,24.0,27.0,12653.0,13103,University of Colorado Colorado Springs,UCCS,1420 Austin Bluffs Parkway,Colorado Springs,CO,80918,https://www.uccs.edu/,https://www.uccs.edu/admissionsenrollment/apply-uccs-today,https://finaid.uccs.edu/,https://www.uccs.edu/admissionsenrollment/apply-uccs-today,0.9656567198351522
126614,620.0,670.0,700.0,610.0,660.0,720.0,28.0,31.0,33.0,27.0,30.0,34.0,25.0,28.0,31.0,46692.0,56069,University of Colorado Boulder,U of Colorado|Univ of Colorado|University of Colorado|U of CO|Univ of CO|University of CO|Boulder|CU|CU-Boulder|UCB|CUB|Colorado|Colorado University|U of Colo|Univ of Colo|University of Colo|Colo|Buffs|Buffalos|Buffaloes|CU at Boulder|Golden Buffs|University of Colorado at Boulder,Regent Drive at Broadway,Boulder,CO,80309-0017,www.colorado.edu/,www.colorado.edu/admissions,www.colorado.edu/financialaid,www.colorado.edu/admissions/undergraduate/apply,0.8327596354491786
126678,690.0,730.0,760.0,675.0,720.0,760.0,31.0,32.0,34.0,32.0,34.0,35.0,28.0,30.0,32.0,1509.0,7532,Colorado College, ,14. E Cache La Poudre St.,Colorado Springs,CO,80903,www.coloradocollege.edu/,www.coloradocollege.edu/admission/,www.coloradocollege.edu/admission/financialaid/,www.coloradocollege.edu/admission/for-students/start-my-app/index.html,0.20034519383961763
126775,650.0,690.0,720.0,670.0,710.0,750.0,29.0,31.0,33.0,28.0,32.0,33.0,28.0,31.0,34.0,5864.0,9821,Colorado School of Mines,Mines,1500 Illinois St,Golden,CO,80401,www.mines.edu/,www.mines.edu/undergraduate-admissions/,finaid.mines.edu/,www.mines.edu/undergraduate-admissions/apply/,0.597087872925364
127060,630.0,670.0,710.0,610.0,650.0,700.0,29.0,30.0,32.0,28.0,31.0,34.0,26.0,28.0,30.0,13679.0,19214,University of Denver,"DU, Colorado Seminary",2199 S. University Blvd,Denver,CO,80208,www.du.edu/,www.du.edu/admission-aid/undergraduate/,www.du.edu/financialaid/,https://apply.commonapp.org/,0.7119288019152701
127185,500.0,560.0,630.0,480.0,540.0,590.0,16.0,20.0,24.0,15.0,19.0,23.0,16.0,18.0,23.0,3964.0,4253,Fort Lewis College,FLC,1000 Rim Drive,Durango,CO,81301-3999,fortlewis.edu/,www.fortlewis.edu/admission/,www.fortlewis.edu/financialaid/,https://www.fortlewis.edu/admission/first-year-students/first-year-students-home,0.9320479661415472
127556,470.0,540.0,600.0,460.0,520.0,580.0,19.0,22.0,26.0,18.0,21.0,25.0,17.0,21.0,25.0,8653.0,10631,Colorado Mesa University,Colorado Mesa,1100 North Avenue,Grand Junction,CO,81501-3122,www.coloradomesa.edu/,https://www.coloradomesa.edu/future.html,www.coloradomesa.edu/financial-aid/index.html,https://www.coloradomesa.edu/admissions/apply.html,0.8139403630890791
127565,450.0,510.0,570.0,430.0,500.0,540.0,17.0,20.0,23.0,16.0,21.0,24.0,16.0,19.0,24.0,12296.0,12403,Metropolitan State University of Denver,MSU Denver,Speer Blvd and Colfax Ave,Denver,CO,80217-3362,www.msudenver.edu/,www.msudenver.edu/admissions/,www.msudenver.edu/financial-aid/,www.msudenver.edu/apply/,0.9913730549060711
127741,490.0,540.0,600.0,480.0,530.0,580.0,17.0,22.0,26.0,16.0,21.0,25.0,17.0,19.0,24.0,8880.0,10274,University of Northern Colorado, ,Carter Hall - Rm 4000,Greeley,CO,80639,https://www.unco.edu/,https://www.unco.edu/admissions/,https://www.unco.edu/financial-aid/,https://www.unco.edu/apply/,0.8643176951528129
128106,450.0,500.0,560.0,420.0,490.0,540.0,19.0,22.0,25.0,18.0,21.0,24.0,18.0,21.0,25.0,1831.0,1834,Colorado State University Pueblo,CSU Pueblo,2200 Bonforte Blvd,Pueblo,CO,81001-4901,https://www.csupueblo.edu/,https://www.csupueblo.edu/admissions/index.html,https://www.csupueblo.edu/student-financial-services/index.html,https://www.csupueblo.edu/admissions/apply-now.html,0.9983642311886587
128328,620.0,670.0,710.0,630.0,680.0,740.0,26.0,30.0,33.0,25.0,30.0,34.0,25.0,28.0,31.0,1329.0,9543,United States Air Force Academy, ,"2304 Cadet Drive, Suite 3800",USAF Academy,CO,80840-5002,www.usafa.edu/,academyadmissions.com/, ,https://admissions.usafa.edu/,0.1392643822697265
128391,500.0,560.0,630.0,500.0,540.0,610.0,21.0,25.0,28.0,20.0,23.0,26.0,19.0,24.0,27.0,3200.0,3283,Western Colorado University,Western,1 Western Way,Gunnison,CO,81231,www.western.edu/,www.western.edu/admissions-aid,western.edu/admissions-aid/financial-aid/,western.edu/admissions-aid/apply/,0.9747182455071581
128771,480.0,550.0,600.0,480.0,540.0,580.0,19.0,23.0,29.0,17.0,20.0,28.0,17.0,22.0,27.0,6255.0,8282,Central Connecticut State University,CCSU,1615 Stanley St,New Britain,CT,06050,www.ccsu.edu/,www.ccsu.edu/admissions,www.ccsu.edu/financialaid,www.ccsu.edu/apply,0.7552523545037431
128902,680.0,710.0,740.0,660.0,690.0,730.0,31.0,32.0,33.0,32.0,34.0,35.0,28.0,29.0,31.0,3597.0,9397,Connecticut College, ,270 Mohegan Avenue,New London,CT,06320-4196,www.conncoll.edu/,www.conncoll.edu/admission/,www.conncoll.edu/financial-aid/,www.conncoll.edu/admission/apply/,0.38278173885282535
129020,610.0,660.0,700.0,600.0,670.0,720.0,29.0,31.0,33.0,28.0,33.0,35.0,26.0,29.0,32.0,25164.0,46645,University of Connecticut, ,352 Mansfield Road,Storrs,CT,06269,uconn.edu/,admissions.uconn.edu/,financialaid.uconn.edu/,https://admissions.uconn.edu/apply,0.5394790438417837
130226,560.0,610.0,650.0,540.0,590.0,650.0,25.0,28.0,29.0,23.0,27.0,31.0,24.0,27.0,28.0,16418.0,21323,Quinnipiac University, ,275 Mt Carmel Ave,Hamden,CT,06518,www.qu.edu/,www.qu.edu/admissions,https://www.qu.edu/paying-for-college/,www.qu.edu/apply,0.7699667026215823
130590,660.0,690.0,730.0,650.0,700.0,730.0,30.0,31.0,33.0,29.0,32.0,35.0,27.0,28.0,30.0,2144.0,6396,Trinity College,"Trinity College, Hartford, Connecticut",300 Summit St,Hartford,CT,06106-3100,https://www.trincoll.edu/,https://www.trincoll.edu/Admissions/,https://www.trincoll.edu/Admissions/finaid,https://www.trincoll.edu/admissions/undergraduate-admissions/application-process/,0.33520950594121324
130624,610.0,650.0,690.0,600.0,640.0,690.0,25.0,27.0,30.0,26.0,27.0,33.0,24.0,26.0,28.0,435.0,1789,United States Coast Guard Academy, ,15 Mohegan Avenue,New London,CT,06320-4195,https://www.uscga.edu/,https://www.uscga.edu/admissions/, ,https://www.uscga.edu/admissions/apply/,0.24315259921743992
130697,720.0,750.0,770.0,730.0,760.0,770.0,33.0,34.0,35.0,35.0,35.0,35.0,30.0,32.0,34.0,2479.0,14500,Wesleyan University, ,45 Wyllys Avenue,Middletown,CT,06459,https://www.wesleyan.edu/,https://www.wesleyan.edu/admission,https://www.wesleyan.edu/finaid,https://www.wesleyan.edu/admission/apply/application-process.html,0.17096551724137932
130776,440.0,510.0,600.0,400.0,500.0,550.0,20.0,23.0,27.0,21.0,23.0,31.0,17.0,22.0,26.0,4440.0,5457,Western Connecticut State University,"Western, WCSU",181 White Street,Danbury,CT,06810-6826,https://www.wcsu.edu/,https://www.wcsu.edu/admissions/,https://www.wcsu.edu/finaid/,https://www.wcsu.edu/admissions/application/,0.8136338647608576
130794,740.0,760.0,780.0,760.0,780.0,800.0,33.0,34.0,35.0,34.0,35.0,36.0,31.0,34.0,35.0,2332.0,51803,Yale University, ,Woodbridge Hall,New Haven,CT,06520,https://www.yale.edu/,https://admissions.yale.edu/,https://finaid.yale.edu/,https://admissions.yale.edu/first-year-application-process,0.045016697874640466
130934,440.0,500.0,550.0,420.0,470.0,520.0,22.0,23.0,26.0,21.0,23.0,25.0,17.0,20.0,26.0,4651.0,7542,Delaware State University, ,1200 N. Dupont Highway,Dover,DE,19901,www.desu.edu/,www.desu.edu/admissions,www.desu.edu/financialaid,www.desu.edu/apply-now,0.6166799257491382
130943,610.0,650.0,680.0,590.0,640.0,680.0,27.0,29.0,31.0,27.0,30.0,33.0,25.0,27.0,29.0,24541.0,37690,University of Delaware,UD,104 Hullihen Hall,Newark,DE,19716,www.udel.edu/,www.udel.edu/apply/undergraduate-admissions/,www.udel.edu/students/student-financial-services/,https://www.commonapp.org/explore/university-delaware,0.6511276200583709
131159,670.0,710.0,740.0,630.0,670.0,710.0,29.0,31.0,33.0,30.0,33.0,35.0,25.0,27.0,30.0,8427.0,17786,American University, ,4400 Massachusetts Ave NW,Washington,DC,20016-8001,www.american.edu/,www.american.edu/admissions/,www.american.edu/financialaid/,www.american.edu/admissions/apply/index.cfm,0.4737996176768245
131450,370.0,405.0,463.0,380.0,415.0,470.0,14.0,15.0,18.0,11.0,12.0,15.0,14.0,15.0,17.0,259.0,425,Gallaudet University, ,"800 Florida Ave, NE",Washington,DC,20002-3695,www.gallaudet.edu/,www.gallaudet.edu/undergraduate-admissions,www.gallaudet.edu/financial-aid,https://www.gallaudet.edu/undergraduate-admissions/im-ready-to-apply,0.6094117647058823
131469,680.0,720.0,750.0,670.0,710.0,750.0,31.0,32.0,34.0,32.0,34.0,35.0,28.0,30.0,31.0,11798.0,27094,George Washington University,GWU|GW,"1918 F Street, NW",Washington,DC,20052,https://www.gwu.edu/,https://www.gwu.edu/admissions-aid,https://financialaid.gwu.edu/,https://undergraduate.admissions.gwu.edu/apply-gw,0.4354469624271056
131496,700.0,740.0,770.0,690.0,760.0,780.0,32.0,33.0,34.0,34.0,35.0,35.0,29.0,32.0,35.0,3334.0,25485,Georgetown University,Georgetown|GU,37th and O St NW,Washington,DC,20057-0001,www.georgetown.edu/,https://uadmissions.georgetown.edu/,finaid.georgetown.edu/,https://uapply.georgetown.edu/register/firstyearapplication,0.13082205218756132
131520,560.0,620.0,660.0,540.0,580.0,638.0,22.0,25.0,28.0,23.0,25.0,30.0,21.0,24.0,26.0,10587.0,30342,Howard University,HU,2400 Sixth St NW,Washington,DC,20059,www.howard.edu/,www2.howard.edu/admission,www2.howard.edu/student-financial-services,https://www2.howard.edu/admission/undergraduate/adm-process,0.3489222859402808
132408,500.0,550.0,650.0,430.0,490.0,550.0,17.0,20.0,23.0,15.0,20.0,24.0,15.0,17.0,20.0,100.0,156,Baptist University of Florida,BUF,5400 College Dr,Graceville,FL,32440,www.buf.edu/, , , ,0.6410256410256411
132602,430.0,475.0,520.0,400.0,440.0,480.0,15.0,16.0,18.0,13.0,15.0,17.0,15.0,15.0,16.0,6834.0,6844,Bethune-Cookman University,Bethune-Cookman  Bethune-Cookman College  Bethune  Cookman  BCC  B-CC  B-CU,640 Dr Mary McLeod Bethune Blvd,Daytona Beach,FL,32114-3099,https://www.cookman.edu/,https://www.cookman.edu/admissionsaid/index.html,https://www.cookman.edu/aid/index.html,https://wildcat.cookman.edu/ICS/Admissions/Admissions_Home_Page.jnz?portlet=Apply_Online_2.0&formid=1,0.9985388661601403
132657,520.0,580.0,620.0,510.0,540.0,580.0,22.0,24.0,27.0,21.0,25.0,29.0,19.0,23.0,25.0,6162.0,8333,Lynn University,Lynn University,3601 N. Military Trail,Boca Raton,FL,33431-5598,https://www.lynn.edu/,https://www.lynn.edu/admissions,https://www.lynn.edu/admission/tuition-aid,https://www.lynn.edu/admission/apply-to-lynn,0.7394695787831513
132903,610.0,644.0,680.0,580.0,628.0,670.0,25.0,27.0,29.0,24.0,27.0,30.0,23.0,25.0,27.0,23961.0,60627,University of Central Florida,UCF,4000 Central Florida Blvd,Orlando,FL,32816,www.ucf.edu/,ucf.edu/admissions/,finaid.ucf.edu/,https://ucf.edu/admissions/undergraduate/,0.39521995150675443
133492,600.0,650.0,678.0,550.0,610.0,658.0,24.0,26.0,29.0,23.0,25.0,30.0,21.0,25.0,27.0,3670.0,4664,Eckerd College, ,4200 54th Ave S,Saint Petersburg,FL,33711-4700,https://www.eckerd.edu/,https://www.eckerd.edu/admissions/,https://www.eckerd.edu/admissions/financial-aid/,https://www.eckerd.edu/admissions/first-year/,0.7868782161234992
133553,570.0,620.0,670.0,570.0,620.0,680.0,24.0,27.0,30.0,22.0,25.0,30.0,23.0,26.0,28.0,6818.0,10286,Embry-Riddle Aeronautical University-Daytona Beach,Embry Riddle Aeronautical University-Daytona Beach,1 Aerospace Blvd.,Daytona Beach,FL,32114-3900,daytonabeach.erau.edu/,daytonabeach.erau.edu/admissions,daytonabeach.erau.edu/financial-aid,daytonabeach.erau.edu/admissions/apply,0.6628426988139219
133650,530.0,560.0,590.0,500.0,530.0,560.0,20.0,22.0,24.0,19.0,21.0,24.0,18.0,20.0,23.0,4797.0,22713,Florida Agricultural and Mechanical University,FAMU|Florida A&M University|Florida A&M University |Rattlers|FAMU Rattlers,1500 S Martin Luther King Jr Blvd,Tallahassee,FL,32307,www.famu.edu/,admissions.famu.edu/,www.famu.edu/index.cfm?FinancialAid,www.famu.edu/index.cfm?admissions&ApplyOnline,0.21120063399815084
133669,530.0,570.0,620.0,510.0,540.0,590.0,20.0,23.0,26.0,20.0,22.0,25.0,18.0,21.0,24.0,20279.0,27612,Florida Atlantic University,FAU,"777 Glades Rd, Administration Bldg., Room 339",Boca Raton,FL,33431-0991,www.fau.edu/,www.fau.edu/admissions/,www.fau.edu/finaid/,www.fau.edu/apply/,0.7344270606982471
133711,520.0,560.0,620.0,470.0,530.0,580.0,19.0,22.0,24.0,18.0,22.0,25.0,17.0,19.0,23.0,4302.0,5509,Flagler College,Flagler,74 King Street,Saint Augustine,FL,32084,https://www.flagler.edu/,https://www.flagler.edu/admissions--aid/,https://www.flagler.edu/admissions--aid/financial-aid-process/,https://www.flagler.edu/admissions--aid/how-to-apply/,0.7809039753131239
133809,480.0,580.0,640.0,470.0,540.0,610.0,17.0,19.0,20.0,15.0,18.0,20.0,15.0,17.0,19.0,204.0,307,Florida College, ,119 N Glen Arven Ave,Temple Terrace,FL,33617,www.floridacollege.edu/,www.floridacollege.edu/admissions,www.floridacollege.edu/admissions/financial-aid/,www.floridacollege.edu/admissions/apply,0.6644951140065146
133881,570.0,610.0,660.0,560.0,600.0,660.0,23.0,25.0,28.0,21.0,24.0,27.0,22.0,25.0,28.0,9507.0,15205,Florida Institute of Technology,Florida Tech,150 West University Boulevard,Melbourne,FL,32901-6975,https://www.fit.edu/,https://www.fit.edu/admissions/,https://www.fit.edu/financialaid/,https://www.fit.edu/apply/,0.6252548503781651
133951,550.0,590.0,640.0,510.0,560.0,610.0,20.0,24.0,26.0,20.0,24.0,27.0,17.0,21.0,24.0,14729.0,25034,Florida International University,FIU,11200 S. W. 8 Street,Miami,FL,33199,www.fiu.edu/,onestop.fiu.edu/,onestop.fiu.edu/,onestop.fiu.edu/,0.5883598306303427
134079,590.0,630.0,660.0,580.0,610.0,650.0,25.0,27.0,30.0,24.0,27.0,30.0,23.0,25.0,28.0,6423.0,10874,Florida Southern College,Florida Southern|FSC,111 Lake Hollingsworth Dr,Lakeland,FL,33801-5698,www.flsouthern.edu/,www.flsouthern.edu/admissions,www.flsouthern.edu/undergraduate/financial-aid,www.flsouthern.edu/applynow,0.5906750045981239
134097,630.0,660.0,700.0,610.0,650.0,690.0,27.0,29.0,31.0,26.0,30.0,33.0,25.0,27.0,29.0,18793.0,74038,Florida State University,Florida State|F.S.U.|FSU|F. S. U.|Fla. State University|Fla. State|Fl State University|Fl State|FL State University|FL State|Seminoles|Noles|Florida State Seminoles|Florida State University Seminoles|Fl. State|Fl. State University|The Florida State University|Floridia State University|Florda State University|Florida State Univerisity|Flordia State University|Florida State Unversity|,222 S. Copeland Street,Tallahassee,FL,32306-1037,https://www.fsu.edu/,https://admissions.fsu.edu/,https://financialaid.fsu.edu/,https://admissions.fsu.edu/undergradapp/,0.2538291147788973
134130,650.0,690.0,730.0,650.0,700.0,750.0,28.0,31.0,33.0,27.0,32.0,34.0,26.0,28.0,31.0,15707.0,65375,University of Florida, ,Tigert Hall,Gainesville,FL,32611,https://www.ufl.edu/,https://www.admissions.ufl.edu/,https://www.sfa.ufl.edu/,https://admissions.ufl.edu/apply/freshman,0.2402600382409178
134945,570.0,610.0,640.0,540.0,580.0,620.0,24.0,26.0,28.0,23.0,24.0,27.0,21.0,24.0,26.0,5087.0,8879,Jacksonville University,JU,2800 University Blvd N,Jacksonville,FL,32211-3394,https://www.ju.edu/index.php,https://www.ju.edu/admissions/index.php,https://www.ju.edu/financialservices/index.php,https://www.ju.edu/admissions/index.php,0.5729248789278072
135726,660.0,690.0,720.0,670.0,710.0,750.0,30.0,32.0,33.0,31.0,33.0,35.0,27.0,29.0,32.0,8940.0,48286,University of Miami, ,University of Miami,Coral Gables,FL,33146,www.miami.edu/,https://welcome.miami.edu/admissions/index.html,admissions.miami.edu/undergraduate/financial-aid/index.html,miami.edu/admission/index.php/undergraduate_admission/apply/,0.18514683345068964
136172,510.0,570.0,620.0,480.0,530.0,590.0,20.0,23.0,26.0,19.0,22.0,25.0,17.0,20.0,24.0,13430.0,21568,University of North Florida,UNF,1 UNF Drive,Jacksonville,FL,32224-7699,https://www.unf.edu/,https://www.unf.edu/admissions/,https://www.unf.edu/financialaid/,https://www.unf.edu/apply/,0.6226817507418397
136215,540.0,600.0,660.0,510.0,580.0,650.0,21.0,24.0,28.0,20.0,24.0,29.0,18.0,23.0,27.0,12805.0,17621,Nova Southeastern University, ,3300 S. University Drive,Fort Lauderdale,FL,33328-2004,www.nova.edu/,www.undergrad.nova.edu/admissions,www.nova.edu/financialaid/,www.undergrad.nova.edu/admissions,0.7266897451903979
136330,500.0,560.0,620.0,470.0,530.0,590.0,19.0,22.0,26.0,19.0,23.0,27.0,17.0,20.0,25.0,6763.0,7657,Palm Beach Atlantic University,Palm Beach Atlantic  PBA,901 S. Flagler Drive,West Palm Beach,FL,33401,www.pba.edu/,www.pba.edu/admissions/,www.pba.edu/financial-aid/index.html,www.pba.edu/admissions/how-to-apply/index.html,0.8832440903748204
136950,620.0,660.0,690.0,590.0,630.0,670.0,26.0,28.0,31.0,26.0,29.0,32.0,23.0,26.0,28.0,3973.0,9796,Rollins College,Rollins,1000 Holt Avenue,Winter Park,FL,32789-4499,www.rollins.edu/,www.rollins.edu/admission,www.rollins.edu/finaid,www.rollins.edu/admission-aid/apply-now/,0.4055737035524704
137351,580.0,620.0,670.0,560.0,610.0,660.0,24.0,26.0,29.0,23.0,25.0,29.0,21.0,24.0,27.0,26699.0,65187,University of South Florida,University of South Florida USF,4202 East Fowler Ave,Tampa,FL,33620-9951,www.usf.edu/,usf.edu/admission/apply.aspx,www.usf.edu/financial-aid/,https://admissions.usf.edu/application,0.4095755288631169
137546,560.0,610.0,660.0,530.0,580.0,630.0,23.0,26.0,29.0,21.0,26.0,29.0,20.0,24.0,27.0,6762.0,7824,Stetson University, ,421 N Woodland Blvd,DeLand,FL,32723,https://www.stetson.edu/,https://www.stetson.edu/administration/admissions/,https://www.stetson.edu/administration/financial-aid/,https://www.stetson.edu/administration/admissions/apply/,0.8642638036809815
137953,450.0,480.0,535.0,430.0,480.0,520.0,17.0,20.0,23.0,15.0,18.0,24.0,16.0,17.0,21.0,120.0,192,Trinity Baptist College, ,800 Hammond Blvd,Jacksonville,FL,32221,www.tbc.edu/, , , ,0.625
137962,430.0,440.0,500.0,380.0,440.0,480.0,15.0,17.0,22.0,15.0,18.0,22.0,14.0,16.0,19.0,78.0,81,Trinity College of Florida, ,2430 Welbilt Boulevard,Trinity,FL,34655-4401,trinitycollege.edu/,trinitycollege.edu/admissions/,trinitycollege.edu/financial-aid/,trinitycollege.edu/apply-now/,0.9629629629629629
138275,440.0,480.0,550.0,400.0,450.0,520.0,14.0,17.0,20.0,14.0,16.0,19.0,15.0,16.0,18.0,778.0,1628,Warner University, ,13895 Hwy 27,Lake Wales,FL,33859-8797,www.warner.edu/academics/undergraduate_programs/admissions/criteria-for-admission/,www.warner.edu/apply/,www.warner.edu/student-dashboard/registrar/financial-aid/,www.warner.edu/apply/,0.47788697788697787
138354,520.0,580.0,630.0,500.0,540.0,600.0,20.0,23.0,27.0,20.0,23.0,26.0,18.0,22.0,25.0,5591.0,9831,University of West Florida,University of West Florida,11000 University Parkway,Pensacola,FL,32514-5750,uwf.edu/,uwf.edu/admissions/,uwf.edu/offices/financial-aid/,uwf.edu/admissions/,0.5687112196114332
138558,470.0,510.0,570.0,430.0,490.0,540.0,16.0,18.0,21.0,14.0,17.0,20.0,16.0,17.0,20.0,2020.0,2618,Abraham Baldwin Agricultural College,ABAC,2802 Moore Hwy,Tifton,GA,31793-2601,https://www.abac.edu/,https://www.abac.edu/admissions/,https://www.abac.edu/funding/financial-aid/,https://gafutures.xap.com/applications/usg/usg_common_app_short/introduction.asp?application_id=3374,0.771581359816654
138868,490.0,570.0,650.0,482.0,520.0,587.0,15.0,19.0,23.0,14.0,20.0,22.0,15.0,18.0,23.0,2194.0,3250,Point University,Point U,507 West 10th Street,West Point,GA,31833,point.edu/,point.edu/admissions/,point.edu/financialaid/,point.edu/apply,0.6750769230769231
139144,570.0,620.0,658.0,530.0,570.0,620.0,23.0,26.0,29.0,23.0,26.0,29.0,21.0,25.0,27.0,4000.0,6467,Berry College, ,2277 Martha Berry Hwy NW,Mount Berry,GA,30149,https://www.berry.edu/,https://www.berry.edu/admission,https://www.berry.edu/admission/scholarships-and-aid/,https://www.berry.edu/admission/how-to-apply/,0.6185248183083346
139199,510.0,550.0,590.0,480.0,520.0,580.0,17.0,22.0,23.0,16.0,22.0,24.0,16.0,20.0,23.0,2401.0,2761,Brenau University, ,500 Washington Street SE,Gainesville,GA,30501-3668,www.brenau.edu/,www.brenau.edu/admissions/,https://www.brenau.edu/admissions/financialaid/,https://www.brenau.edu/apply/,0.8696124592538935
139250,470.0,530.0,602.0,430.0,485.0,563.0,14.0,18.0,22.0,13.0,17.0,22.0,15.0,17.0,20.0,2510.0,2548,College of Coastal Georgia,CCGA,One College Drive,Brunswick,GA,31520-3644,https://www.ccga.edu/,https://www.ccga.edu/admissions,https://www.ccga.edu/admissions/financialaid,https://www.ccga.edu/apply,0.9850863422291993
139311,450.0,500.0,550.0,418.0,470.0,520.0,16.0,18.0,20.0,14.0,17.0,20.0,15.0,16.0,18.0,1258.0,1782,Clayton  State University, ,2000 Clayton State Boulevard,Morrow,GA,30260-0285,www.clayton.edu/,https://www.clayton.edu/admissions/,www.clayton.edu/financial-aid,https://gafutures.xap.com/applications/usg/usg_common_app_short/introduction.asp?application_id=3387,0.7059483726150393
139366,460.0,500.0,570.0,400.0,450.0,530.0,17.0,20.0,24.0,16.0,18.0,22.0,15.0,19.0,23.0,3523.0,3550,Columbus State University,"CSU, Columbus State",4225 University Ave,Columbus,GA,31907-5645,www.columbusstate.edu/,columbusstate.edu/admissions/,columbusstate.edu/financial-aid/,columbusstate.edu/admissions/undergraduate/,0.9923943661971831
139393,590.0,640.0,710.0,540.0,620.0,680.0,23.0,26.0,30.0,23.0,27.0,33.0,22.0,25.0,28.0,614.0,751,Covenant College, ,14049 Scenic Highway,Lookout Mountain,GA,30750-4164,www.covenant.edu/,www.covenant.edu/admissions,www.covenant.edu/admissions/costs,www.covenant.edu/admissions/apply,0.8175765645805593
139719,400.0,410.0,480.0,395.0,410.0,440.0,16.0,17.0,19.0,15.0,17.0,19.0,16.0,16.0,18.0,3190.0,5080,Fort Valley State University, ,1005 State University Dr,Fort Valley,GA,31030-4313,www.fvsu.edu/,www.fvsu.edu/admissions,www.fvsu.edu/financialaid,www.fvsu.edu/admissions,0.6279527559055118
139755,650.0,700.0,740.0,680.0,750.0,790.0,28.0,32.0,34.0,28.0,33.0,35.0,27.0,31.0,35.0,8622.0,52377,Georgia Institute of Technology-Main Campus,Georgia Tech,225 North Ave,Atlanta,GA,30332-0530,www.gatech.edu/,www.admission.gatech.edu/,www.finaid.gatech.edu/,www.admission.gatech.edu/apply/,0.1646142390744029
139764,470.0,520.0,590.0,430.0,490.0,540.0,16.0,18.0,21.0,13.0,16.0,21.0,15.0,17.0,20.0,1578.0,2045,Georgia Southwestern State University,"GSW, Georgia Southwestern",800 Georgia Southwestern State University Dr.,Americus,GA,31709-4693,https://gsw.edu/,https://gsw.edu/admissions,https://gsw.edu/financial-aid,https://gsw.edu/admissions/apply,0.7716381418092909
139861,540.0,590.0,640.0,520.0,560.0,600.0,21.0,23.0,26.0,20.0,23.0,27.0,19.0,23.0,26.0,5454.0,6214,Georgia College & State University,Georgia College,231 W Hancock Street,Milledgeville,GA,31061,www.gcsu.edu/,www.gcsu.edu/admissions/,www.gcsu.edu/financialaid,www.gcsu.edu/admissions/apply,0.877695526231091
139931,500.0,540.0,590.0,480.0,520.0,570.0,18.0,20.0,23.0,16.0,20.0,23.0,17.0,18.0,23.0,12916.0,14410,Georgia Southern University, ,1332 Southern Drive,Statesboro,GA,30460-8126,www.georgiasouthern.edu/,admissions.georgiasouthern.edu/,em.georgiasouthern.edu/finaid/,admissions.georgiasouthern.edu/apply/,0.896321998612075
139940,530.0,590.0,640.0,510.0,570.0,640.0,19.0,22.0,26.0,18.0,22.0,26.0,17.0,21.0,26.0,18826.0,30230,Georgia State University, ,33 Gilmer St,Atlanta,GA,30303-3083,www.gsu.edu/,admissions.gsu.edu/,sfs.gsu.edu/,admissions.gsu.edu/bachelors-degree/apply/,0.6227588488256699
139959,590.0,640.0,690.0,570.0,630.0,700.0,25.0,29.0,32.0,31.0,33.0,35.0,27.0,30.0,32.0,16151.0,43419,University of Georgia, ,Administration Building,Athens,GA,30602,www.uga.edu/,https://www.admissions.uga.edu/,https://osfa.uga.edu/,https://apply.uga.edu/apply/,0.3719800087519289
140252,440.0,500.0,570.0,460.0,510.0,550.0,15.0,17.0,19.0,14.0,16.0,19.0,15.0,16.0,19.0,379.0,404,Life University, ,1269 Barclay Circle,Marietta,GA,30060,www.life.edu/,www.life.edu/enrollment/enrollment-home,www.life.edu/admissions-pages/financial-aid/,https://apply.life.edu/Datatel.ERecruiting.Web.External/Pages/welcome.aspx,0.9381188118811881
140447,600.0,640.0,680.0,580.0,620.0,670.0,25.0,28.0,31.0,24.0,28.0,32.0,23.0,26.0,29.0,7349.0,11058,Mercer University, ,1501 Mercer University Drive,Macon,GA,31207,https://www.mercer.edu/,https://www.mercer.edu/admissions/,https://financialaid.mercer.edu/,https://undergrad.mercer.edu/apply-now/,0.664586724543317
140696,573.0,610.0,670.0,533.0,585.0,650.0,23.0,27.0,30.0,21.0,27.0,31.0,20.0,25.0,27.0,1714.0,2854,Oglethorpe University,Oglethorpe,"4484 Peachtree Road, NE",Atlanta,GA,30319-2797,oglethorpe.edu/,oglethorpe.edu/admission/undergraduate-admission/,hub.oglethorpe.edu/financial-aid/,https://apply.oglethorpe.edu/apply/,0.6005606166783461
140818,510.0,560.0,600.0,480.0,525.0,570.0,18.0,20.0,24.0,16.0,20.0,24.0,17.0,21.0,24.0,1918.0,2066,Piedmont University, ,1021 Central Ave,Demorest,GA,30535-0010,https://www.piedmont.edu/,https://www.piedmont.edu/future-students,https://www.piedmont.edu/admission-aid,https://www.piedmont.edu/admission-aid/apply,0.9283639883833494
140951,550.0,610.0,670.0,500.0,560.0,610.0,21.0,24.0,28.0,21.0,25.0,30.0,18.0,22.0,26.0,12495.0,14931,Savannah College of Art and Design,SCAD,342 Bull St,Savannah,GA,31402-3146,www.scad.edu/,www.scad.edu/admission,www.scad.edu/admission/financial-aid-and-scholarships,www.scad.edu/admission/apply,0.8368495077355836
140988,450.0,520.0,580.0,450.0,520.0,550.0,17.0,22.0,23.0,15.0,20.0,22.0,16.0,20.0,23.0,759.0,783,Shorter University,Shorter,315 Shorter Ave,Rome,GA,30165,https://www.shorter.edu/,https://www.shorter.edu/contact-admissions/,https://www.shorter.edu/contact-financial-aid/,https://www.shorter.edu/online/admissions/how-to-apply/,0.9693486590038314
141060,550.0,610.0,660.0,510.0,570.0,610.0,21.0,24.0,27.0,21.0,25.0,29.0,18.0,21.0,25.0,3617.0,10610,Spelman College, ,350 Spelman Lane SW,Atlanta,GA,30314-4399,www.spelman.edu/,www.spelman.edu/admissions,www.spelman.edu/admissions/financial-aid,www.spelman.edu/admissions/applying-to-spelman,0.3409048067860509
141167,490.0,510.0,540.0,480.0,520.0,570.0,18.0,20.0,23.0,15.0,18.0,20.0,17.0,20.0,22.0,227.0,526,Thomas University,TU,1501 Millpond Rd,Thomasville,GA,31792,www.thomasu.edu/,www.thomasu.edu/,www.thomasu.edu/,www.thomasu.edu/,0.43155893536121676
141185,540.0,600.0,650.0,520.0,540.0,600.0,21.0,24.0,25.0,21.0,23.0,27.0,18.0,21.0,26.0,559.0,876,Toccoa Falls College, ,107 Kincaid Drive,Toccoa Falls,GA,30598,https://tfc.edu/,https://tfc.edu/admissions,https://tfc.edu/admissions/financial-aid/,https://apply.tfc.edu/,0.6381278538812786
141264,490.0,530.0,580.0,460.0,500.0,550.0,17.0,20.0,23.0,16.0,20.0,23.0,16.0,18.0,20.0,3915.0,4689,Valdosta State University,VSU; Valdosta State; Valdosta State College; V-State,1500 N Patterson St,Valdosta,GA,31698,www.valdosta.edu/,www.valdosta.edu/admissions/,www.valdosta.edu/admissions/financial-aid/,www.valdosta.edu/admissions/undergraduate/apply-now.php,0.8349328214971209
141334,480.0,530.0,580.0,450.0,510.0,550.0,17.0,20.0,23.0,16.0,19.0,23.0,16.0,18.0,22.0,4147.0,8399,University of West Georgia, ,1601 Maple St,Carrollton,GA,30118-0001,www.westga.edu/,www.westga.edu/admissions/,www.westga.edu/finaid/,https://www.westga.edu/apply,0.4937492558637933
141565,478.0,535.0,570.0,420.0,500.0,540.0,15.0,19.0,22.0,14.0,18.0,21.0,15.0,17.0,20.0,2300.0,2562,University of Hawaii at Hilo,UH Hilo / UHH,200 W Kawili St,Hilo,HI,96720-4091,https://hilo.hawaii.edu/,https://hilo.hawaii.edu/admissions/,https://hilo.hawaii.edu/financialaid/,https://hilo.hawaii.edu/admissions/forms/,0.897736143637783
141574,540.0,580.0,640.0,480.0,540.0,600.0,20.0,24.0,27.0,16.0,20.0,24.0,17.0,20.0,24.0,13388.0,19211,University of Hawaii at Manoa,UH Manoa / UHM,2500 Campus Road,Honolulu,HI,96822-2217,https://manoa.hawaii.edu/,https://manoa.hawaii.edu/admissions/,https://www.hawaii.edu/fas/,https://manoa.hawaii.edu/admissions/apply/,0.6968924053927438
141644,548.0,590.0,650.0,520.0,565.0,630.0,21.0,25.0,29.0,19.0,24.0,28.0,18.0,24.0,26.0,12282.0,14538,Hawaii Pacific University, ,1 Aloha Tower Drive,Honolulu,HI,96813,https://www.hpu.edu/,https://www.hpu.edu/admissions/,https://www.hpu.edu/financial-aid/,https://www.hpu.edu/admissions/apply/,0.8448204704911267
141981,540.0,580.0,610.0,490.0,540.0,600.0,15.0,17.0,21.0,13.0,17.0,20.0,15.0,17.0,20.0,717.0,750,University of Hawaii-West Oahu,UH West Oahu / UHWO,91-1001 Farrington Highway,Kapolei,HI,96707-4507,https://westoahu.hawaii.edu/,https://westoahu.hawaii.edu/admissions/,https://westoahu.hawaii.edu/financial-aid/,https://www.sis.hawaii.edu/uhdad/bwskalog.P_DispLoginNon,0.956
142285,490.0,547.0,610.0,460.0,529.0,590.0,20.0,25.0,29.0,19.0,24.0,28.0,19.0,24.0,29.0,9666.0,12222,University of Idaho,UIdaho,875 Perimeter Drive MS 2282,Moscow,ID,83844-2282,www.uidaho.edu/,www.uidaho.edu/admissions,www.uidaho.edu/financial-aid,www.uidaho.edu/admissions/apply,0.7908689248895434
142461,470.0,540.0,620.0,470.0,540.0,590.0,25.0,28.0,31.0,17.0,23.0,27.0,17.0,19.0,26.0,2248.0,3571,Northwest Nazarene University,Northwest Nazarene University/Northwest Nazarene College/NNU/NNC,623 S. University Blvd.,Nampa,ID,83686-5897,https://www.nnu.edu/,https://www.nnu.edu/office/admissions,https://www.nnu.edu/financial-aid,https://www.nnu.edu/apply-now,0.6295155418650238
142522,500.0,550.0,610.0,480.0,540.0,590.0,20.0,23.0,26.0,19.0,22.0,26.0,18.0,22.0,26.0,9989.0,10303,Brigham Young University-Idaho,BYU-I,525 S Center,Rexburg,ID,83460-1690,www.byui.edu/,www.byui.edu/Admissions/,www.byui.edu/FinancialAid/,www.byui.edu/Admissions/,0.9695234397748229
143084,500.0,560.0,620.0,510.0,560.0,630.0,21.0,24.0,28.0,19.0,23.0,28.0,19.0,23.0,26.0,5022.0,7424,Augustana College, ,639 38th St,Rock Island,IL,61201-2296,www.augustana.edu/,www.augustana.edu/admissions,www.augustana.edu/admissions/financial-aid,www.augustana.edu/admissions/apply/,0.6764547413793104
143118,470.0,525.0,583.0,460.0,510.0,550.0,20.0,26.0,26.0,21.0,23.0,26.0,17.0,23.0,26.0,4482.0,5264,Aurora University, ,347 S Gladstone Ave,Aurora,IL,60506-4892,https://aurora.edu/,https://aurora.edu/admission,https://aurora.edu/admission/financialaid,https://aurora.edu/admission/apply,0.8514437689969605
143358,550.0,600.0,650.0,540.0,600.0,650.0,25.0,29.0,31.0,25.0,29.0,34.0,23.0,27.0,30.0,7772.0,10138,Bradley University, ,1501 W BRADLEY AVE,Peoria,IL,61625-0001,www.bradley.edu/,www.bradley.edu/admissions/freshman,www.bradley.edu/offices/other/sfs,www.bradley.edu/admissions/freshman/apply,0.7666206352337739
144050,740.0,760.0,770.0,770.0,790.0,800.0,34.0,35.0,35.0,34.0,35.0,36.0,32.0,34.0,35.0,1849.0,38631,University of Chicago, ,5801 S Ellis Ave,Chicago,IL,60637,www.uchicago.edu/,collegeadmissions.uchicago.edu/,financialaid.uchicago.edu/,https://collegeadmissions.uchicago.edu/apply/,0.04786311511480417
144740,570.0,630.0,680.0,560.0,600.0,660.0,26.0,28.0,31.0,25.0,29.0,33.0,23.0,26.0,28.0,23660.0,32176,DePaul University, ,1 E Jackson Blvd,Chicago,IL,60604,https://www.depaul.edu/,https://www.depaul.edu/admission-and-aid/types-of-admission/Pages/default.aspx,https://www.depaul.edu/admission-and-aid/financial-aid/Pages/default.aspx,https://www.depaul.edu/apply/Pages/default.aspx,0.7353306812531079
144962,480.0,550.0,610.0,480.0,540.0,600.0,23.0,25.0,28.0,23.0,25.0,27.0,21.0,24.0,27.0,4737.0,6254,Elmhurst University, ,190 Prospect Ave,Elmhurst,IL,60126-3296,www.elmhurst.edu/,www.elmhurst.edu/admission/,www.elmhurst.edu/admission/financial-aid/,https://www.elmhurst.edu/admission/apply/undergraduate-application/,0.7574352414454749
145372,430.0,511.0,608.0,381.0,497.0,611.0,14.0,21.0,24.0,12.0,20.0,29.0,14.0,21.0,28.0,1214.0,1273,Greenville University, ,315 E. College Ave.,Greenville,IL,62246,www.greenville.edu/,www.greenville.edu/admissions,www.greenville.edu/cost-and-aid/,https://apply.greenville.edu/apply/,0.9536527886881383
145600,560.0,620.0,660.0,560.0,610.0,680.0,25.0,28.0,32.0,24.0,28.0,33.0,24.0,26.0,31.0,19955.0,25420,University of Illinois Chicago,UIC|U of I-Chicago|Illinois-Chicago|U of I-Medical Center|University of Illinois-Medical Center|,601 S Morgan,Chicago,IL,60607,www.uic.edu/,www.admissions.uic.edu/,www.financialaid.uic.edu/,www.admissions.uic.edu/apply-now,0.7850118017309206
145637,630.0,690.0,730.0,640.0,720.0,780.0,29.0,32.0,34.0,28.0,33.0,35.0,27.0,30.0,34.0,29446.0,67398,University of Illinois Urbana-Champaign,Illinois|Illinios|Ilinois|Ilinios|Urbana|Champaign|Champagne|Champaign-Urbana|Champagne-Urbana|Urbana-Champaign|Urbana-Champagne|University of Illinois at Urbana|University of Illinois at Champaign|University of Illinois at Champagne|University of Illinois at Champaign-Urbana|University of Illinois at Champagne-Urbana|UIUC|UICU|University of Illinois at UC|University of Illinois at CU,601 E John Street,Champaign,IL,61820-5711,www.illinois.edu/,illinois.edu/admissions,www.osfa.illinois.edu/,admissions.illinois.edu/apply,0.436897237306745
145646,570.0,620.0,660.0,570.0,600.0,670.0,24.0,27.0,29.0,24.0,27.0,32.0,23.0,26.0,28.0,2768.0,6128,Illinois Wesleyan University,IWU|Wesleyan,1312 N Park St,Bloomington,IL,61702-2900,www.iwu.edu/,www.iwu.edu/admissions/,www.iwu.edu/financial-aid/,www.iwu.edu/admissions/applications/,0.4516971279373368
145691,490.0,530.0,583.0,488.0,540.0,600.0,19.0,22.0,25.0,18.0,22.0,24.0,17.0,21.0,24.0,2733.0,3660,Illinois College, ,1101 West College Ave,Jacksonville,IL,62650-2299,www.ic.edu/,www.ic.edu/admission,www.ic.edu/sfs,admission.ic.edu/apply/,0.7467213114754099
145725,570.0,640.0,690.0,610.0,650.0,720.0,25.0,28.0,31.0,24.0,30.0,34.0,25.0,27.0,30.0,4939.0,8912,Illinois Institute of Technology,Illinois Tech,10 West 35th Street,Chicago,IL,60616,https://www.iit.edu/,https://www.iit.edu/admissions-aid,https://www.iit.edu/financial-aid,https://www.iit.edu/admissions-aid/apply,0.5541965888689407
145813,510.0,560.0,620.0,500.0,550.0,610.0,22.0,24.0,27.0,21.0,24.0,27.0,19.0,23.0,26.0,18589.0,20884,Illinois State University, ,North and School Streets,Normal,IL,61790-1000,illinoisstate.edu/,www.admissions.illinoisstate.edu/,financialaid.illinoisstate.edu/,www.admissions.illinoisstate.edu/apply,0.8901072591457575
146339,435.0,480.0,540.0,425.0,480.0,540.0,16.0,20.0,23.0,15.0,19.0,22.0,16.0,20.0,24.0,551.0,873,Judson University, ,1151 N State St,Elgin,IL,60123-1498,www.judsonu.edu/,www.judsonu.edu/admissions-aid/,www.judsonu.edu/admissions-aid/undergraduate-financial-aid/,www.judsonu.edu/apply/,0.6311569301260023
146427,530.0,630.0,680.0,590.0,620.0,705.0,21.0,26.0,30.0,20.0,25.0,31.0,20.0,25.0,27.0,2942.0,4136,Knox College, ,2 E South St,Galesburg,IL,61401,https://www.knox.edu/,https://www.knox.edu/admission,https://www.knox.edu/financialaid,https://www.knox.edu/admission/apply-to-knox,0.7113152804642167
146481,590.0,640.0,685.0,580.0,640.0,680.0,28.0,29.0,31.0,28.0,30.0,33.0,25.0,27.0,28.0,2858.0,4811,Lake Forest College, ,555 N Sheridan Road,Lake Forest,IL,60045-2338,www.lakeforest.edu/,www.lakeforest.edu/admissions/,www.lakeforest.edu/admissions/finaid/,www.lakeforest.edu/admissions/apply/,0.5940552899605072
146612,490.0,550.0,610.0,500.0,550.0,610.0,22.0,25.0,26.0,21.0,23.0,25.0,21.0,24.0,28.0,3848.0,5291,Lewis University,Lewis College  Lewis College of Science and Technology  Lewis School of Aeronautics  Lewis Holy Name School of Aeronautics  Lewis Holy Name Technical School  Holy Name Technical School,One University Parkway,Romeoville,IL,60446-2200,www.lewisu.edu/,www.lewisu.edu/admissions/index.htm,www.lewisu.edu/admissions/finaid/index.htm,www.lewisu.edu/admissions/application.htm,0.7272727272727273
146719,590.0,640.0,680.0,570.0,610.0,660.0,27.0,29.0,31.0,26.0,30.0,34.0,24.0,26.0,29.0,32937.0,40468,Loyola University Chicago, ,1032 W. Sheridan Rd,Chicago,IL,60660,https://www.luc.edu/,https://www.luc.edu/undergrad/,https://www.luc.edu/finaid/index.shtml,https://www.luc.edu/undergrad/apply/,0.8139023425916774
147244,450.0,520.0,600.0,410.0,520.0,570.0,14.0,21.0,24.0,12.0,20.0,23.0,15.0,16.0,23.0,2167.0,4009,Millikin University, ,1184 W Main St,Decatur,IL,62522-2084,https://millikin.edu/,https://millikin.edu/admission/admission-information,https://millikin.edu/admission/tuition-fees,https://millikin.edu/admission/apply,0.5405337989523572
147341,510.0,560.0,630.0,500.0,560.0,600.0,20.0,24.0,27.0,19.0,22.0,26.0,17.0,22.0,26.0,1398.0,1614,Monmouth College, ,700 E Broadway,Monmouth,IL,61462-1998,www.monmouthcollege.edu/,ou.monmouthcollege.edu/admissions/,https://ou.monmouthcollege.edu/admissions/financial-aid/default.aspx,https://ou.monmouthcollege.edu/admissions/apply/default.aspx,0.8661710037174721
147660,535.0,570.0,650.0,530.0,580.0,630.0,23.0,25.0,27.0,21.0,24.0,28.0,22.0,24.0,27.0,3056.0,5241,North Central College,NCC|North Central|Cardinals|North Central University|University of Naperville|Naperville University,30 N Brainard St,Naperville,IL,60540,northcentralcollege.edu/,northcentralcollege.edu/admission,northcentralcollege.edu/financial-aid,https://northcentralcollege.edu/apply,0.5830948292310628
147767,730.0,750.0,770.0,760.0,780.0,790.0,33.0,34.0,35.0,34.0,35.0,36.0,31.0,34.0,35.0,3703.0,51769,Northwestern University, ,633 Clark St,Evanston,IL,60208,www.northwestern.edu/,www.northwestern.edu/admissions/,www.northwestern.edu/admissions/,www.northwestern.edu/admissions/,0.07152929359269061
147828,480.0,540.0,600.0,480.0,540.0,590.0,18.0,23.0,28.0,18.0,24.0,28.0,18.0,22.0,27.0,2961.0,4426,Olivet Nazarene University, ,One University Avenue,Bourbonnais,IL,60914-2271,https://www.olivet.edu/,https://www.olivet.edu/admissions,https://www.olivet.edu/financial-aid/,https://www.olivet.edu/apply,0.6690013556258473
148016,510.0,550.0,640.0,530.0,570.0,610.0,19.0,20.0,23.0,16.0,21.0,23.0,16.0,18.0,22.0,119.0,268,Principia College, ,1 Maybeck Place,Elsah,IL,62028-9799,www.principiacollege.edu/,www.principiacollege.edu/admissions,www.principiacollege.edu/finaid,www.principiacollege.edu/apply,0.44402985074626866
148131,540.0,590.0,630.0,530.0,570.0,620.0,21.0,23.0,25.0,20.0,23.0,24.0,20.0,23.0,26.0,1096.0,2197,Quincy University, ,1800 College Ave,Quincy,IL,62301-2699,https://www.quincy.edu/,https://www.quincy.edu/admissions,https://www.quincy.edu/admissions/financial-aid-and-tuition/,https://www.quincy.edu/admissions/apply-now/,0.4988620846609012
148405,450.0,490.0,535.0,400.0,450.0,535.0,17.0,22.0,23.0,17.0,20.0,22.0,17.0,21.0,24.0,1705.0,2979,Rockford University,Rockford University,5050 E State St,Rockford,IL,61108-2311,www.rockford.edu/,www.rockford.edu/admission/firstyear/,www.rockford.edu/admission/financialaid/,www.rockford.edu/admission/apply/,0.5723397113125209
148487,430.0,490.0,550.0,390.0,470.0,540.0,21.0,25.0,29.0,20.0,24.0,30.0,19.0,23.0,26.0,5644.0,5987,Roosevelt University, ,430 S Michigan Ave,Chicago,IL,60605-1394,www.roosevelt.edu/,https://www.roosevelt.edu/admission,https://www.roosevelt.edu/invest-your-future,https://applyru.roosevelt.edu/apply/,0.9427092032737598
148496,480.0,510.0,570.0,454.0,515.0,570.0,17.0,18.0,22.0,16.0,17.0,20.0,15.0,16.0,18.0,5216.0,6536,Dominican University,Dominican,7900 W Division Street,River Forest,IL,60305,https://www.dom.edu/,https://www.dom.edu/admission,https://www.dom.edu/admission/office-financial-aid,https://explore.dom.edu/register/apply_to_dom,0.7980416156670747
148584,460.0,520.0,590.0,440.0,520.0,580.0,20.0,23.0,25.0,19.0,21.0,25.0,18.0,21.0,26.0,1207.0,1888,University of St Francis, ,500 N Wilcox St,Joliet,IL,60435-6188,https://www.stfrancis.edu/,https://www.stfrancis.edu/admissions-aid/,https://www.stfrancis.edu/admissions-aid/financial-aid-services/,https://myusf.stfrancis.edu/portal/apply,0.6393008474576272
148654,510.0,540.0,610.0,500.0,550.0,600.0,21.0,25.0,28.0,20.0,23.0,28.0,20.0,25.0,27.0,2105.0,2495,University of Illinois Springfield,UIS,One University Plaza,Springfield,IL,62703-5407,www.uis.edu/,www.uis.edu/admissions,www.uis.edu/financialaid,www.uis.edu/apply,0.843687374749499
149222,470.0,520.0,580.0,440.0,500.0,560.0,20.0,24.0,27.0,20.0,23.0,27.0,18.0,22.0,25.0,9407.0,10401,Southern Illinois University-Carbondale, ,Lincoln Drive,Carbondale,IL,62901-4512,https://siu.edu/,https://admissions.siu.edu/,https://fao.siu.edu/,https://admissions.siu.edu/apply,0.9044322661282569
149231,460.0,530.0,590.0,440.0,500.0,570.0,20.0,23.0,26.0,19.0,22.0,26.0,17.0,22.0,26.0,8688.0,8937,Southern Illinois University-Edwardsville,SIUE,Il State Rte 157,Edwardsville,IL,62026-1259,www.siue.edu/,www.siue.edu/admissions,www.siue.edu/financial-aid/,www.siue.edu/apply/,0.9721383014434374
149505,520.0,560.0,590.0,530.0,560.0,610.0,23.0,26.0,28.0,24.0,26.0,30.0,20.0,25.0,25.0,578.0,652,Trinity Christian College, ,6601 W College Dr,Palos Heights,IL,60463-0929,www.trnty.edu/,www.trnty.edu/admissions,https://www.trnty.edu/admissions-financial-aid/,www.trnty.edu/apply,0.8865030674846626
149781,650.0,680.0,720.0,610.0,670.0,720.0,27.0,30.0,32.0,28.0,32.0,35.0,25.0,28.0,30.0,1679.0,1866,Wheaton College, ,501 College Ave,Wheaton,IL,60187-5593,www.wheaton.edu/,www.wheaton.edu/undergraduate-admissions/,www.wheaton.edu/cost-and-aid/,www.wheaton.edu/admissions-and-aid/apply-to-wheaton-college/,0.8997856377277599
150066,480.0,535.0,590.0,460.0,520.0,580.0,16.0,20.0,23.0,15.0,19.0,22.0,16.0,20.0,23.0,3024.0,5661,Anderson University, ,1100 E 5th St,Anderson,IN,46012-3495,https://anderson.edu/,https://anderson.edu/entry,https://anderson.edu/fin-aid,https://admissions.anderson.edu/apply/,0.534181240063593
150136,550.0,590.0,630.0,530.0,570.0,620.0,25.0,27.0,30.0,24.0,26.0,31.0,22.0,25.0,28.0,20525.0,28668,Ball State University,BSU|Ball U,2000 W. University Ave,Muncie,IN,47306,https://www.bsu.edu/,https://www.bsu.edu/web/admissions/,https://www.bsu.edu/admissions/financial-aid-and-scholarships,https://www.bsu.edu/admissions/undergraduate-admissions/apply-now,0.7159550718571229
150145,470.0,540.0,600.0,470.0,530.0,590.0,19.0,21.0,24.0,17.0,21.0,24.0,18.0,20.0,26.0,822.0,833,Bethel University, ,1001 Bethel Circle,Mishawaka,IN,46545-5591,https://betheluniversity.edu/,https://betheluniversity.edu/admissions-aid,https://betheluniversity.edu/admissions-aid/scholarships-aid/,https://connect.betheluniversity.edu/apply/,0.9867947178871549
150163,590.0,630.0,680.0,590.0,630.0,680.0,26.0,28.0,31.0,25.0,28.0,32.0,25.0,27.0,29.0,8098.0,9431,Butler University, ,4600 Sunset Ave,Indianapolis,IN,46208,www.butler.edu/,https://www.butler.edu/admission,https://www.butler.edu/financial-aid,https://www.butler.edu/apply,0.8586576184922066
150400,570.0,630.0,680.0,570.0,650.0,750.0,26.0,29.0,31.0,24.0,28.0,33.0,26.0,28.0,29.0,3891.0,7197,DePauw University,DePauw,313 S Locust St,Greencastle,IN,46135-1772,www.depauw.edu/,www.depauw.edu/admission/,www.depauw.edu/offices/financialaid/,www.depauw.edu/admission/apply/,0.5406419341392247
150455,608.0,640.0,690.0,570.0,610.0,673.0,23.0,26.0,30.0,21.0,27.0,31.0,22.0,25.0,28.0,1310.0,1765,Earlham College,Earlham,801 National Rd West,Richmond,IN,47374-4095,https://earlham.edu/,https://earlham.edu/admissions/,https://earlham.edu/financial-aid,https://earlham.edu/apply,0.7422096317280453
150604,500.0,560.0,600.0,520.0,550.0,600.0,21.0,24.0,27.0,19.0,22.0,25.0,23.0,25.0,25.0,1598.0,2264,Franklin College,Franklin College of Indiana,101 Branigin Blvd,Franklin,IN,46131-2623,www.franklincollege.edu/,www.franklincollege.edu/admissions/,www.franklincollege.edu/admissions/financial-aid/,www.franklincollege.edu/admissions/apply-now-2/,0.7058303886925795
150668,420.0,510.0,570.0,430.0,515.0,563.0,23.0,25.0,27.0,22.0,24.0,27.0,23.0,25.0,26.0,1045.0,1175,Goshen College, ,1700 S Main St,Goshen,IN,46526-4794,www.goshen.edu/,www.goshen.edu/admissions,www.goshen.edu/financialaid,www.goshen.edu/admissions/apply,0.8893617021276595
150677,480.0,550.0,600.0,470.0,530.0,600.0,20.0,22.0,27.0,20.0,23.0,30.0,17.0,21.0,27.0,3321.0,4111,Grace College and Theological Seminary, ,1 Lancer Way,Winona Lake,IN,46590-1274,www.grace.edu/,www.grace.edu/admissions,www.grace.edu/admissions/undergraduate-admissions/financial-aid-scholarships,https://connect.grace.edu/register/application,0.8078326441255169
150774,490.0,580.0,660.0,490.0,570.0,640.0,23.0,28.0,31.0,24.0,30.0,34.0,22.0,26.0,29.0,1231.0,1670,Holy Cross College, ,54515 State Road 933 North,Notre Dame,IN,46556-0308,www.hcc-nd.edu/,www.hcc-nd.edu/section/admissions/,www.hcc-nd.edu/financial-aid/,https://www.hcc-nd.edu/applying-to-holy-cross/,0.7371257485029941
150941,470.0,530.0,590.0,530.0,590.0,600.0,21.0,23.0,25.0,22.0,24.0,26.0,22.0,26.0,27.0,1117.0,1570,Huntington University, ,2303 College Ave,Huntington,IN,46750,www.huntington.edu/,www.huntington.edu/admissions/,www.huntington.edu/financial-aid,apply.huntington.edu/,0.7114649681528662
151102,480.0,540.0,600.0,480.0,530.0,590.0,19.0,23.0,26.0,18.0,22.0,25.0,17.0,23.0,26.0,5539.0,6466,Purdue University Fort Wayne,IPFW|IUPUFW|Purdue University-Fort Wayne|Purdue-Fort Wayne|Purdue Fort Wayne,2101 E Coliseum Blvd,Fort Wayne,IN,46805-1499,www.pfw.edu/,www.pfw.edu/admissions/,www.pfw.edu/offices/financial-aid/,www.pfw.edu/admissions/apply/,0.8566347046087226
151111,520.0,570.0,620.0,520.0,570.0,610.0,21.0,24.0,28.0,20.0,24.0,28.0,20.0,24.0,27.0,12791.0,15715,Indiana University-Indianapolis,IU Indianapolis,420 University Blvd,Indianapolis,IN,46202-5143,https://indianapolis.iu.edu/,https://indianapolis.iu.edu/admissions,https://indianapolis.iu.edu/admissions/cost-and-aid/index.html,https://online.iu.edu/apply/index.html,0.813935730194082
151306,510.0,560.0,610.0,510.0,560.0,610.0,22.0,24.0,28.0,21.0,23.0,26.0,20.0,24.0,27.0,4157.0,4392,University of Southern Indiana,USI,8600 University Blvd,Evansville,IN,47712,www.usi.edu/,www.usi.edu/admissions,www.usi.edu/financial-aid,www.usi.edu/apply,0.9464936247723132
151333,490.0,530.0,590.0,480.0,530.0,590.0,18.0,22.0,26.0,16.0,20.0,23.0,17.0,22.0,25.0,1654.0,1953,Indiana University-Kokomo,IU Kokomo | IUK | IU KO,2300 S Washington St,Kokomo,IN,46902-9003,www.iuk.edu/,www.iuk.edu/admissions/,www.iuk.edu/financial-aid/,https://sisjee.iu.edu/essweb-prd/web/sisad/apply/welcome/?urlSource=KO,0.8469022017409115
151342,490.0,540.0,590.0,480.0,530.0,580.0,21.0,22.0,25.0,21.0,22.0,26.0,19.0,21.0,25.0,2388.0,2777,Indiana University-South Bend,IUSB | IU SB | IU South Bend,1700 Mishawaka Ave,South Bend,IN,46615-7111,https://iusb.edu/,https://admissions.iusb.edu/,https://students.iusb.edu/financial-aid/,https://academics.iusb.edu/online-education/,0.859920777817789
151351,590.0,640.0,690.0,580.0,640.0,710.0,27.0,30.0,32.0,26.0,30.0,34.0,26.0,28.0,31.0,43624.0,54279,Indiana University-Bloomington,IUB | IU Bloomington,107 South Indiana Ave.,Bloomington,IN,47405-7000,www.indiana.edu/,www.indiana.edu/admissions/,https://admissions.indiana.edu/cost-financial-aid/,https://online.iu.edu/resources/getting-admitted.html#_ga=2.261838094.2037234953.1629214438-1561726355.1580334008,0.8036994049263988
151360,480.0,530.0,580.0,460.0,530.0,590.0,21.0,23.0,27.0,22.0,24.0,28.0,20.0,23.0,27.0,2163.0,2820,Indiana University-Northwest,IUN | IU Northwest,3400 Broadway,Gary,IN,46408-1197,www.iun.edu/,www.iun.edu/admissions/,www.iun.edu/financialaid/,https://sisjee.iu.edu/essweb-prd/web/sisad/apply/welcome/?urlSource=NW,0.7670212765957447
151379,510.0,550.0,610.0,500.0,540.0,580.0,20.0,22.0,26.0,19.0,23.0,26.0,18.0,19.0,25.0,1714.0,2062,Indiana University-Southeast,IUSE | IU SE | IU Southeast,4201 Grant Line Rd,New Albany,IN,47150,https://ius.edu/,https://ius.edu/admissions/,https://www.ius.edu/student-central/paying-for-college/apply-for-financial-aid.html,https://sisjee.iu.edu/essweb-prd/web/sisad/apply/welcome/?urlSource=SE,0.8312318137730359
151388,500.0,570.0,610.0,510.0,560.0,610.0,20.0,23.0,25.0,19.0,23.0,24.0,17.0,21.0,25.0,1246.0,1749,Indiana University-East,IUE | IU East,2325 Chester Blvd,Richmond,IN,47374-1289,www.iue.edu/,iue.edu/admissions/,east.iu.edu/admissions/scholarships-aid/index.html,www.iue.edu/online/apply/index.html,0.7124070897655803
151801,490.0,540.0,600.0,480.0,530.0,580.0,19.0,21.0,28.0,18.0,22.0,25.0,17.0,21.0,25.0,2495.0,3035,Indiana Wesleyan University-Marion,IWU,4201 South Washington Street,Marion,IN,46953-4974,https://www.indwes.edu/,https://www.indwes.edu/Admissions/,https://www.indwes.edu/Financial-Aid/,admissions.indwes.edu/apply/,0.8220757825370676
152318,620.0,670.0,710.0,660.0,710.0,760.0,29.0,31.0,34.0,26.0,30.0,35.0,29.0,32.0,34.0,3920.0,5384,Rose-Hulman Institute of Technology,R-HIT|RHIT|Rose Polytechnic|Rose Polytechnic Institute|RP|RPI|Rose-Hulman|Rose Hulman|Rose-Hulman Institute|Rose Hulman Institute|Rose,5500 Wabash Avenue,Terre Haute,IN,47803-3920,https://www.rose-hulman.edu/,https://www.rose-hulman.edu/admissions-and-aid/index.html,https://www.rose-hulman.edu/admissions-and-aid/financial-aid/index.html,https://www.rose-hulman.edu/admissions-and-aid/the-application-process/application-and-deadlines/index.html,0.7280832095096582
152336,470.0,520.0,570.0,450.0,510.0,560.0,17.0,21.0,25.0,15.0,21.0,27.0,17.0,21.0,25.0,1522.0,1560,University of Saint Francis-Fort Wayne,"University of Saint Francis of Fort Wayne, Indiana  University of Saint Francis  Saint Francis College  University of St. Francis-Fort Wayne   University of St Francis-Fort Wayne  USF",2701 Spring St,Fort Wayne,IN,46808-3994,https://www.sf.edu/,https://admissions.sf.edu/,https://admissions.sf.edu/costs-aid/,https://admissions.sf.edu/undergraduate/apply/,0.9756410256410256
152381,440.0,490.0,540.0,435.0,480.0,530.0,15.0,15.0,18.0,14.0,15.0,17.0,16.0,17.0,19.0,900.0,1182,Saint Mary-of-the-Woods College,St. Mary-of-the-Woods College   St Mary-of-the-Woods College,1 St Mary of Woods Coll,Saint Mary of the Woods,IN,47876-1099,www.smwc.edu/,www.smwc.edu/admission/,www.smwc.edu/resources/financial-aid/,https://www.smwc.edu/admission/apply/,0.7614213197969543
152390,560.0,620.0,650.0,540.0,580.0,660.0,25.0,27.0,30.0,25.0,29.0,33.0,22.0,25.0,27.0,1928.0,2377,Saint Mary's College,St. Mary's College   St Mary's College,133 Le Mans Hall,Notre Dame,IN,46556,https://www.saintmarys.edu/,https://www.saintmarys.edu/admission-aid,https://www.saintmarys.edu/admission-aid/financial-aid,https://www.saintmarys.edu/admission-aid/first-year-students/apply,0.8111064366848969
152530,540.0,600.0,670.0,530.0,600.0,670.0,23.0,27.0,30.0,22.0,26.0,32.0,23.0,25.0,28.0,1580.0,2076,Taylor University, ,1846 Main Street,Upland,IN,46989-1001,https://www.taylor.edu/,https://www.taylor.edu/admissions/,https://www.taylor.edu/admissions/tuition-and-funding/index.shtml,https://taylor.edu/admissions/how-to-apply/,0.7610789980732178
152600,540.0,610.0,660.0,540.0,590.0,650.0,25.0,29.0,30.0,22.0,28.0,32.0,22.0,27.0,29.0,5656.0,6133,Valparaiso University,Valpo|VU,US Highway 30 and Sturdy Road,Valparaiso,IN,46383,https://www.valpo.edu/,https://www.valpo.edu/admission-aid/,https://www.valpo.edu/student-financial-services/,https://www.valpo.edu/apply-to-valpo/,0.9222240339148867
152673,540.0,590.0,630.0,560.0,610.0,670.0,24.0,26.0,29.0,22.0,25.0,27.0,24.0,26.0,28.0,1191.0,1897,Wabash College, ,301 West Wabash Avenue,Crawfordsville,IN,47933-0352,www.wabash.edu/,www.wabash.edu/admissions/,www.wabash.edu/finaid/,www.wabash.edu/admissions/apply,0.6278334211913548
153108,490.0,540.0,580.0,445.0,540.0,625.0,19.0,22.0,25.0,17.0,21.0,25.0,18.0,21.0,25.0,1562.0,1978,Central College, ,812 University,Pella,IA,50219,www.central.edu/,www.central.edu/admission/,https://www.central.edu/financial-aid/costs/,https://www.central.edu/admission/forms/apply/,0.7896865520728008
153126,480.0,490.0,525.0,410.0,490.0,520.0,18.0,22.0,26.0,16.0,20.0,24.0,17.0,22.0,25.0,2104.0,3087,Clarke University, ,1550 Clarke Dr,Dubuque,IA,52001-3198,www.clarke.edu/,www.clarke.edu/admission-aid,www.clarke.edu/admission-aid/financial-aid/,crm.clarke.edu/apply/,0.6815678652413346
153144,520.0,570.0,660.0,560.0,600.0,620.0,22.0,25.0,28.0,21.0,24.0,29.0,20.0,25.0,28.0,5068.0,7171,Coe College, ,1220 First Ave NE,Cedar Rapids,IA,52402-5092,www.coe.edu/,www.coe.edu/admission,https://www.coe.edu/admission/financial-aid-scholarships,https://www.coe.edu/admission/financial-aid-scholarships/how-apply,0.7067354622786223
153162,580.0,630.0,655.0,570.0,605.0,663.0,23.0,26.0,30.0,23.0,27.0,31.0,23.0,25.0,28.0,2490.0,3087,Cornell College, ,600 First St. SW,Mount Vernon,IA,52314-1098,www.cornellcollege.edu/,www.cornellcollege.edu/admissions/index.shtml,www.cornellcollege.edu/financial_assistance/,www.cornellcollege.edu/admissions/apply-to-cornell/index.shtml,0.8066083576287658
153250,510.0,560.0,620.0,520.0,570.0,610.0,21.0,24.0,27.0,21.0,24.0,28.0,21.0,24.0,27.0,1135.0,1595,Dordt University, ,700 7th St SE,Sioux Center,IA,51250-1606,https://www.dordt.edu/,https://www.dordt.edu/admissions-and-aid,https://www.dordt.edu/admissions-and-aid,https://www.dordt.edu/admissions-and-aid/apply-now,0.7115987460815048
153269,610.0,640.0,690.0,580.0,640.0,700.0,24.0,27.0,30.0,23.0,27.0,31.0,22.0,26.0,28.0,4964.0,7741,Drake University,Drake,2507 University Avenue,Des Moines,IA,50311-4505,www.drake.edu/,www.drake.edu/admission,www.drake.edu/finaid/,www.drake.edu/admission,0.641260819015631
153278,470.0,530.0,580.0,480.0,530.0,580.0,19.0,23.0,25.0,16.0,21.0,24.0,18.0,21.0,24.0,1356.0,1560,University of Dubuque, ,2000 University Ave,Dubuque,IA,52001,www.dbq.edu/,www.dbq.edu/admission/,https://www.dbq.edu/Admission/FinancialAid/,https://www.dbq.edu/Admission/ApplyOnline/,0.8692307692307693
153302,460.0,510.0,510.0,450.0,530.0,550.0,20.0,22.0,26.0,20.0,23.0,28.0,16.0,21.0,25.0,85.0,87,Emmaus Bible College, ,2570 Asbury Rd,Dubuque,IA,52001-3096,https://www.emmaus.edu/,https://www.emmaus.edu/admissions,https://www.emmaus.edu/tuition-aid,https://www.emmaus.edu/apply,0.9770114942528736
153320,460.0,560.0,620.0,480.0,520.0,560.0,18.0,21.0,25.0,17.0,21.0,25.0,17.0,18.0,24.0,153.0,308,Faith Baptist Bible College and Theological Seminary,"FBBC&TS, FBBC",1900 NW 4th St,Ankeny,IA,50023-2152,https://faith.edu/,https://faith.edu/admissions,https://faith.edu/admissions/tuition-aid/,https://faith.edu/admissions/apply/,0.4967532467532468
153384,698.0,730.0,760.0,720.0,760.0,790.0,31.0,33.0,34.0,31.0,34.0,35.0,27.0,30.0,34.0,1266.0,9988,Grinnell College,Grinnell,1121 Park Street,Grinnell,IA,50112-1690,www.grinnell.edu/,www.grinnell.edu/admission,www.grinnell.edu/admission/financial-aid,www.grinnell.edu/admission/apply,0.12675210252302763
153603,550.0,620.0,660.0,560.0,620.0,690.0,21.0,24.0,28.0,19.0,23.0,27.0,19.0,24.0,27.0,20496.0,22995,Iowa State University,ISU,1750 Beardshear Hall,Ames,IA,50011-2103,https://www.iastate.edu/,https://www.iastate.edu/admission-and-aid/admissions,https://www.financialaid.iastate.edu/,https://apps.admissions.iastate.edu/myaccount/,0.891324200913242
153658,570.0,610.0,660.0,560.0,610.0,660.0,22.0,25.0,28.0,20.0,24.0,28.0,20.0,24.0,27.0,21746.0,25682,University of Iowa,Iowa,101 Jessup Hall,Iowa City,IA,52242-1316,https://uiowa.edu/,https://admissions.uiowa.edu/,https://financialaid.uiowa.edu/,https://admissions.uiowa.edu/apply,0.8467409080289697
153834,550.0,610.0,650.0,548.0,600.0,668.0,22.0,26.0,29.0,21.0,24.0,29.0,21.0,25.0,28.0,1793.0,2447,Luther College,Luther Norse,700 College Drive,Decorah,IA,52101-1045,https://www.luther.edu/,https://luther.edu/admission-aid,https://luther.edu/offices/financial-aid,https://www.luther.edu/admission-aid/how-to-apply,0.7327339599509604
154095,460.0,550.0,580.0,400.0,580.0,630.0,20.0,22.0,26.0,18.0,21.0,25.0,18.0,21.0,25.0,4638.0,4913,University of Northern Iowa,UNI Panthers Northern Iowa,1227 W 27th St,Cedar Falls,IA,50614-0005,https://www.uni.edu/,https://admissions.uni.edu/,https://admissions.uni.edu/financial-aid/,https://admissions.uni.edu/application,0.9440260533279056
154493,500.0,550.0,590.0,470.0,500.0,570.0,14.0,16.0,21.0,14.0,15.0,21.0,14.0,15.0,21.0,649.0,695,Upper Iowa University,UIU,605 Washington St,Fayette,IA,52142-1857,https://www.uiu.edu/,https://uiu.edu/future/admissions.html,https://uiu.edu/financial-aid/,uiu.edu/locations/fayette/Apply.html,0.9338129496402877
154527,490.0,515.0,605.0,488.0,530.0,630.0,19.0,23.0,27.0,19.0,22.0,26.0,18.0,22.0,26.0,2528.0,2543,Wartburg College, ,100 Wartburg Blvd.,Waverly,IA,50677-0903,https://www.wartburg.edu/,https://www.wartburg.edu/admissions,https://www.wartburg.edu/financial-aid,https://www.wartburg.edu/apply,0.9941014549744397
154590,440.0,480.0,540.0,390.0,470.0,560.0,16.0,19.0,22.0,13.0,18.0,21.0,15.0,17.0,23.0,634.0,1112,William Penn University, ,201 Trueblood Ave,Oskaloosa,IA,52577,https://www.wmpenn.edu/,https://www.wmpenn.edu/admissions-aid/admissions/,https://www.wmpenn.edu/financial-aid/,https://wpapplication.wmpenn.edu/login/,0.5701438848920863
154712,560.0,630.0,660.0,557.0,600.0,650.0,22.0,26.0,29.0,21.0,25.0,30.0,20.0,25.0,28.0,2733.0,3575,Benedictine College, ,1020 N 2nd St,Atchison,KS,66002-1499,www.benedictine.edu/,www.benedictine.edu/apply,www.benedictine.edu/financialaid,https://www.benedictine.edu/admission/apply/applications,0.7644755244755245
155061,490.0,550.0,600.0,480.0,530.0,600.0,19.0,22.0,25.0,18.0,21.0,24.0,17.0,21.0,25.0,1995.0,2174,Fort Hays State University,FHSU,600 Park St,Hays,KS,67601-4099,www.fhsu.edu/,www.fhsu.edu/admissions/,www.fhsu.edu/finaid/,www.fhsu.edu/admissions/admissions-application/,0.9176632934682613
155089,465.0,495.0,550.0,450.0,500.0,540.0,17.0,19.0,22.0,15.0,18.0,22.0,16.0,18.0,22.0,631.0,1134,Friends University, ,2100 W. University Ave.,Wichita,KS,67213,www.friends.edu/,www.friends.edu/admissions,www.friends.edu/financial-aid,https://www.friends.edu/admissions/apply-to-friends/,0.5564373897707231
155317,530.0,590.0,650.0,520.0,570.0,640.0,21.0,24.0,27.0,20.0,23.0,27.0,18.0,23.0,27.0,16958.0,19226,University of Kansas,"University of Kansas | Univ of Kansas | Kansas University | KU | Kansas Jayhawks | Univ of KS |University of KS | Kansas Univ | Kansas U, KUMC, University of Kansas Medical Center, KU Medical Center, Kansas University Medical Center","Strong Hall, 1450 Jayhawk Blvd, Room 230",Lawrence,KS,66045,https://ku.edu/,https://admissions.ku.edu/,financialaid.ku.edu/,https://admissions.ku.edu/apply,0.882034744616665
155399,530.0,580.0,630.0,510.0,560.0,630.0,20.0,23.0,27.0,18.0,23.0,27.0,19.0,22.0,26.0,10663.0,13437,Kansas State University,K-State,"919 Mid-Campus Drive, Anderson Hall",Manhattan,KS,66506,www.k-state.edu/,www.k-state.edu/admissions/,www.k-state.edu/sfa,https://www.k-state.edu/admissions/apply/,0.7935551090273126
155511,468.0,510.0,573.0,468.0,520.0,553.0,17.0,21.0,24.0,16.0,19.0,22.0,16.0,19.0,22.0,1013.0,1209,McPherson College, ,1600 E. Euclid,McPherson,KS,67460-1402,www.mcpherson.edu/,www.mcpherson.edu/admissions/,www.mcpherson.edu/admissions/financial-aid/,https://recruit.mcpherson.edu/apply/,0.8378825475599669
155520,463.0,480.0,570.0,465.0,505.0,548.0,17.0,19.0,23.0,15.0,19.0,22.0,16.0,18.0,22.0,797.0,1085,MidAmerica Nazarene University,MidAmerica Nazarene College,2030 E College Way,Olathe,KS,66062-1899,https://www.mnu.edu/,https://www.mnu.edu/undergraduate-admissions/,https://www.mnu.edu/undergraduate-financial-aid/,https://www.mnu.edu/apply,0.7345622119815668
155627,460.0,480.0,590.0,420.0,490.0,550.0,16.0,19.0,21.0,14.0,18.0,21.0,16.0,18.0,22.0,2881.0,3600,Ottawa University-Ottawa,OUKS - Ottawa,1001 South Cedar,Ottawa,KS,66067-3399,www.ottawa.edu/,www.ottawa.edu/ouks/admissions/overview,www.ottawa.edu/ouks/admissions/financial-aid,https://www.ottawa.edu/apply-now,0.8002777777777778
155812,448.0,510.0,560.0,478.0,515.0,533.0,18.0,20.0,24.0,16.0,20.0,22.0,17.0,19.0,23.0,1079.0,1201,University of Saint Mary,"University of St. Mary, University of St Mary",4100 S 4th St,Leavenworth,KS,66048-5082,www.stmary.edu/,www.stmary.edu/admissions.aspx,www.stmary.edu/Admissions/Financial-Aid.aspx,https://espire.stmary.edu/ICS/Admissions/Admission_Application.jnz,0.8984179850124896
155973,420.0,530.0,560.0,410.0,500.0,570.0,18.0,20.0,23.0,15.0,20.0,23.0,17.0,20.0,24.0,378.0,585,Tabor College,Tabor|TC,400 S Jefferson,Hillsboro,KS,67063-1799,tabor.edu/,tabor.edu/undergraduate/,tabor.edu/undergraduate/financial-aid/,https://tabor.edu/undergraduate/apply/,0.6461538461538462
156125,490.0,550.0,630.0,480.0,540.0,620.0,18.0,22.0,26.0,16.0,21.0,25.0,17.0,20.0,25.0,8200.0,8637,Wichita State University,WSU,1845 N. Fairmount,Wichita,KS,67260-0124,www.wichita.edu/,https://www.wichita.edu/admissions/index.php,www.wichita.edu/thisis/home/?u=finaid_home,https://wsu-info.org/go/split.htm,0.9494037281463471
156286,535.0,580.0,613.0,540.0,565.0,630.0,22.0,25.0,28.0,22.0,25.0,29.0,20.0,24.0,27.0,3240.0,3462,Bellarmine University, ,2001 Newburg Rd,Louisville,KY,40205-0671,https://www.bellarmine.edu/,https://www.bellarmine.edu/admissions/,https://www.bellarmine.edu/financialaid/,https://www.bellarmine.edu/admissions/apply-now/,0.9358752166377816
156295,588.0,630.0,680.0,568.0,610.0,655.0,24.0,26.0,27.0,23.0,26.0,29.0,20.0,23.0,26.0,678.0,2073,Berea College, ,101 Chestnut Street,Berea,KY,40404-2182,https://www.berea.edu/,https://www.berea.edu/admissions/,https://www.berea.edu/student-financial-aid/,https://www.berea.edu/admissions/applying-for-admission/,0.32706222865412443
156408,610.0,645.0,683.0,620.0,675.0,740.0,26.0,29.0,32.0,25.0,30.0,34.0,24.0,27.0,30.0,1753.0,3226,Centre College,Centre College of Kentucky,625 W Walnut St,Danville,KY,40422-1394,https://www.centre.edu/,https://www.centre.edu/admission,https://www.centre.edu/aid/,https://www.centre.edu/apply,0.5433973961562306
156620,480.0,530.0,600.0,450.0,525.0,590.0,17.0,21.0,24.0,16.0,21.0,24.0,16.0,19.0,24.0,13340.0,17082,Eastern Kentucky University,Eastern EKU,521 Lancaster Ave,Richmond,KY,40475-3102,www.eku.edu/,admissions.eku.edu/,finaid.eku.edu/,admissions.eku.edu/,0.7809390001170823
156745,520.0,580.0,610.0,510.0,550.0,620.0,21.0,23.0,26.0,20.0,23.0,26.0,20.0,22.0,26.0,1341.0,1815,Georgetown College, ,400 East College Street,Georgetown,KY,40324-1696,www.georgetowncollege.edu/,www.georgetowncollege.edu/admissions/,www.georgetowncollege.edu/fp/,admissions.georgetowncollege.edu/apply/,0.7388429752066116
157058,420.0,460.0,500.0,400.0,450.0,510.0,14.0,16.0,20.0,12.0,15.0,20.0,15.0,16.0,18.0,1852.0,2001,Kentucky State University,K-State,400 East Main Street,Frankfort,KY,40601-2355,www.kysu.edu/,https://www.kysu.edu/student-success-and-retention/breds-office/index.php,https://www.kysu.edu/finance-and-administration/financial-aid/index.php,https://ssb-prod.ec.kysu.edu/PROD/bwskalog.P_DispLoginNon,0.9255372313843079
157076,430.0,490.0,550.0,320.0,520.0,580.0,12.0,20.0,24.0,9.0,20.0,24.0,11.0,20.0,24.0,1346.0,2009,Kentucky Wesleyan College,Wesleyan,3000 Frederica Street,Owensboro,KY,42301,https://kwc.edu/,https://kwc.edu/admissions/,https://kwc.edu/admissions/financial-aid/,https://kwc.edu/admissions/apply/,0.6699850671976108
157085,550.0,590.0,640.0,530.0,580.0,650.0,21.0,25.0,28.0,21.0,24.0,29.0,20.0,24.0,27.0,26083.0,28233,University of Kentucky, ,South Limestone,Lexington,KY,40506-0032,www.uky.edu/,www.uky.edu/admission,www.uky.edu/financialaid,www.uky.edu/admission/apply-uk,0.923847979314986
157100,450.0,490.0,510.0,450.0,480.0,530.0,18.0,20.0,23.0,16.0,21.0,23.0,16.0,18.0,22.0,466.0,747,Kentucky Christian University, ,100 Academic Pkwy,Grayson,KY,41143-1199,www.kcu.edu/,https://www.kcu.edu/admissions/,https://www.kcu.edu/campus-offices/financial-aid/,https://www.kcu.edu/admissions/steps-to-apply/,0.6238286479250335
157289,510.0,570.0,630.0,510.0,560.0,620.0,19.0,23.0,27.0,19.0,23.0,28.0,17.0,22.0,26.0,11937.0,14821,University of Louisville, ,2301 S 3rd St,Louisville,KY,40292-0001,www.louisville.edu/,louisville.edu/admissions/,https://louisville.edu/financialaid/,louisville.edu/admissions/apply/,0.8054112408069631
157377,530.0,570.0,590.0,500.0,530.0,530.0,20.0,23.0,25.0,19.0,22.0,25.0,18.0,21.0,24.0,1066.0,1120,Midway University, ,512 E. Stephens St,Midway,KY,40347-1120,www.midway.edu/,www.midway.edu/admissions-aid/why-midway-university/,www.midway.edu/admissions-aid/cost-aid/,https://www.midway.edu/admissions-aid/apply-to-midway/,0.9517857142857142
157401,480.0,540.0,600.0,470.0,530.0,590.0,19.0,22.0,26.0,19.0,22.0,27.0,17.0,22.0,25.0,9511.0,11038,Murray State University, ,218 Wells Hall,Murray,KY,42071-3318,www.murraystate.edu/,www.murraystate.edu/Admissions,www.murraystate.edu/admissions/financialaid/index.aspx,www.murraystate.edu/admissions/apply.aspx,0.8616597209639427
157447,458.0,515.0,573.0,458.0,510.0,560.0,19.0,22.0,25.0,18.0,22.0,25.0,17.0,20.0,24.0,6162.0,6417,Northern Kentucky University,NKU,Nunn Drive,Highland Heights,KY,41099,www.nku.edu/,https://nku.edu/admissions.html,inside.nku.edu/financialaid.html,https://nku.edu/admissions.html,0.9602618045815802
157748,528.0,570.0,613.0,500.0,545.0,590.0,20.0,22.0,25.0,19.0,22.0,26.0,17.0,19.0,23.0,280.0,289,The Southern Baptist Theological Seminary,"SBTS, Southern Seminary, Boyce College",2825 Lexington Rd,Louisville,KY,40280-0001,www.sbts.edu/,www.sbts.edu/admissions,www.sbts.edu/future-students/financial-aid/,www.sbts.edu/admissions/start-your-application/,0.9688581314878892
157757,428.0,505.0,570.0,425.0,480.0,533.0,16.0,19.0,22.0,14.0,19.0,22.0,15.0,18.0,22.0,796.0,807,Spalding University,Spalding,901 S Fourth Street,Louisville,KY,40203-2188,https://www.spalding.edu/,https://www.spalding.edu/admissions,https://www.spalding.edu/financial-aid,https://www.spalding.edu/apply,0.9863692688971499
157809,510.0,540.0,590.0,490.0,510.0,560.0,20.0,23.0,27.0,19.0,23.0,27.0,18.0,22.0,26.0,2940.0,3030,Thomas More University,Thomas More,333 Thomas More Parkway,Crestview Hills,KY,41017-3495,www.thomasmore.edu/,www.thomasmore.edu/admissions/,www.thomasmore.edu/admissions/financial-aid/,www.thomasmore.edu/admissions/apply/,0.9702970297029703
157818,570.0,630.0,670.0,530.0,580.0,620.0,24.0,27.0,30.0,24.0,28.0,33.0,23.0,26.0,28.0,1688.0,1986,Transylvania University, ,300 N Broadway,Lexington,KY,40508-1797,https://www.transy.edu/,https://www.transy.edu/admission,https://www.transy.edu/financial-aid,https://www.transy.edu/admission/apply-now/,0.8499496475327291
157863,460.0,500.0,560.0,460.0,520.0,545.0,14.0,17.0,21.0,13.0,16.0,21.0,15.0,17.0,21.0,459.0,834,Union College, ,310 College St,Barbourville,KY,40906-1499,https://www.unionky.edu/,https://www.unionky.edu/apply-now,https://www.unionky.edu/apply-now,https://www.unionky.edu/apply-now,0.5503597122302158
157951,450.0,500.0,520.0,370.0,445.0,490.0,16.0,18.0,20.0,14.0,17.0,21.0,15.0,16.0,18.0,7492.0,7720,Western Kentucky University,"WKU, HILLTOPPERS",1906 College Heights Blvd,Bowling Green,KY,42101-1000,https://www.wku.edu/,https://www.wku.edu/admissions/,https://www.wku.edu/financialaid/,www.wku.edu/admissions/,0.9704663212435233
158477,520.0,560.0,620.0,520.0,550.0,590.0,21.0,24.0,28.0,21.0,24.0,30.0,19.0,23.0,25.0,998.0,1834,Centenary College of Louisiana, ,2911 Centenary Boulevard,Shreveport,LA,71104,www.centenary.edu/,www.centenary.edu/admission,www.centenary.edu/fa,https://www.centenary.edu/admission/how-to-apply/,0.5441657579062159
158802,503.0,555.0,590.0,473.0,530.0,563.0,19.0,21.0,23.0,19.0,21.0,24.0,16.0,18.0,22.0,3267.0,8065,Dillard University, ,2601 Gentilly Blvd,New Orleans,LA,70122,www.dillard.edu/,www.dillard.edu/admissions/requirements/index.php,www.dillard.edu/financialaid/apply-financial-aid.php,mydu.dillard.edu/ICS/Admissions/Apply_Today!.jnz,0.4050836949783013
159009,450.0,500.0,590.0,410.0,470.0,560.0,15.0,17.0,19.0,14.0,16.0,19.0,15.0,16.0,17.0,5806.0,24521,Grambling State University,"GSU, Grambling",403 Main Street,Grambling,LA,71245,www.gram.edu/,www.gram.edu/admissions/,www.gram.edu/finaid/,www.gram.edu/admissions/apply/,0.23677664043065128
159382,450.0,500.0,580.0,430.0,510.0,560.0,17.0,20.0,22.0,16.0,20.0,23.0,16.0,17.0,21.0,654.0,706,Louisiana State University-Alexandria,LSUA,8100 Hwy 71 South,Alexandria,LA,71302-9121,www.lsua.edu/,www.lsua.edu/admissions,www.lsua.edu/financial-aid,www.lsua.edu/admissions/apply,0.9263456090651558
159391,590.0,630.0,670.0,560.0,605.0,660.0,24.0,26.0,29.0,23.0,26.0,31.0,22.0,25.0,27.0,31491.0,42558,Louisiana State University and Agricultural & Mechanical College,Louisiana State University|LSU,156 Thomas Boyd Hall,Baton Rouge,LA,70803-2750,www.lsu.edu/,https://www.lsu.edu/admissions/index.php,https://www.lsu.edu/financialaid/index.php,https://www.lsu.edu/admissions/apply/index.php,0.7399548850979839
159416,530.0,580.0,590.0,470.0,480.0,560.0,19.0,22.0,24.0,19.0,22.0,25.0,17.0,19.0,23.0,785.0,949,Louisiana State University-Shreveport,LSUS,One University Place,Shreveport,LA,71115-2399,www.lsus.edu/,www.lsus.edu/undergraduate-admissions,www.lsus.edu/costs-and-aid,https://apply.lsus.edu/,0.827186512118019
159647,500.0,580.0,630.0,545.0,610.0,660.0,21.0,24.0,27.0,21.0,24.0,29.0,20.0,24.0,26.0,6722.0,9263,Louisiana Tech University,"LA Tech, Louisiana Tech, Tech",1310 West Railroad Avenue,Ruston,LA,71272,https://www.latech.edu/,https://www.latech.edu/admissions/,https://www.latech.edu/current-students/financial-aid/,https://www.latech.edu/admissions/apply/,0.7256828241390478
159717,430.0,500.0,560.0,380.0,480.0,560.0,18.0,21.0,24.0,18.0,21.0,24.0,16.0,19.0,23.0,2225.0,3294,McNeese State University,McNeese,4205 Ryan St,Lake Charles,LA,70605,www.mcneese.edu/,www.mcneese.edu/admissions,www.mcneese.edu/finaid,https://www.mcneese.edu/admissions/apply/,0.6754705525197329
159939,470.0,590.0,650.0,490.0,560.0,670.0,17.0,20.0,23.0,16.0,20.0,24.0,16.0,18.0,22.0,4843.0,7253,University of New Orleans,UNO,2000 Lakeshore Drive,New Orleans,LA,70148,new.uno.edu/,new.uno.edu/admissions,new.uno.edu/financial-aid,new.uno.edu/admissions/apply,0.6677237005377086
159966,490.0,540.0,600.0,438.0,475.0,545.0,18.0,21.0,24.0,18.0,21.0,25.0,17.0,20.0,24.0,3188.0,3320,Nicholls State University, ,University Station  La Hwy 1,Thibodaux,LA,70310,www.nicholls.edu/,www.nicholls.edu/admission/,www.nicholls.edu/financial-aid/,www.nicholls.edu/apply/,0.9602409638554217
159993,520.0,560.0,620.0,530.0,650.0,730.0,19.0,21.0,24.0,19.0,22.0,25.0,17.0,19.0,23.0,3637.0,4878,University of Louisiana at Monroe,ULM; University of Louisiana-Monroe; Uni of LA-Monroe; University of Louisiana Monroe; University of Louisiana at Monroe,700 University Avenue,Monroe,LA,71209-0000,www.ulm.edu/,www.ulm.edu/admissions/,www.ulm.edu/financialaid/,www.ulm.edu/admissions/apply.html,0.7455924559245592
160038,495.0,545.0,620.0,430.0,545.0,623.0,18.0,21.0,24.0,18.0,21.0,25.0,16.0,19.0,23.0,2994.0,3194,Northwestern State University of Louisiana,NSU | NSULA | Northwestern State University | Northwestern | NwSU,175 Sam Sibley Drive,Natchitoches,LA,71497-0002,https://www.nsula.edu/,https://www.nsula.edu/admissions/,https://www.nsula.edu/financialaid/,https://www.nsula.edu/futurestudents/how-to-apply/,0.9373825923606762
160621,418.0,460.0,510.0,380.0,430.0,490.0,15.0,17.0,19.0,13.0,16.0,20.0,15.0,16.0,17.0,6095.0,12221,Southern University and A & M College,Southern University Baton Rouge,"P.O. Box 9374, Harding Blvd",Baton Rouge,LA,70813,www.subr.edu/,https://www.subr.edu/subhome/153,https://www.subr.edu/page/498,https://www.subr.edu/page/about-southern-university-online,0.4987316913509533
160658,560.0,600.0,645.0,560.0,590.0,610.0,23.0,25.0,27.0,23.0,26.0,30.0,21.0,24.0,26.0,9486.0,10679,University of Louisiana at Lafayette,UL Lafayette,104 University Circle,Lafayette,LA,70503,www.louisiana.edu/,louisiana.edu/admissions-aid,financialaid.louisiana.edu/,https://louisiana.edu/admissions-aid/application-process,0.8882854199831445
160755,690.0,720.0,750.0,700.0,730.0,760.0,31.0,32.0,33.0,31.0,34.0,35.0,27.0,29.0,32.0,4077.0,27936,Tulane University of Louisiana,Tulane University,6823 St. Charles Avenue,New Orleans,LA,70118-5698,https://tulane.edu/,https://admission.tulane.edu/,https://financialaid.tulane.edu/,https://admission.tulane.edu/apply,0.14594072164948454
160904,500.0,530.0,568.0,453.0,520.0,570.0,19.0,21.0,25.0,19.0,21.0,25.0,17.0,20.0,24.0,7156.0,9608,Xavier University of Louisiana, ,1 Drexel Drive,New Orleans,LA,70125-1098,https://www.xula.edu/,https://www.xula.edu/admissions/index.html,https://www.xula.edu/financialaid/index.html,https://www.xula.edu/apply/index.html,0.7447960033305578
161004,730.0,750.0,760.0,750.0,760.0,790.0,33.0,34.0,35.0,34.0,35.0,36.0,30.0,32.0,34.0,879.0,10966,Bowdoin College, ,255 Maine Street,Brunswick,ME,04011,https://www.bowdoin.edu/,https://www.bowdoin.edu/admissions/,https://www.bowdoin.edu/student-aid/,https://www.bowdoin.edu/admissions/apply/,0.08015684844063468
161086,710.0,740.0,760.0,730.0,770.0,790.0,32.0,33.0,34.0,33.0,35.0,35.0,29.0,31.0,33.0,1215.0,17786,Colby College, ,4000 Mayflower Hill Drive,Waterville,ME,04901-8840,www.colby.edu/,afa.colby.edu/,afa.colby.edu/cost-and-aid/,afa.colby.edu/apply/,0.06831215562802204
161299,540.0,590.0,640.0,530.0,580.0,630.0,23.0,26.0,30.0,21.0,23.0,27.0,24.0,26.0,28.0,703.0,1145,Maine Maritime Academy, ,1 Pleasant Street,Castine,ME,04420-0001,https://mainemaritime.edu/,https://mainemaritime.edu/admissions,https://mainemaritime.edu/admissions/undergraduate-admissions/financial-aid,https://mainemaritime.edu/admissions/undergraduate-admissions/applicant-information/,0.6139737991266375
161554,505.0,560.0,640.0,490.0,560.0,640.0,23.0,25.0,26.0,17.0,19.0,25.0,19.0,25.0,28.0,4618.0,5823,University of Southern Maine, ,96 Falmouth St,Portland,ME,04103,usm.maine.edu/,usm.maine.edu/office-of-admissions,usm.maine.edu/student-financial-services,https://usm.maine.edu/office-of-admissions/apply,0.7930619955349476
162654,560.0,625.0,683.0,520.0,580.0,683.0,26.0,27.0,30.0,24.0,27.0,31.0,21.0,26.0,27.0,2566.0,3520,Goucher College, ,1021 Dulaney Valley Rd,Baltimore,MD,21204-2794,www.goucher.edu/,www.goucher.edu/become,www.goucher.edu/financial-aid,www.goucher.edu/become/apply/,0.7289772727272728
162928,750.0,760.0,780.0,780.0,790.0,800.0,34.0,35.0,35.0,35.0,35.0,36.0,33.0,35.0,36.0,2943.0,38926,Johns Hopkins University,Johns Hopkins,3400 N Charles St,Baltimore,MD,21218-2688,www.jhu.edu/,https://apply.jhu.edu/,https://sfs.jhu.edu/,https://apply.commonapp.org/,0.07560499409135282
163046,610.0,650.0,690.0,570.0,620.0,660.0,27.0,30.0,32.0,27.0,31.0,34.0,24.0,26.0,29.0,7757.0,10162,Loyola University Maryland, ,4501 N Charles St,Baltimore,MD,21210-2699,https://www.loyola.edu/,https://www.loyola.edu/admission,https://www.loyola.edu/department/financial-aid,https://www.loyola.edu/admission,0.7633339893721708
163268,610.0,650.0,700.0,610.0,650.0,710.0,23.0,27.0,30.0,23.0,26.0,32.0,22.0,26.0,28.0,9762.0,13150,University of Maryland-Baltimore County,UMBC,1000 Hilltop Circle,Baltimore,MD,21250,umbc.edu/,undergraduate.umbc.edu/,financialaid.umbc.edu/,undergraduate.umbc.edu/apply/index.php,0.7423574144486692
163286,670.0,710.0,740.0,700.0,750.0,780.0,32.0,33.0,35.0,32.0,34.0,35.0,29.0,32.0,35.0,26625.0,59377,University of Maryland-College Park, , ,College Park,MD,20742,www.umd.edu/,www.admissions.umd.edu/,www.financialaid.umd.edu/,www.admissions.umd.edu/apply/,0.44840594843121073
163295,455.0,540.0,580.0,460.0,590.0,640.0,26.0,28.0,30.0,26.0,29.0,32.0,23.0,24.0,27.0,2417.0,3127,Maryland Institute College of Art,MICA,1300 Mount Royal Avenue,Baltimore,MD,21217-4134,www.mica.edu/,www.mica.edu/admissions,www.mica.edu/financial-aid,micaundergrad.slideroom.com/#/Login,0.772945314998401
163453,410.0,480.0,530.0,450.0,500.0,550.0,17.0,19.0,21.0,15.0,18.0,21.0,15.0,17.0,19.0,18865.0,22741,Morgan State University, ,1700 East Cold Spring Lane,Baltimore,MD,21251-0001,https://www.morgan.edu/,https://morgan.edu/undergradadmissions,https://www.morgan.edu/financialaid,https://morgan.elluciancrmrecruit.com/Apply/Account/Login?ReturnUrl=%2fApply,0.8295589463963766
163851,600.0,640.0,670.0,580.0,610.0,640.0,26.0,26.0,28.0,25.0,27.0,30.0,23.0,26.0,27.0,7170.0,8090,Salisbury University,SU|Salisbury,1101 Camden Ave,Salisbury,MD,21801-6862,https://www.salisbury.edu/,www.salisbury.edu/admissions,www.salisbury.edu/admissions/finaid/welcome.html,www.salisbury.edu/admissions/apply/,0.8862793572311496
163912,570.0,630.0,690.0,540.0,590.0,640.0,24.0,28.0,30.0,23.0,27.0,31.0,17.0,22.0,27.0,2344.0,3109,St. Mary's College of Maryland,St. Mary's or SMCM,47645 College Drive,St. Mary's City,MD,20686,https://www.smcm.edu/,https://www.smcm.edu/admissions/,https://www.smcm.edu/osfa/,https://www.smcm.edu/admissions/how-to-apply/,0.7539401736892891
163976,650.0,710.0,760.0,600.0,660.0,740.0,29.0,31.0,32.0,31.0,34.0,35.0,23.0,27.0,29.0,469.0,1059,St. John's College,SJC,60 College Ave,Annapolis,MD,21401,www.sjc.edu/,www.sjc.edu/admissions-and-aid/,www.sjc.edu/admissions-and-aid/financial-aid/,https://admissions.sjc.edu/apply/?_ga=1.116226438.1270557416.1458678535,0.4428706326723324
164076,540.0,600.0,650.0,510.0,560.0,620.0,19.0,25.0,28.0,20.0,22.0,27.0,17.0,22.0,26.0,15689.0,18948,Towson University, ,8000 York Rd,Towson,MD,21252-0001,www.towson.edu/,https://www.towson.edu/admissions/,https://www.towson.edu/admissions/financialaid/,https://www.towson.edu/admissions/undergrad/,0.8280029554570403
164155,600.0,650.0,700.0,600.0,650.0,720.0,24.0,28.0,31.0,24.0,28.0,33.0,25.0,27.0,30.0,1379.0,14727,United States Naval Academy,"USNA, Navy, Annapolis",121 Blake Road,Annapolis,MD,21402-1300,www.usna.edu/,www.usna.edu/Admissions, ,www.usna.edu/Admissions,0.09363753649758946
164465,690.0,740.0,770.0,670.0,760.0,780.0,31.0,33.0,35.0,32.0,35.0,35.0,28.0,31.0,35.0,1250.0,12727,Amherst College, ,Boltwood Avenue,Amherst,MA,01002-5000,www.amherst.edu/,www.amherst.edu/admission/,www.amherst.edu/offices/financialaid,https://www.amherst.edu/admission/apply/firstyear,0.09821639035122182
164580,660.0,690.0,720.0,720.0,750.0,780.0,30.0,31.0,33.0,29.0,33.0,35.0,28.0,31.0,32.0,1578.0,7995,Babson College, ,231 Forest Street,Wellesley,MA,02457-0310,www.babson.edu/,www.babson.edu/undergraduate/admission/,www.babson.edu/admission/tuition-and-financial-aid/,www.babson.edu/undergraduate/admission/how-to-apply/,0.1973733583489681
164739,620.0,650.0,690.0,630.0,680.0,720.0,29.0,31.0,32.0,26.0,31.0,33.0,27.0,29.0,31.0,5077.0,10482,Bentley University,Bentley,175 Forest St,Waltham,MA,02452-4705,www.bentley.edu/,www.bentley.edu/undergraduate,www.bentley.edu/offices/financial-assistance,www.bentley.edu/undergraduate,0.48435413089105134
164924,710.0,730.0,760.0,720.0,760.0,780.0,33.0,34.0,34.0,34.0,35.0,35.0,30.0,32.0,34.0,5645.0,36069,Boston College, ,140 Commonwealth Avenue,Chestnut Hill,MA,02467,www.bc.edu/,https://www.bc.edu/content/bc-web/admission.html,https://www.bc.edu/bc-web/offices/student-services/financial-aid.html,www.commonapp.org/,0.15650558651473565
164988,680.0,710.0,740.0,720.0,760.0,780.0,32.0,33.0,34.0,33.0,35.0,35.0,29.0,31.0,34.0,8733.0,80495,Boston University,BU|Boston U,One Silber Way,Boston,MA,02215,www.bu.edu/,www.bu.edu/admissions,www.bu.edu/finaid,www.bu.edu/admissions/apply,0.10849121063420088
165015,690.0,720.0,750.0,700.0,750.0,780.0,31.0,33.0,34.0,32.0,34.0,35.0,28.0,31.0,34.0,3984.0,11282,Brandeis University, ,415 South St,Waltham,MA,02454-9110,https://www.brandeis.edu/,https://www.brandeis.edu/admissions/,https://www.brandeis.edu/student-financial-services/,https://www.brandeis.edu/admissions/apply/index.html,0.3531288778585357
165334,640.0,680.0,710.0,600.0,640.0,690.0,30.0,31.0,33.0,31.0,33.0,35.0,26.0,28.0,30.0,4471.0,10730,Clark University, ,950 Main St,Worcester,MA,01610-1477,www.clarku.edu/,www.clarku.edu/undergraduate-admissions/,https://www.clarku.edu/offices/financial-aid/current-undergraduate-students/,www.clarku.edu/admissions/apply/,0.41668219944082013
165662,650.0,690.0,720.0,600.0,650.0,690.0,30.0,31.0,33.0,32.0,34.0,35.0,26.0,28.0,30.0,5267.0,11092,Emerson College,Emerson,120 Boylston Street,Boston,MA,02116-4624,www.emerson.edu/,www.emerson.edu/admissions-aid,emerson.edu/departments/student-financial-services,www.commonapp.org/,0.4748467363865849
165699,590.0,640.0,680.0,570.0,620.0,660.0,26.0,27.0,29.0,23.0,27.0,28.0,23.0,25.0,29.0,4021.0,5562,Endicott College, ,376 Hale Street,Beverly,MA,01915,www.endicott.edu/,www.endicott.edu/admission,www.endicott.edu/financialaid,www.endicott.edu/admission/how-to-apply,0.7229413879899317
165820,520.0,560.0,620.0,510.0,550.0,600.0,19.0,24.0,25.0,14.0,16.0,23.0,16.0,20.0,24.0,3915.0,4353,Fitchburg State University,Fitchburg State,160 Pearl St,Fitchburg,MA,01420-2697,www.fitchburgstate.edu/,www.fitchburgstate.edu/admissions,www.fitchburgstate.edu/finaid,www.fitchburgstate.edu/admissions-and-aid/apply-fitchburg-state,0.8993797381116472
165936,598.0,635.0,690.0,570.0,615.0,680.0,26.0,28.0,32.0,24.0,30.0,35.0,22.0,26.0,29.0,1516.0,2579,Gordon College, ,255 Grapevine Rd,Wenham,MA,01984,www.gordon.edu/,www.gordon.edu/admissions,www.gordon.edu/sfs,www.gordon.edu/apply,0.5878247382706475
166027,740.0,760.0,780.0,760.0,790.0,800.0,34.0,35.0,36.0,35.0,35.0,36.0,33.0,35.0,36.0,1965.0,56937,Harvard University, ,Massachusetts Hall,Cambridge,MA,02138,www.harvard.edu/,college.harvard.edu/admissions,college.harvard.edu/financial-aid,college.harvard.edu/admissions/apply/application-requirements,0.03451182886348069
166124,630.0,680.0,720.0,620.0,660.0,700.0,28.0,30.0,32.0,26.0,31.0,34.0,25.0,28.0,30.0,1829.0,8670,College of the Holy Cross,Holy Cross,One College Street,Worcester,MA,01610-2395,www.holycross.edu/,www.holycross.edu/admissions-aid,www.holycross.edu/admissions-aid/financial-aid,https://www.holycross.edu/admissions-aid/apply,0.21095732410611304
166391,550.0,600.0,650.0,535.0,590.0,610.0,18.0,21.0,26.0,17.0,20.0,27.0,17.0,22.0,24.0,2517.0,3060,Lasell University, ,1844 Commonwealth Avenue,Newton,MA,02466,www.lasell.edu/,www.lasell.edu/Admissions.html,www.lasell.edu/tuition-and-aid.html,www.lasell.edu/admissions/apply.html,0.8225490196078431
166513,590.0,630.0,670.0,590.0,620.0,680.0,26.0,27.0,30.0,24.0,27.0,30.0,25.0,27.0,30.0,10764.0,12628,University of Massachusetts-Lowell, ,1 University Ave,Lowell,MA,01854,www.uml.edu/,www.uml.edu/admissions/,www.uml.edu/thesolutioncenter/financial-aid,https://www.uml.edu/Admissions-Aid/Apply.aspx,0.8523915109280963
166629,650.0,690.0,720.0,650.0,700.0,760.0,29.0,31.0,33.0,29.0,32.0,35.0,27.0,29.0,31.0,29129.0,50424,University of Massachusetts-Amherst,UMass Amherst,374 Whitmore Building 181 Presidents Drive,Amherst,MA,01003,www.umass.edu/,www.umass.edu/admissions/,www.umass.edu/financialaid,www.commonapp.org/,0.577681262890687
166638,540.0,590.0,650.0,540.0,590.0,640.0,24.0,27.0,30.0,24.0,28.0,31.0,22.0,26.0,28.0,17353.0,20918,University of Massachusetts-Boston, ,100 Morrissey Boulevard,Boston,MA,02125-3393,www.umb.edu/,www.umb.edu/admissions,www.umb.edu/admissions/financial_aid_scholarships,www.umb.edu/admissions,0.8295726168849794
166656,540.0,595.0,640.0,540.0,610.0,700.0,23.0,27.0,33.0,22.0,28.0,31.0,23.0,28.0,33.0,5121.0,6010,MCPHS University,MCPHS University,179 Longwood Ave,Boston,MA,02115-5896,www.mcphs.edu/,www.mcphs.edu/admission-and-aid,www.mcphs.edu/admission-and-aid/financial-services,www.mcphs.edu/apply,0.8520798668885191
166683,730.0,760.0,780.0,780.0,790.0,800.0,34.0,35.0,36.0,34.0,35.0,36.0,34.0,35.0,36.0,1274.0,26904,Massachusetts Institute of Technology,"MIT, M.I.T.",77 Massachusetts Avenue,Cambridge,MA,02139-4307,web.mit.edu/,https://mitadmissions.org/,https://sfs.mit.edu/,my.mit.edu/,0.04735355337496283
166939,690.0,720.0,750.0,660.0,700.0,750.0,31.0,32.0,33.0,31.0,35.0,35.0,27.0,29.0,31.0,1926.0,5030,Mount Holyoke College,MHC,50 College Street,South Hadley,MA,01075-1489,https://www.mtholyoke.edu/,https://www.mtholyoke.edu/admission,https://www.mtholyoke.edu/sfs,https://www.mtholyoke.edu/admission/apply-undergraduate-first-year,0.38290258449304176
167358,710.0,730.0,760.0,750.0,770.0,790.0,33.0,34.0,35.0,33.0,35.0,35.0,31.0,33.0,35.0,5459.0,96631,Northeastern University, ,360 Huntington Ave,Boston,MA,02115-5005,www.northeastern.edu/,https://www.northeastern.edu/admissions/,https://studentfinance.northeastern.edu/,https://www.commonapp.org/,0.056493257857209385
167783,640.0,680.0,710.0,590.0,650.0,680.0,26.0,29.0,31.0,28.0,31.0,34.0,26.0,26.0,27.0,3215.0,4871,Simmons University, ,300 The Fenway,Boston,MA,02115-5898,www.simmons.edu/,https://www.simmons.edu/undergraduate/admission-and-financial-aid,https://www.simmons.edu/admission-financial-aid/financial-aid-and-affordability,www.simmons.edu/undergraduate/admission-and-financial-aid/how-apply,0.660028741531513
167835,718.0,750.0,770.0,690.0,730.0,770.0,32.0,33.0,34.0,34.0,35.0,35.0,28.0,30.0,33.0,1947.0,9869,Smith College, ,Elm St,Northampton,MA,01063,www.smith.edu/,www.smith.edu/admission/,www.smith.edu/sfs,https://www.smith.edu/admission-aid/how-apply/first-year-students,0.1972844259803425
167987,520.0,580.0,640.0,520.0,570.0,620.0,22.0,24.0,27.0,27.0,28.0,29.0,19.0,22.0,26.0,9026.0,9794,University of Massachusetts-Dartmouth,UMass Dartmouth,285 Old Westport Rd,North Dartmouth,MA,02747-2300,www.umassd.edu/,https://www.umassd.edu/admissions/,https://www.umassd.edu/financialaid/,https://www.umassd.edu/apply/,0.9215846436593833
168218,720.0,750.0,770.0,720.0,760.0,780.0,33.0,34.0,35.0,34.0,35.0,35.0,29.0,32.0,34.0,1138.0,8184,Wellesley College, ,106 Central St,Wellesley,MA,02481-8203,www.wellesley.edu/,www.wellesley.edu/admission,www.wellesley.edu/admission/finaid,www.wellesley.edu/admission/apply,0.1390518084066471
168227,570.0,610.0,660.0,570.0,610.0,660.0,25.0,27.0,31.0,25.0,27.0,32.0,26.0,28.0,32.0,5509.0,6453,Wentworth Institute of Technology,WIT | Wentworth School of Architecture and Design | Wentworth School of Engineering | Wentworth School of Computing and Data Science | Wentworth Fenway | Wentworth Boston | Wentworth ABET | Wentworth NAAB,550 Huntington Ave,Boston,MA,02115,https://wit.edu/,https://wit.edu/admissions,https://wit.edu/admissions/financial-aid,https://wit.edu/admissions/apply-now,0.8537114520378118
168254,570.0,620.0,650.0,560.0,610.0,660.0,25.0,26.0,27.0,22.0,24.0,25.0,19.0,25.0,26.0,5440.0,6534,Western New England University,WNE,1215 Wilbraham Rd,Springfield,MA,01119-2684,wne.edu/,wne.edu/admissions/index,wne.edu/cost-and-aid/index,https://wne.edu/become-a-student/apply/index,0.8325681052953781
168281,620.0,670.0,720.0,590.0,640.0,700.0,29.0,31.0,33.0,32.0,34.0,35.0,25.0,27.0,30.0,3354.0,4702,Wheaton College (Massachusetts), ,26 E Main St,Norton,MA,02766-2322,www.wheatoncollege.edu/,wheatoncollege.edu/admission/,wheatoncollege.edu/about-wheaton-college/offices-services/student-financial-services/,wheatoncollege.edu/admission/apply/,0.7133134836239898
168342,730.0,760.0,770.0,740.0,770.0,790.0,33.0,34.0,35.0,34.0,35.0,35.0,31.0,33.0,35.0,1145.0,11465,Williams College,Williams|William College|William|Williams College|Wiliams College|Wiliams,880 Main St,Williamstown,MA,01267,https://www.williams.edu/,https://www.williams.edu/admission-aid/,https://www.williams.edu/sfs/,https://www.williams.edu/admission-aid/apply-overview/,0.09986916703009158
168528,455.0,500.0,570.0,425.0,500.0,550.0,18.0,23.0,26.0,17.0,20.0,23.0,16.0,23.0,25.0,2088.0,3054,Adrian College, ,110 S Madison St,Adrian,MI,49221-2575,www.adrian.edu/,www.adrian.edu/admissions/,www.adrian.edu/financial-aid,www.adrian.edu/apply,0.6836935166994106
168740,540.0,610.0,690.0,530.0,590.0,680.0,20.0,23.0,28.0,19.0,24.0,30.0,19.0,22.0,26.0,1124.0,1286,Andrews University,Andrews,"4150 Administration Drive, Room 136",Berrien Springs,MI,49104,https://www.andrews.edu/,https://www.andrews.edu/admissions/,https://www.andrews.edu/future/financing/aid/,https://www.andrews.edu/apply/,0.8740279937791602
168786,490.0,550.0,620.0,500.0,530.0,590.0,20.0,23.0,25.0,17.0,22.0,24.0,18.0,22.0,25.0,1628.0,2291,Aquinas College,AQ,1700 Fulton St. E,Grand Rapids,MI,49506-1801,https://www.aquinas.edu/,https://www.aquinas.edu/undergraduate-admissions,https://www.aquinas.edu/financial-aid,https://admissions.aquinas.edu/apply/,0.7106067219554779
169080,530.0,600.0,670.0,540.0,600.0,670.0,22.0,25.0,30.0,21.0,25.0,30.0,20.0,25.0,28.0,3365.0,4719,Calvin University,Calvin,3201 Burton Street SE,Grand Rapids,MI,49546,www.calvin.edu/,www.calvin.edu/admissions/,www.calvin.edu/finaid/,www.calvin.edu/apply/,0.7130748039838949
169248,490.0,550.0,620.0,470.0,540.0,590.0,21.0,24.0,27.0,20.0,24.0,28.0,19.0,23.0,27.0,16474.0,18102,Central Michigan University, ,106 Warriner Hall,Mount Pleasant,MI,48859,https://www.cmich.edu/,https://www.cmich.edu/admissions-aid,https://www.cmich.edu/offices-departments/office-scholarships-financial-aid,https://fireup.cmich.edu/apply/,0.9100651861672744
169716,510.0,560.0,630.0,510.0,560.0,630.0,22.0,25.0,28.0,21.0,23.0,30.0,20.0,25.0,27.0,4608.0,5750,University of Detroit Mercy,"Detroit Mercy, UDM, U of D, University of Detroit",4001 W McNichols Rd,Detroit,MI,48221-3038,https://www.udmercy.edu/,https://www.udmercy.edu/admission/,https://www.udmercy.edu/admission/financial-aid/,https://www.udmercy.edu/apply,0.8013913043478261
169798,470.0,530.0,600.0,440.0,510.0,570.0,18.0,22.0,26.0,18.0,22.0,26.0,17.0,21.0,26.0,16555.0,20351,Eastern Michigan University, ,900 Oakwood St.,Ypsilanti,MI,48197,www.emich.edu/,www.emich.edu/admissions/,www.emich.edu/finaid/,https://www.emich.edu/admissions/apply/index.php,0.8134735393838141
169910,450.0,500.0,570.0,440.0,500.0,550.0,18.0,20.0,26.0,16.0,19.0,25.0,16.0,19.0,25.0,7694.0,9548,Ferris State University, ,1201 S State St,Big Rapids,MI,49307-2251,www.ferris.edu/,www.ferris.edu/admissions/,www.ferris.edu/admissions/financialaid/,www.ferris.edu/admissions/application/,0.8058232090490155
169983,520.0,590.0,640.0,540.0,620.0,670.0,26.0,27.0,29.0,24.0,25.0,29.0,23.0,27.0,28.0,1543.0,1951,Kettering University,GMI Engineering & Management Institute,1700 University Avenue,Flint,MI,48504-6214,https://www.kettering.edu/,https://www.kettering.edu/admissions,https://www.kettering.edu/admissions/tuition-affordability,https://www.kettering.edu/apply,0.7908764736032804
170082,480.0,540.0,600.0,460.0,530.0,590.0,21.0,24.0,28.0,20.0,24.0,28.0,18.0,24.0,27.0,23008.0,24297,Grand Valley State University,Grand Valley|GVSU|Grand Valley State|,1 Campus Dr,Allendale,MI,49401-9403,www.gvsu.edu/,www.gvsu.edu/admissions/,www.gvsu.edu/financialaid/,https://www.gvsu.edu/admissions/undergraduate-application-23.htm,0.9469481829032391
170286,670.0,725.0,760.0,670.0,700.0,750.0,30.0,32.0,33.0,31.0,34.0,35.0,27.0,29.0,31.0,571.0,2773,Hillsdale College, ,33 E College St,Hillsdale,MI,49242,https://www.hillsdale.edu/,https://www.hillsdale.edu/admissions-aid/admissions-2/,https://www.hillsdale.edu/admissions-aid/financial-aid/,https://apply2.hillsdale.edu/apply/,0.20591417237648757
170301,550.0,610.0,660.0,540.0,590.0,650.0,26.0,29.0,31.0,25.0,29.0,31.0,24.0,27.0,29.0,3949.0,5206,Hope College, ,"President's Office, 141 East 12th Street",Holland,MI,49423-9000,https://www.hope.edu/,https://www.hope.edu/admissions,https://hope.edu/offices/financial-aid/,https://hope.edu/admissions/apply.html,0.7585478294275836
170976,670.0,720.0,750.0,680.0,750.0,780.0,31.0,33.0,34.0,32.0,35.0,35.0,29.0,32.0,34.0,15722.0,87632,University of Michigan-Ann Arbor,U of Michigan|U of M|Univ of Michigan|U Michigan Ann Arbor|University of Michigan Ann Arbor,1109 Geddes Avenue,Ann Arbor,MI,48109,https://umich.edu/,https://admissions.umich.edu/,https://finaid.umich.edu/,https://admissions.umich.edu/apply,0.17940934818331203
171100,580.0,630.0,670.0,570.0,620.0,680.0,26.0,28.0,31.0,26.0,30.0,33.0,24.0,27.0,30.0,49414.0,58879,Michigan State University,MSU|Spartans|MI State University|State|MI State U, ,East Lansing,MI,48824-1046,https://www.msu.edu/,https://admissions.msu.edu/,https://www.finaid.msu.edu/,https://admissions.msu.edu/apply,0.8392465904651913
171128,560.0,610.0,660.0,560.0,610.0,670.0,25.0,28.0,31.0,23.0,27.0,31.0,25.0,28.0,31.0,10935.0,12434,Michigan Technological University,Michigan Tech|MTU|Michigan Tech University|Mich Tech|Michigan Technological Univ|Michigan Tech Univ|MT,1400 Townsend Drive,Houghton,MI,49931-1295,https://www.mtu.edu/,https://www.mtu.edu/admissions/,https://www.mtu.edu/finaid/,https://www.mtu.edu/admissions/apply/,0.8794434614765965
171137,500.0,560.0,630.0,490.0,560.0,630.0,23.0,26.0,30.0,23.0,26.0,30.0,23.0,27.0,29.0,7254.0,12373,University of Michigan-Dearborn,UM-Dearborn,4901 Evergreen Rd,Dearborn,MI,48128-1491,https://umdearborn.edu/,https://umdearborn.edu/admissions/,https://umdearborn.edu/financialaid/,https://umdearborn.edu/apply/,0.5862765699506991
171146,490.0,560.0,620.0,460.0,540.0,590.0,17.0,24.0,29.0,16.0,23.0,33.0,18.0,22.0,26.0,6105.0,8870,University of Michigan-Flint,UM-Flint,303 E. Kearsley Street,Flint,MI,48502-1950,www.umflint.edu/,www.umflint.edu/admissions/,www.umflint.edu/finaid/,www.umflint.edu/admissions/,0.6882750845546787
172051,480.0,530.0,590.0,460.0,520.0,570.0,19.0,21.0,25.0,17.0,20.0,24.0,17.0,21.0,24.0,7450.0,10222,Saginaw Valley State University, ,7400 Bay Rd,University Center,MI,48710,www.svsu.edu/,www.svsu.edu/apply/undergraduate/,www.svsu.edu/cfsc/,www.svsu.edu/apply/undergraduate/,0.7288201917432988
172264,440.0,500.0,570.0,450.0,540.0,570.0,16.0,19.0,20.0,15.0,18.0,20.0,16.0,19.0,22.0,1204.0,1809,Siena Heights University, ,1247 E. Siena Heights Dr.,Adrian,MI,49221,https://www.sienaheights.edu/,https://www.sienaheights.edu/residential-campus/,https://www.sienaheights.edu/financial-aid/,https://www.sienaheights.edu/,0.6655610834715312
172334,470.0,530.0,595.0,465.0,530.0,570.0,17.0,23.0,25.0,17.0,20.0,24.0,19.0,23.0,24.0,1174.0,3145,Spring Arbor University,SAU | SAC | Spring Arbor College | Spring Arber Unviversity | Spring Arbor | Spring Arber | Spring Arbor Collage,106 E. Main St,Spring Arbor,MI,49283-9799,https://www.arbor.edu/,https://www.arbor.edu/admissions/,https://www.arbor.edu/admissions/financial-aid/,https://www.arbor.edu/admissions/apply/,0.37329093799682034
172644,530.0,580.0,640.0,510.0,560.0,620.0,21.0,25.0,28.0,21.0,25.0,30.0,18.0,23.0,27.0,12461.0,15190,Wayne State University,WSU,42 W. Warren Ave.,Detroit,MI,48202,https://wayne.edu/,https://wayne.edu/admissions,https://wayne.edu/financial-aid,https://wayne.edu/apply,0.8203423304805794
172699,500.0,560.0,620.0,490.0,540.0,600.0,20.0,24.0,27.0,18.0,24.0,26.0,20.0,23.0,26.0,17020.0,20100,Western Michigan University,WMU,1903 W Michigan Ave,Kalamazoo,MI,49008-5200,https://wmich.edu/,https://wmich.edu/admissions/,https://wmich.edu/finaid/,https://wmich.edu/apply/,0.8467661691542289
173142,450.0,520.0,630.0,550.0,590.0,630.0,21.0,23.0,26.0,18.0,22.0,25.0,19.0,23.0,26.0,449.0,881,Bethany Lutheran College,blc|bethany|bethnay|bethany lutheran|bethnay lutheran|bethany luthern|bethnay luthern|bethany college|bethnay college|bethany collage|bethnay collage|bethany lutheran college|bethnay lutheran college|bethany luthern college|bethnay luthern college|bethel lutheran college|bethany lutheran collage|bethnay lutheran collage|bethany luthern collage|bethnay luthern collage,700 Luther Dr,Mankato,MN,56001,https://www.blc.edu/,https://www.blc.edu/admissions,https://www.blc.edu/financial-aid,https://www.blc.edu/apply,0.5096481271282634
173160,520.0,580.0,625.0,545.0,570.0,615.0,23.0,26.0,29.0,21.0,25.0,30.0,21.0,25.0,28.0,1494.0,1642,Bethel University, ,3900 Bethel Dr,Saint Paul,MN,55112,https://www.bethel.edu/,https://www.bethel.edu/admissions/,https://www.bethel.edu/financial-aid,https://www.bethel.edu/undergrad/admissions/apply/,0.9098660170523751
173258,710.0,740.0,760.0,720.0,760.0,790.0,32.0,33.0,34.0,33.0,35.0,35.0,29.0,31.0,34.0,1440.0,6464,Carleton College, ,One North College Street,Northfield,MN,55057,https://www.carleton.edu/,https://www.carleton.edu/admissions/,https://www.carleton.edu/financial-aid/our-approach/#tabPanel1_tab0,https://www.carleton.edu/admissions/apply/steps/,0.22277227722772278
173300,560.0,636.0,730.0,600.0,626.0,690.0,21.0,24.0,28.0,20.0,24.0,27.0,20.0,24.0,27.0,2796.0,4434,Concordia College at Moorhead, ,901 S 8th St,Moorhead,MN,56562,https://www.concordiacollege.edu/,https://www.concordiacollege.edu/admission/apply/,https://www.concordiacollege.edu/tuition-aid/,https://concordiacollegecommunities.force.com/cc_App_login?startURL=%2F%3F_ga%3D2.117009729.670611427.1534167882-1160582414.1532983187,0.6305818673883626
173452,538.0,605.0,653.0,540.0,590.0,603.0,22.0,24.0,27.0,20.0,22.0,28.0,21.0,24.0,27.0,180.0,218,Martin Luther College,MLC,1995 Luther Ct,New Ulm,MN,56073-3965,www.mlc-wels.edu/,https://mlc-wels.edu/admissions/,https://mlc-wels.edu/financial-aid,https://mlc-wels.edu/admissions/apply/,0.8256880733944955
173665,593.0,650.0,695.0,553.0,620.0,698.0,20.0,24.0,28.0,20.0,23.0,28.0,19.0,24.0,26.0,2861.0,3185,Hamline University, ,1536 Hewitt Avenue,Saint Paul,MN,55104-1284,https://www.hamline.edu/,https://www.hamline.edu/admission-aid/admission,https://www.hamline.edu/admission-aid/financial-aid,https://www.hamline.edu/admission-aid/admission/apply/first-year,0.8982731554160126
173902,680.0,710.0,750.0,670.0,700.0,760.0,30.0,32.0,33.0,30.0,33.0,35.0,26.0,29.0,32.0,2285.0,8099,Macalester College, ,1600 Grand Ave,Saint Paul,MN,55105-1899,www.macalester.edu/,www.macalester.edu/admissions/,www.macalester.edu/financialaid/,www.macalester.edu/admissions/apply/,0.28213359674033833
174066,640.0,680.0,720.0,670.0,720.0,760.0,27.0,29.0,31.0,25.0,28.0,33.0,25.0,28.0,31.0,30705.0,39863,University of Minnesota-Twin Cities, ,100 Church Street SE,Minneapolis,MN,55455-0213,https://twin-cities.umn.edu/,https://admissions.tc.umn.edu/,https://onestop.umn.edu/finances/financial-aid,https://admissions.tc.umn.edu/apply/how-apply,0.7702631512931791
174127,570.0,650.0,750.0,540.0,630.0,680.0,20.0,23.0,24.0,20.0,23.0,25.0,16.0,18.0,22.0,428.0,885,Minneapolis College of Art and Design,MCAD,2501 Stevens Ave,Minneapolis,MN,55404,https://mcad.edu/,https://mcad.edu/admissions-aid,https://mcad.edu/admissions-aid/financial-aid,https://mcad.edu/application/portal,0.48361581920903957
174233,578.0,625.0,670.0,550.0,610.0,665.0,23.0,25.0,28.0,21.0,24.0,27.0,22.0,25.0,27.0,7768.0,9502,University of Minnesota-Duluth, ,515 Darland Administration Bldg,Duluth,MN,55812,https://www.d.umn.edu/,https://admissions.d.umn.edu/undergraduate-admissions,https://onestop.d.umn.edu/finances/financial-aid,https://admissions.d.umn.edu/undergraduate-admissions/apply,0.8175121027152179
174491,488.0,605.0,630.0,493.0,580.0,663.0,22.0,26.0,29.0,21.0,25.0,31.0,21.0,25.0,28.0,1097.0,1194,University of Northwestern-St Paul,University of Northwestern (MN) | Northwestern,3003 Snelling Ave N,Saint Paul,MN,55113-1598,https://www.unwsp.edu/,https://unwsp.edu/admissions/,https://unwsp.edu/admissions/financial-aid,https://unwsp.edu/admissions/apply,0.9187604690117253
174747,470.0,580.0,610.0,480.0,550.0,610.0,21.0,24.0,27.0,20.0,23.0,27.0,20.0,24.0,26.0,1692.0,1852,College of Saint Benedict,Saint Benedict,37 S. College Ave.,Saint Joseph,MN,56374,https://csbsju.edu/,https://csbsju.edu/admission/,https://csbsju.edu/admission/cost-aid-scholarships/,https://csbsju.edu/admission/apply,0.9136069114470843
174783,470.0,520.0,620.0,500.0,580.0,660.0,18.0,21.0,25.0,16.0,20.0,24.0,17.0,21.0,25.0,4772.0,5026,Saint Cloud State University,St. Cloud State University; St. Cloud State; SCSU,720 Fourth Ave. South,Saint Cloud,MN,56301-4498,https://www.stcloudstate.edu/,https://www.stcloudstate.edu/scsu4u/default.aspx,https://www.stcloudstate.edu/srfs/finances/,https://www.stcloudstate.edu/apply/default.aspx,0.9494627934739356
174792,575.0,620.0,635.0,570.0,600.0,645.0,22.0,25.0,28.0,19.0,22.0,26.0,21.0,25.0,27.0,1445.0,1597,Saint Johns University,Saint John's,2850 Abbey Plaza,Collegeville,MN,56321,https://csbsju.edu/,https://csbsju.edu/admission/,https://csbsju.edu/admission/cost-aid-scholarships/,https://csbsju.edu/admission/apply,0.9048215403882279
174844,640.0,680.0,740.0,620.0,670.0,730.0,28.0,30.0,32.0,27.0,32.0,34.0,25.0,28.0,31.0,3106.0,5956,St Olaf College, ,1520 St Olaf Ave,Northfield,MN,55057-1098,wp.stolaf.edu/,wp.stolaf.edu/admissions,wp.stolaf.edu/financialaid,wp.stolaf.edu/admissions/apply/,0.5214909335124245
174914,610.0,670.0,708.0,613.0,680.0,708.0,25.0,27.0,30.0,23.0,26.0,31.0,24.0,26.0,29.0,7486.0,8813,University of St Thomas,University of Saint Thomas,2115 Summit Ave,Saint Paul,MN,55105-1078,www.stthomas.edu/,www.stthomas.edu/admissions/,https://www.stthomas.edu/admissions/undergraduate/financial-aid/index.html,www.stthomas.edu/fr/apply/,0.8494269828662203
175272,510.0,540.0,610.0,470.0,550.0,640.0,19.0,22.0,25.0,18.0,21.0,24.0,18.0,22.0,25.0,4220.0,6159,Winona State University, ,175 West Mark Street,Winona,MN,55987-5838,www.winona.edu/,www.winona.edu/admissions/,www.winona.edu/financial-aid/,https://admissions.winona.edu/apply/,0.6851761649618444
175342,430.0,470.0,495.0,420.0,450.0,503.0,15.0,20.0,24.0,14.0,20.0,25.0,12.0,17.0,23.0,1852.0,7511,Alcorn State University, ,1000 ASU Dr Ste 359,Alcorn State,MS,39096-7500,www.alcorn.edu/,www.alcorn.edu/admissions,www.alcorn.edu/financial-aid/,https://apply.alcorn.edu/apply/?_ga=2.258745482.1665759555.1699280796-1290066.1695844451,0.24657169484755692
175430,450.0,490.0,500.0,500.0,520.0,570.0,18.0,20.0,22.0,17.0,19.0,23.0,17.0,20.0,22.0,191.0,191,Blue Mountain Christian University, ,201 W Main St,Blue Mountain,MS,38610,www.bmc.edu/,https://bmc.edu/admissions,https://bmc.edu/financial-aid,https://bmc.edu/apply-online,1.0
175616,480.0,550.0,600.0,460.0,550.0,590.0,17.0,21.0,24.0,16.0,21.0,24.0,16.0,18.0,24.0,1238.0,1242,Delta State University, ,1003 W Sunflower Road,Cleveland,MS,38733,https://www.deltastate.edu/,https://www.deltastate.edu/academic-affairs/admissions/,https://www.deltastate.edu/student-affairs/financial-aid/,https://www.deltastate.edu/academic-affairs/admissions/,0.9967793880837359
175856,440.0,490.0,550.0,410.0,470.0,530.0,15.0,18.0,20.0,14.0,17.0,21.0,15.0,16.0,18.0,12873.0,14141,Jackson State University, ,1400 John R. Lynch Street,Jackson,MS,39217,https://www.jsums.edu/,https://www.jsums.edu/admissions/,https://www.jsums.edu/financialaid/,https://www.jsums.edu/apply/,0.9103316597128915
176017,510.0,560.0,610.0,510.0,540.0,600.0,21.0,25.0,29.0,21.0,25.0,30.0,20.0,24.0,27.0,27218.0,27837,University of Mississippi,Ole Miss,"Oxford, Mississippi",University,MS,38677-1848,www.olemiss.edu/,admissions.olemiss.edu/,finaid.olemiss.edu/,www.olemiss.edu/applynow,0.9777634084132629
176080,570.0,610.0,690.0,540.0,610.0,720.0,21.0,25.0,29.0,21.0,24.0,30.0,19.0,24.0,27.0,15934.0,20877,Mississippi State University, ,Lee Boulevard,Mississippi State,MS,39762,https://www.msstate.edu/,https://www.admissions.msstate.edu/,https://www.sfa.msstate.edu/,https://www.msstate.edu/future-students/apply,0.7632322651721991
176479,460.0,580.0,620.0,420.0,540.0,580.0,20.0,22.0,27.0,19.0,23.0,28.0,17.0,17.0,25.0,331.0,571,William Carey University, ,710 William Carey Parkway,Hattiesburg,MS,39401,https://www.wmcarey.edu/,https://www.wmcarey.edu/office/Admissions,https://www.wmcarey.edu/Office/financial-aid,https://www.wmcarey.edu/page/apply-to-carey,0.5796847635726795
176628,400.0,440.0,490.0,400.0,440.0,510.0,15.0,17.0,21.0,14.0,19.0,21.0,15.0,16.0,20.0,1704.0,2862,Avila University, ,11901 Wornall Rd,Kansas City,MO,64145-1698,https://www.avila.edu/,https://www.avila.edu/admissions/,https://www.avila.edu/avila-life/student-success-center/student-financial-services/financial-aid-office/,https://www.avila.edu/apply/,0.5953878406708596
176789,480.0,560.0,620.0,430.0,520.0,580.0,16.0,18.0,23.0,14.0,17.0,21.0,15.0,18.0,21.0,78.0,110,Calvary University, ,15800 Calvary Road,Kansas City,MO,64147-1341,www.calvary.edu/,www.calvary.edu/admissions/,www.calvary.edu/financial-aid/,www.calvary.edu/apply-now/,0.7090909090909091
176947,488.0,520.0,553.0,553.0,565.0,585.0,19.0,21.0,24.0,17.0,21.0,23.0,17.0,20.0,24.0,1010.0,1149,Central Methodist University-College of Liberal Arts and Sciences,CMU - CLAS,411 Central Methodist Square,Fayette,MO,65248-1198,www.centralmethodist.edu/,www.centralmethodist.edu/admissions/,www.centralmethodist.edu/admissions/financial-aid/index.html,www.centralmethodist.edu/admissions/applications.html,0.8790252393385553
177214,540.0,580.0,650.0,510.0,560.0,660.0,23.0,25.0,28.0,21.0,24.0,28.0,20.0,24.0,27.0,1543.0,2621,Drury University, ,900 N. Benton Ave,Springfield,MO,65802-3791,www.drury.edu/,www.drury.edu/admission/,www.drury.edu/financial-aid/,www.drury.edu/admission/Apply-to-Drury-University/,0.5887066005341473
177986,453.0,485.0,533.0,478.0,490.0,505.0,16.0,19.0,24.0,14.0,19.0,23.0,16.0,22.0,25.0,18.0,20,Logan University,Logan University,1851 Schoettler Rd,Chesterfield,MO,63017,https://www.logan.edu/,https://www.logan.edu/admissions/,https://www.logan.edu/admissions/financial-aid-scholarships,https://www.logan.edu/admissions/applications,0.9
178244,470.0,550.0,560.0,440.0,490.0,610.0,14.0,17.0,19.0,12.0,15.0,19.0,14.0,16.0,17.0,766.0,1195,Missouri Baptist University,MBU,One College Park Dr,Saint Louis,MO,63141-8698,www.mobap.edu/,www.mobap.edu/admissions/,www.mobap.edu/financial-aid,https://apply.mobap.edu/#/register,0.6410041841004184
178341,500.0,570.0,600.0,500.0,530.0,570.0,18.0,21.0,24.0,17.0,21.0,23.0,16.0,19.0,23.0,2243.0,2302,Missouri Southern State University,Missouri Southern,3950 E. Newman Road,Joplin,MO,64801-1595,www.mssu.edu/,admissions.mssu.edu/,www.mssu.edu/student-affairs/financial-aid/index.php,https://mssu.my.site.com/onlineapplication,0.974370112945265
178369,450.0,490.0,560.0,470.0,520.0,580.0,16.0,19.0,22.0,15.0,18.0,21.0,15.0,17.0,21.0,1175.0,2230,Missouri Valley College, ,500 E College St,Marshall,MO,65340,https://www.moval.edu/,https://www.moval.edu/admissions-financial-aid,https://www.moval.edu/admissions-financial-aid,https://go.moval.edu/applynow/inquiryform,0.5269058295964125
178396,580.0,620.0,670.0,570.0,610.0,660.0,23.0,26.0,29.0,22.0,25.0,30.0,21.0,25.0,28.0,16690.0,21669,University of Missouri-Columbia, ,105 Jesse Hall,Columbia,MO,65211,https://missouri.edu/,https://admissions.missouri.edu/,https://financialaid.missouri.edu/,https://admissions.missouri.edu/apply/,0.7702247450274586
178402,570.0,710.0,750.0,580.0,730.0,790.0,21.0,25.0,29.0,20.0,24.0,30.0,18.0,24.0,27.0,4351.0,5802,University of Missouri-Kansas City, ,5000 Holmes St.,Kansas City,MO,64110,https://www.umkc.edu/,https://www.umkc.edu/admissions/,https://finaid.umkc.edu/,https://www.umkc.edu/admissions/apply/index.html,0.7499138228197173
178411,560.0,610.0,670.0,590.0,650.0,708.0,25.0,27.0,31.0,22.0,25.0,31.0,25.0,27.0,30.0,5978.0,8181,Missouri University of Science and Technology, ,300 W.13th Street,Rolla,MO,65409,https://www.mst.edu/,https://futurestudents.mst.edu/,https://sfa.mst.edu/,https://futurestudents.mst.edu/admissions/,0.7307175161960641
178420,500.0,560.0,620.0,530.0,570.0,600.0,20.0,23.0,27.0,19.0,22.0,27.0,18.0,22.0,26.0,2645.0,4627,University of Missouri-St Louis, ,One University Boulevard,Saint Louis,MO,63121-4400,https://www.umsl.edu/,https://www.umsl.edu/admission/,https://www.umsl.edu/sfs/index.html,https://www.umsl.edu/admissions/applications.html,0.5716446941862978
178615,573.0,610.0,648.0,553.0,625.0,670.0,23.0,26.0,29.0,22.0,25.0,30.0,20.0,25.0,27.0,2609.0,3263,Truman State University,Truman,100 E Normal Avenue,Kirksville,MO,63501-4221,https://www.truman.edu/,https://www.truman.edu/admission-cost/,https://www.truman.edu/admission-cost/cost-aid/office-of-financial-aid/,https://www.truman.edu/admission-cost/apply-to-truman/,0.7995709469813056
178624,480.0,560.0,600.0,490.0,550.0,600.0,18.0,21.0,23.0,16.0,20.0,23.0,16.0,19.0,23.0,5871.0,6834,Northwest Missouri State University,Northwest,800 University Drive,Maryville,MO,64468-6001,https://www.nwmissouri.edu/,https://www.nwmissouri.edu/admissions/index.htm,https://www.nwmissouri.edu/FinAid/Index.htm,https://www.nwmissouri.edu/admissions/apply/index.htm,0.8590869183494293
178697,545.0,600.0,660.0,518.0,570.0,645.0,20.0,22.0,25.0,20.0,22.0,25.0,18.0,21.0,24.0,371.0,2495,College of the Ozarks, ,100 Opportunity Avenue,Point Lookout,MO,65726-0017,www.cofo.edu/,www.cofo.edu/Admissions,www.cofo.edu/Admissions/Cost-Financial-Aid,www.cofo.edu/Admissions/Apply,0.14869739478957916
179043,553.0,600.0,638.0,563.0,585.0,608.0,22.0,25.0,27.0,21.0,24.0,27.0,21.0,24.0,27.0,1814.0,2627,Rockhurst University,Rockhurst,1100 Rockhurst Rd,Kansas City,MO,64110-2561,https://www.rockhurst.edu/,https://www.rockhurst.edu/admissions/,https://www.rockhurst.edu/financialaid,https://www.rockhurst.edu/apply,0.6905215074229158
179159,610.0,670.0,710.0,600.0,670.0,720.0,26.0,28.0,31.0,25.0,29.0,34.0,25.0,27.0,30.0,12527.0,15377,Saint Louis University, ,One North Grand Blvd,Saint Louis,MO,63103-2097,www.slu.edu/,www.slu.edu/admission/index.php,www.slu.edu/financial-aid/index.php,www.slu.edu/apply.php,0.8146582558366391
179265,530.0,590.0,660.0,520.0,560.0,610.0,21.0,23.0,28.0,20.0,22.0,27.0,20.0,23.0,26.0,870.0,1158,University of Health Sciences and Pharmacy in St. Louis,St. Louis College of Pharmacy,1 Pharmacy Place,Saint Louis,MO,63110-1088,www.uhsp.edu/,www.uhsp.edu/admissions/index.html,www.uhsp.edu/financialaid/,www.uhsp.edu/admissions/apply-now/index.html,0.7512953367875648
179326,500.0,530.0,600.0,460.0,510.0,600.0,18.0,21.0,24.0,17.0,21.0,25.0,17.0,20.0,24.0,1054.0,1057,Southwest Baptist University, ,1600 University Ave,Bolivar,MO,65613-2596,www.sbuniv.edu/,www.sbuniv.edu/admissions/,www.sbuniv.edu/admissions/financial-aid/,www.sbuniv.edu/admissions/apply.php,0.9971617786187322
179548,610.0,610.0,650.0,520.0,590.0,620.0,16.0,21.0,23.0,15.0,22.0,24.0,15.0,17.0,21.0,379.0,414,Stephens College,Stephens,1200 E Broadway,Columbia,MO,65215,https://www.stephens.edu/,https://www.stephens.edu/admissions-and-aid/,https://www.stephens.edu/admissions-and-aid/financial-aid2/,https://stephens.force.com/OnlineApp/,0.9154589371980676
179557,470.0,510.0,550.0,380.0,480.0,480.0,16.0,19.0,21.0,14.0,17.0,20.0,15.0,16.0,18.0,5858.0,7462,Southeast Missouri State University, ,"One University Plaza, MS2025",Cape Girardeau,MO,63701,https://www.semo.edu/,https://www.semo.edu/admissions,https://semo.edu/student-support/financial-services/,https://semo.edu/admissions/how-to-apply/,0.7850442240686143
179566,490.0,560.0,620.0,500.0,550.0,600.0,19.0,22.0,25.0,18.0,22.0,26.0,17.0,21.0,25.0,10836.0,11901,Missouri State University-Springfield, ,901 S National Avenue,Springfield,MO,65897,www.missouristate.edu/,www.missouristate.edu/admissions/,www.missouristate.edu/FinancialAid/,https://www.missouristate.edu/futurestudents/applynow.aspx,0.9105117217040585
179867,730.0,750.0,770.0,770.0,790.0,800.0,33.0,34.0,35.0,34.0,35.0,35.0,31.0,34.0,35.0,3855.0,32240,Washington University in St Louis,WashU,One Brookings Drive,Saint Louis,MO,63130-4899,https://wustl.edu/,https://admissions.wustl.edu/,https://financialaid.wustl.edu/,https://admissions.wustl.edu/,0.11957196029776675
179894,518.0,585.0,643.0,488.0,540.0,590.0,20.0,23.0,28.0,20.0,24.0,28.0,17.0,21.0,25.0,3097.0,5341,Webster University, ,470 E Lockwood Ave.,Saint Louis,MO,63119-3194,www.webster.edu/,www.webster.edu/admissions/,www.webster.edu/financialaid/,applywu.webster.edu/apply/,0.5798539599325969
179946,410.0,530.0,580.0,470.0,490.0,540.0,18.0,21.0,23.0,16.0,20.0,23.0,17.0,21.0,23.0,1768.0,2279,Westminster College, ,501 Westminster Ave,Fulton,MO,65251-1299,www.wcmo.edu/,www.westminster-mo.edu/admissions/default.html,www.westminster-mo.edu/admissions/finaid/default.html,www.westminster-mo.edu/admissions/applying/default.html,0.7757788503729706
179955,490.0,510.0,570.0,470.0,510.0,550.0,19.0,22.0,25.0,17.0,21.0,25.0,17.0,20.0,25.0,731.0,2132,William Jewell College, ,500 College Hill,Liberty,MO,64068-1896,https://www.jewell.edu/,https://www.jewell.edu/join,https://www.jewell.edu/afford,https://www.jewell.edu/apply,0.3428705440900563
180106,540.0,570.0,660.0,540.0,570.0,670.0,24.0,25.0,29.0,22.0,24.0,28.0,21.0,25.0,26.0,1298.0,1787,Carroll College,Carroll Montana  CC,1601 N Benton Ave,Helena,MT,59625-0002,www.carroll.edu/,www.carroll.edu/admission-aid,www.carroll.edu/admission-aid/financial-aid,https://admission.carroll.edu/apply/,0.7263570229434807
180258,445.0,520.0,580.0,400.0,480.0,555.0,16.0,18.0,24.0,14.0,16.0,22.0,16.0,19.0,24.0,208.0,324,University of Providence,Previously known as the University of Great Falls (prior to July 2018),1301 20th St S,Great Falls,MT,59405-4996,www.uprovidence.edu/,www.uprovidence.edu/admissions/,www.uprovidence.edu/financial-services/,www.uprovidence.edu/explore-programs/undergraduate/apply-now/,0.6419753086419753
180416,520.0,580.0,620.0,540.0,590.0,630.0,18.0,22.0,25.0,18.0,21.0,23.0,18.0,23.0,26.0,1459.0,1623,Montana Technological University, ,1300 W Park St,Butte,MT,59701-8997,https://www.mtech.edu/,https://www.mtech.edu/admissions-aid/,https://www.mtech.edu/financial-aid/,https://www.mtech.edu/admissions-aid/undergraduate-admission/first-year/index.html,0.8989525569932224
180461,530.0,590.0,640.0,530.0,570.0,630.0,20.0,23.0,27.0,19.0,22.0,26.0,19.0,23.0,26.0,19081.0,21975,Montana State University,MSU,Montana State University,Bozeman,MT,59717,https://www.montana.edu/,https://www.montana.edu/admissions/,https://www.montana.edu/financialaid/,https://www.msuadmissions.org/application/,0.8683048919226394
180595,520.0,580.0,620.0,470.0,530.0,620.0,19.0,21.0,24.0,18.0,21.0,24.0,17.0,20.0,24.0,1072.0,1471,Rocky Mountain College,RMC,1511 Poly Drive,Billings,MT,59102-1796,https://www.rocky.edu/,https://www.rocky.edu/admissions,https://www.rocky.edu/admissions-aid/financial-aid,https://www.rocky.edu/apply,0.7287559483344663
180984,530.0,580.0,625.0,510.0,560.0,610.0,19.0,23.0,26.0,18.0,22.0,28.0,18.0,23.0,26.0,1429.0,1587,Concordia University-Nebraska,"Concordia Teachers College  Concordia College  Concordia University, Seward",800 N Columbia Ave,Seward,NE,68434-1556,www.cune.edu/,www.cune.edu/admissions,www.cune.edu/costs-and-aid/undergraduate,www.cune.edu/admissions/apply,0.9004410838059231
181002,610.0,660.0,700.0,600.0,660.0,700.0,24.0,27.0,30.0,23.0,27.0,32.0,23.0,26.0,29.0,5241.0,7248,Creighton University, ,2500 California Plaza,Omaha,NE,68178,https://www.creighton.edu/,https://www.creighton.edu/admissions,https://www.creighton.edu/financialaid/,www.creighton.edu/apply,0.7230960264900662
181215,480.0,530.0,590.0,490.0,530.0,560.0,18.0,21.0,25.0,17.0,21.0,24.0,17.0,20.0,25.0,6222.0,7253,University of Nebraska at Kearney,UNK|University of Nebraska - Kearney|Nebraska - Kearney|Nebraska Kearney|,2504 9th Avenue,Kearney,NE,68849-1212,www.unk.edu/,www.unk.edu/admissions/index.php,www.unk.edu/offices/financial_aid/index.php,www.unk.edu/admissions/apply.php,0.8578519233420654
181330,430.0,490.0,550.0,463.0,505.0,560.0,18.0,20.0,24.0,15.0,20.0,23.0,16.0,19.0,24.0,961.0,1436,Midland University,MidlandU,900 N. Clarkson St.,Fremont,NE,68025,https://www.midlandu.edu/,https://www.midlandu.edu/admissions/,https://www.midlandu.edu/financial-aid-costs,https://www.midlandu.edu/apply-now,0.6692200557103064
181446,500.0,550.0,610.0,520.0,560.0,600.0,22.0,25.0,27.0,21.0,24.0,28.0,20.0,24.0,26.0,1922.0,2295,Nebraska Wesleyan University, ,5000 St Paul Ave,Lincoln,NE,68504-2794,https://www.nebrwesleyan.edu/,https://www.nebrwesleyan.edu/admissions,https://www.nebrwesleyan.edu/admissions/financial-aid-office,https://slate.nebrwesleyan.edu/apply/,0.8374727668845315
181464,550.0,600.0,660.0,540.0,600.0,670.0,22.0,24.0,28.0,21.0,24.0,28.0,21.0,24.0,27.0,14146.0,18354,University of Nebraska-Lincoln, ,1400 R Street,Lincoln,NE,68588-0419,www.unl.edu/,https://admissions.unl.edu/,https://financialaid.unl.edu/,https://admissions.unl.edu/apply/,0.7707311757655007
181853,430.0,460.0,520.0,415.0,480.0,540.0,16.0,19.0,23.0,13.0,19.0,22.0,16.0,18.0,22.0,241.0,506,York University, ,1125 E 8th St,York,NE,68467-2699,www.york.edu/,https://www.york.edu/admissions/index.php,https://www.york.edu/financial-aid/index.php,https://yorkuniversityneb.my.site.com/apply/TX_SiteLogin?startURL=%2Fapply%2FTargetX_Portal__PB,0.4762845849802372
182281,500.0,560.0,620.0,480.0,540.0,610.0,18.0,21.0,24.0,17.0,21.0,24.0,16.0,19.0,24.0,11774.0,12232,University of Nevada-Las Vegas,UNLV,4505 S Maryland Pky,Las Vegas,NV,89154,www.unlv.edu/,https://www.unlv.edu/admissions,finaid.unlv.edu/,https://www.unlv.edu/apply,0.9625572269457161
182670,740.0,760.0,780.0,760.0,780.0,790.0,33.0,34.0,35.0,35.0,35.0,36.0,31.0,34.0,35.0,1797.0,28841,Dartmouth College,"Dartmouth, Big Green",207 Parkhurst Hall,Hanover,NH,03755-3529,www.dartmouth.edu/,admissions.dartmouth.edu/,admissions.dartmouth.edu/afford/apply-financial-aid,admissions.dartmouth.edu/apply/apply-dartmouth,0.062307132207621095
183044,570.0,620.0,670.0,550.0,600.0,650.0,26.0,29.0,31.0,25.0,29.0,33.0,23.0,26.0,28.0,18144.0,20887,University of New Hampshire-Main Campus, ,"105 Main St., Thompson Hall",Durham,NH,03824-3547,www.unh.edu/,admissions.unh.edu/,www.unh.edu/financialaid,www.commonapp.org/,0.8686742950160387
183239,560.0,600.0,650.0,530.0,580.0,620.0,25.0,26.0,27.0,21.0,24.0,29.0,25.0,27.0,28.0,3262.0,4165,Saint Anselm College, ,100 Saint Anselm Drive,Manchester,NH,03102-1310,https://www.anselm.edu/,https://www.anselm.edu/admission-aid,https://www.anselm.edu/tuition-financial-aid,https://www.commonapp.org/,0.7831932773109244
184348,560.0,620.0,680.0,550.0,620.0,640.0,25.0,27.0,31.0,25.0,29.0,35.0,20.0,25.0,28.0,3197.0,4604,Drew University, ,36 Madison Ave,Madison,NJ,07940,www.drew.edu/,www.drew.edu/admissions-aid/,www.drew.edu/student-financial-services/sfs/financial-aid-scholarships/,www.drew.edu/admissions-and-aid/apply/,0.694396177237185
184782,560.0,610.0,660.0,540.0,600.0,650.0,26.0,28.0,30.0,23.0,27.0,31.0,25.0,27.0,30.0,13948.0,17923,Rowan University,Rowan College of New Jersey   Glassboro State College,201 Mullica Hill Road,Glassboro,NJ,08028,https://www.rowan.edu/,https://admissions.rowan.edu/,https://sites.rowan.edu/financial-aid/,https://admissions.rowan.edu/apply.html,0.7782179322658037
185572,570.0,610.0,640.0,555.0,590.0,630.0,24.0,26.0,28.0,23.0,25.0,28.0,22.0,26.0,28.0,7530.0,8410,Monmouth University, ,400 Cedar Ave,West Long Branch,NJ,07764-1898,https://www.monmouth.edu/,https://www.monmouth.edu/admission/,https://www.monmouth.edu/finaid/,https://www.monmouth.edu/apply-now/,0.8953626634958383
185828,590.0,650.0,710.0,620.0,685.0,760.0,25.0,29.0,32.0,24.0,28.0,34.0,25.0,28.0,32.0,9362.0,13993,New Jersey Institute of Technology,NJIT,University Heights,Newark,NJ,07102,https://www.njit.edu/,https://www.njit.edu/admissions,https://www.njit.edu/financialaid/,https://apply.njit.edu/,0.6690488101193454
186131,740.0,760.0,780.0,760.0,780.0,800.0,34.0,34.0,35.0,35.0,35.0,36.0,32.0,34.0,35.0,1782.0,39644,Princeton University, ,1 Nassau Hall,Princeton,NJ,08544-0070,www.princeton.edu/, , , ,0.04495005549389567
186201,560.0,610.0,640.0,560.0,580.0,630.0,21.0,24.0,26.0,20.0,24.0,27.0,18.0,21.0,27.0,5530.0,7553,Ramapo College of New Jersey, ,505 Ramapo Valley Rd,Mahwah,NJ,07430-1680,www.ramapo.edu/,www.ramapo.edu/admissions,www.ramapo.edu/admissions/financial-aid-tuition/,www.ramapo.edu/admissions/apply/,0.732159406858202
186283,560.0,620.0,660.0,540.0,590.0,650.0,22.0,27.0,29.0,23.0,26.0,32.0,18.0,23.0,28.0,7201.0,9069,Rider University, ,2083 Lawrenceville Road,Lawrenceville,NJ,08648-3099,www.rider.edu/,www.rider.edu/admissions,www.rider.edu/tuition-aid,https://www.rider.edu/admissions/apply,0.7940235968684529
186371,510.0,560.0,625.0,500.0,560.0,630.0,18.0,21.0,26.0,16.0,21.0,27.0,16.0,18.0,26.0,9292.0,11951,Rutgers University-Camden,"Rutgers, The State University of New Jersey; Rutgers, The State University; Rutgers University; Rutgers U; Rutgers; Rutgers–Camden; Rutgers, Camden; Rutgers Camden",406 Penn Street,Camden,NJ,08102,https://camden.rutgers.edu/,https://admissions.rutgers.edu/,https://scarlethub.rutgers.edu/financial-services/office-of-financial-aid/,https://admissions.rutgers.edu/apply,0.7775081583131118
186380,630.0,680.0,720.0,640.0,700.0,760.0,28.0,31.0,33.0,27.0,31.0,34.0,26.0,29.0,33.0,28326.0,43347,Rutgers University-New Brunswick,"Rutgers, The State University of New Jersey; Rutgers, The State University; Rutgers University; Rutgers U; Rutgers; Rutgers–New Brunswick; Rutgers, New Brunswick; Rutgers New Brunswick",83 Somerset St,New Brunswick,NJ,08901-1281,https://newbrunswick.rutgers.edu/,https://admissions.rutgers.edu/,https://scarlethub.rutgers.edu/financial-services/office-of-financial-aid/,https://admissions.rutgers.edu/apply,0.6534708284310333
186584,620.0,650.0,700.0,600.0,650.0,700.0,27.0,29.0,31.0,27.0,31.0,34.0,26.0,27.0,30.0,18738.0,23748,Seton Hall University, ,400 S Orange Ave,South Orange,NJ,07079-2697,https://www.shu.edu/,https://www.shu.edu/undergraduate-admissions/,https://www.shu.edu/financial-aid/,https://www.shu.edu/undergraduate-admissions/applying.html,0.7890348660939869
186867,670.0,700.0,730.0,700.0,740.0,770.0,31.0,33.0,34.0,31.0,34.0,35.0,29.0,31.0,34.0,6156.0,14170,Stevens Institute of Technology,Stevens,Castle Point On Hudson,Hoboken,NJ,07030-5991,www.stevens.edu/,www.stevens.edu/admission-aid/undergraduate-admissions/how-to-apply,www.stevens.edu/admission-aid/tuition-financial-aid/how-to-apply-for-aid,www.stevens.edu/admission-aid/undergraduate-admissions/how-to-apply,0.434438955539873
186876,540.0,590.0,640.0,540.0,580.0,620.0,20.0,24.0,27.0,17.0,24.0,27.0,19.0,24.0,26.0,8233.0,9338,Stockton University, ,101 Vera King Farris Drive,Galloway,NJ,08205-9441,https://www.stockton.edu/,https://stockton.edu/admissions/index.html,https://stockton.edu/financial-aid/index.html,https://stockton.edu/admissions/applications.html,0.8816663097022918
187648,430.0,480.0,540.0,420.0,480.0,530.0,15.0,18.0,21.0,14.0,17.0,22.0,15.0,17.0,20.0,1145.0,2085,Eastern New Mexico University-Main Campus,ENMU-Portales,"ENMU Station 2, 1500 S Ave K",Portales,NM,88130,www.enmu.edu/,enmu.edu/future-students/,enmu.edu/services/financialaid/,https://itsweb.enmu.edu/ssb.php?w=p&d=apply,0.5491606714628298
187967,500.0,600.0,650.0,540.0,580.0,640.0,20.0,24.0,28.0,19.0,22.0,27.0,17.0,23.0,27.0,600.0,1112,New Mexico Institute of Mining and Technology,New Mexico Tech,801 Leroy Place,Socorro,NM,87801,www.nmt.edu/,www.nmt.edu/admission/index.php,www.nmt.edu/finaid/index.php,https://apply.nmt.edu/register/application_undergrad_admission,0.539568345323741
187985,460.0,520.0,590.0,440.0,510.0,570.0,19.0,22.0,26.0,18.0,21.0,25.0,17.0,21.0,25.0,12320.0,12907,University of New Mexico-Main Campus,UNM,1700 Lomas Blvd NE,Albuquerque,NM,87131,www.unm.edu/,admissions.unm.edu/,finaid.unm.edu/,www.unm.edu/apply/,0.9545208026652204
188030,450.0,500.0,560.0,435.0,490.0,550.0,17.0,20.0,24.0,15.0,19.0,23.0,16.0,18.0,23.0,11511.0,15201,New Mexico State University-Main Campus,NMSU,2850 Weddell Street,Las Cruces,NM,88003-8001,www.nmsu.edu/,admissions.nmsu.edu/,fa.nmsu.edu/,apply.nmsu.edu/apply/?sr=d972e8c0-90ae-4205-8352-b8d9017844e1,0.7572528123149793
188429,580.0,610.0,650.0,560.0,600.0,660.0,24.0,28.0,30.0,24.0,29.0,34.0,23.0,26.0,27.0,13263.0,17111,Adelphi University, ,1 South Ave,Garden City,NY,11530-0701,www.adelphi.edu/,admissions.adelphi.edu/,www.adelphi.edu/aid/,admissions.adelphi.edu/onlineapp.php,0.775115422827421
188641,540.0,600.0,640.0,560.0,590.0,640.0,24.0,27.0,31.0,22.0,26.0,31.0,23.0,26.0,28.0,3751.0,7761,Alfred University, ,One Saxon Drive,Alfred,NY,14802-1205,www.alfred.edu/,www.alfred.edu/admissions/,https://www.alfred.edu/admissions/financial-aid,https://www.alfred.edu/admissions/apply.cfm,0.48331400592707124
189088,670.0,710.0,740.0,620.0,660.0,700.0,30.0,31.0,32.0,31.0,32.0,35.0,25.0,27.0,30.0,3466.0,6628,Bard College, ,Annandale Road,Annandale-On-Hudson,NY,12504-5000,www.bard.edu/,www.bard.edu/admission/,www.bard.edu/financialaid/,www.bard.edu/admission/firstyear,0.5229330114665057
189097,723.0,750.0,770.0,730.0,760.0,780.0,32.0,33.0,34.0,34.0,35.0,35.0,28.0,31.0,34.0,940.0,11803,Barnard College,Barnard,3009 Broadway,New York,NY,10027-6598,www.barnard.edu/,admissions.barnard.edu/,barnard.edu/finaid,barnard.edu/admissions/how-to-apply,0.07964076929594172
190044,593.0,640.0,690.0,605.0,660.0,700.0,26.0,29.0,31.0,23.0,28.0,30.0,26.0,28.0,31.0,5669.0,7347,Clarkson University, ,8 Clarkson Ave,Potsdam,NY,13699,https://www.clarkson.edu/,https://www.clarkson.edu/admissions,https://www.clarkson.edu/admissions-aid,https://www.clarkson.edu/apply-now,0.771607458826732
190099,710.0,730.0,750.0,720.0,750.0,780.0,33.0,33.0,34.0,34.0,35.0,35.0,29.0,31.0,34.0,2526.0,21130,Colgate University, ,13 Oak Drive,Hamilton,NY,13346-1398,https://www.colgate.edu/,https://www.colgate.edu/admission-aid,https://www.colgate.edu/admission-aid/financial-aid,https://www.colgate.edu/admission-aid/apply,0.11954566966398486
190150,730.0,760.0,770.0,760.0,780.0,800.0,34.0,35.0,35.0,35.0,35.0,36.0,32.0,34.0,35.0,2439.0,57613,Columbia University in the City of New York,Columbia University,West 116 St and Broadway,New York,NY,10027,www.columbia.edu/,www.columbia.edu/content/admissions,sfs.columbia.edu/,https://www.columbia.edu/content/admissions-offices,0.04233419540728655
190372,680.0,720.0,740.0,720.0,760.0,780.0,33.0,33.0,34.0,33.0,34.0,35.0,32.0,34.0,35.0,341.0,1790,The Cooper Union for the Advancement of Science and Art,The Cooper Union,7 East 7th Street,New York,NY,10003-7120,https://www.cooper.edu/,https://cooper.edu/admissions,https://cooper.edu/admissions/financial-aid,https://cooper.edu/admissions/applying-to-cu,0.19050279329608938
190415,720.0,740.0,770.0,760.0,780.0,790.0,33.0,34.0,35.0,34.0,35.0,35.0,32.0,34.0,35.0,5358.0,65635,Cornell University, ,300 Day Hall,Ithaca,NY,14853,www.cornell.edu/,https://admissions.cornell.edu/,https://finaid.cornell.edu/,https://www.commonapp.org/,0.08163327492953455
190503,500.0,550.0,605.0,470.0,530.0,590.0,17.0,22.0,25.0,17.0,21.0,25.0,16.0,19.0,24.0,1983.0,2161,Culinary Institute of America,The Culinary Institute of America   CIA  The Culinary Institute of America at Greystone  The Culinary Institute of America at San Antonio,1946 Campus Drive,Hyde Park,NY,12538-1499,www.ciachef.edu/,www.ciachef.edu/cia-admissions/,https://www.ciachef.edu/cia-tuition-and-financial-aid/,https://apply.culinary.edu/Datatel.ERecruiting.Web.External/Pages/welcome.aspx,0.917630726515502
191241,670.0,700.0,730.0,660.0,700.0,760.0,30.0,32.0,33.0,31.0,34.0,35.0,26.0,28.0,31.0,24573.0,43663,Fordham University, ,441 E Fordham Rd,Bronx,NY,10458,https://www.fordham.edu/,https://www.fordham.edu/admissions/,https://www.fordham.edu/finaid,https://www.fordham.edu/info/20541/how_to_apply,0.5627877149989694
191630,620.0,650.0,690.0,600.0,640.0,670.0,26.0,28.0,32.0,24.0,28.0,32.0,25.0,27.0,29.0,3185.0,5560,Hobart William Smith Colleges, ,337 Pulteney Street,Geneva,NY,14456,www.hws.edu/,www.hws.edu/admissions/default.aspx,www.hws.edu/admissions/tuition-scholarships-and-aid/,www.hws.edu/admissions/apply/default.aspx,0.572841726618705
191649,610.0,650.0,690.0,600.0,640.0,690.0,27.0,28.0,31.0,26.0,29.0,33.0,25.0,26.0,29.0,16157.0,22890,Hofstra University, ,100 Hofstra University,Hempstead,NY,11549,www.hofstra.edu/,www.hofstra.edu/admission,www.hofstra.edu/financialaid,www.hofstra.edu/application,0.7058540847531674
191676,600.0,670.0,700.0,580.0,640.0,690.0,23.0,26.0,28.0,24.0,28.0,30.0,22.0,24.0,31.0,990.0,1068,Houghton University,Houghton University,1 Willard Ave,Houghton,NY,14744,www.houghton.edu/,www.houghton.edu/admission/,www.houghton.edu/financial-aid/,https://www.houghton.edu/undergraduate/houghton-ny/admission/applying/,0.9269662921348315
191968,610.0,650.0,700.0,580.0,620.0,670.0,27.0,29.0,31.0,26.0,30.0,33.0,25.0,27.0,28.0,8398.0,12007,Ithaca College, ,953 Danby Road,Ithaca,NY,14850-7002,www.ithaca.edu/,www.ithaca.edu/admission/,www.ithaca.edu/tuition-financial-aid,www.ithaca.edu/admission/apply/,0.699425335221121
192040,730.0,740.0,779.0,710.0,760.0,780.0,33.0,34.0,35.0,34.0,35.0,36.0,30.0,32.0,34.0,64.0,142,Jewish Theological Seminary of America, ,3080 Broadway,New York,NY,10027-4649,www.jtsa.edu/,www.jtsa.edu/admissions,www.jtsa.edu/about-financial-aid,www.jtsa.edu/apply-to-the-joint-program,0.4507042253521127
192271,520.0,560.0,610.0,470.0,520.0,590.0,15.0,23.0,25.0,17.0,22.0,25.0,15.0,20.0,24.0,1024.0,1037,LIM College,LIM|LIM College,545 Fifth Avenue,New York,NY,10017-0000,www.limcollege.edu/,www.limcollege.edu/admissions,www.limcollege.edu/financial-aid,https://www.limcollege.edu/admissions-aid/apply-lim,0.9874638379942141
192323,580.0,620.0,670.0,580.0,630.0,670.0,25.0,28.0,31.0,24.0,28.0,32.0,25.0,27.0,29.0,5673.0,7535,Le Moyne College, ,1419 Salt Springs Rd,Syracuse,NY,13214-1301,www.lemoyne.edu/,www.lemoyne.edu/Visit,www.lemoyne.edu/Apply/Financial-Aid,www.lemoyne.edu/Apply/Undergraduate-Admission/Applying-for-Admission,0.7528865295288653
192448,580.0,630.0,670.0,560.0,620.0,680.0,25.0,28.0,30.0,24.0,27.0,31.0,23.0,26.0,28.0,11130.0,12398,Long Island University, ,720 Northern Blvd,Brookville,NY,11548-1327,www.liu.edu/,https://www.liu.edu/post/admissions,www.liu.edu/enrollment-services/financial-aid,https://apply.liu.edu/quickapp2/,0.8977254395870302
192703,570.0,630.0,670.0,580.0,630.0,670.0,22.0,25.0,31.0,20.0,25.0,30.0,23.0,25.0,29.0,8188.0,10432,Manhattan College, ,4513 Manhattan College Parkway,Riverdale,NY,10471-4098,www.manhattan.edu/,www.manhattan.edu/admissions,manhattan.edu/admissions/undergraduate/pay-for-college,https://manhattan.edu/admissions/apply-all,0.7848926380368099
192819,620.0,650.0,690.0,600.0,630.0,670.0,27.0,28.0,30.0,25.0,28.0,30.0,23.0,26.0,28.0,6616.0,10224,Marist College, ,3399 North Rd,Poughkeepsie,NY,12601,www.marist.edu/,www.marist.edu/admission-financial-aid,www.marist.edu/admission-financial-aid,www.marist.edu/admission/undergraduate/marist-online-application,0.6471048513302035
192864,580.0,620.0,670.0,520.0,580.0,630.0,25.0,27.0,29.0,25.0,30.0,33.0,23.0,24.0,26.0,6419.0,8138,Marymount Manhattan College,MMC,221 E 71st St,New York,NY,10021-4597,www.mmm.edu/,www.mmm.edu/admissions/,www.mmm.edu/admissions/financial-aid-scholarships.php,www.mmm.edu/admissions/apply-for-admission.php,0.7887687392479725
193973,510.0,580.0,630.0,520.0,570.0,610.0,23.0,25.0,27.0,23.0,24.0,25.0,20.0,22.0,28.0,3540.0,4148,Niagara University, ,Lewiston Road,Niagara University,NY,14109,www.niagara.edu/,www.niagara.edu/admissions,www.niagara.edu/financial-aid,apply.niagara.edu/apply,0.8534233365477338
194091,580.0,620.0,680.0,600.0,660.0,710.0,25.0,29.0,33.0,24.0,29.0,34.0,25.0,27.0,31.0,8783.0,11249,New York Institute of Technology,New York Tech,Northern Blvd,Old Westbury,NY,11568-8000,www.nyit.edu/,www.nyit.edu/admissions/,www.nyit.edu/admissions/financial_aid,www.nyit.edu/admissions/apply/,0.7807805138234509
194310,580.0,620.0,668.0,550.0,600.0,660.0,24.0,27.0,29.0,24.0,28.0,31.0,21.0,24.0,27.0,21961.0,28469,Pace University,Pace University,1 Pace Plaza,New York,NY,10038-1598,www.pace.edu/,www.pace.edu/admissions-and-aid,www.pace.edu/financial-aid,https://www.pace.edu/apply-now,0.7714004706874144
194578,620.0,660.0,700.0,600.0,670.0,720.0,26.0,30.0,32.0,26.0,31.0,34.0,23.0,25.0,27.0,4403.0,8281,Pratt Institute-Main,Pratt Institute,200 Willoughby Ave,Brooklyn,NY,11205,https://www.pratt.edu/,https://www.pratt.edu/admissions/,https://www.pratt.edu/about/offices/finance-and-administration/student-financial-services/,www.pratt.edu/admissions/apply-to-pratt/,0.5316990701606086
195003,640.0,680.0,720.0,640.0,690.0,740.0,29.0,31.0,33.0,28.0,32.0,35.0,27.0,29.0,32.0,17328.0,24269,Rochester Institute of Technology,RIT,1 Lomb Memorial Dr,Rochester,NY,14623-5603,www.rit.edu/,www.rit.edu/admissions/,www.rit.edu/admissions/aid,www.rit.edu/admissions/apply,0.7139972804812724
195030,690.0,720.0,750.0,710.0,760.0,790.0,31.0,33.0,34.0,32.0,34.0,35.0,30.0,32.0,35.0,7773.0,21680,University of Rochester, ,Wilson Blvd. - Wallis Hall,Rochester,NY,14627-0011,https://www.rochester.edu/,https://enrollment.rochester.edu/,https://enrollment.rochester.edu/financial-aid/,https://www.commonapp.org/explore/university-rochester,0.35853321033210334
195164,520.0,580.0,630.0,530.0,590.0,630.0,23.0,26.0,30.0,21.0,25.0,28.0,22.0,26.0,27.0,3505.0,4299,St Bonaventure University,St. Bona/Bonas,3261 W. State Road,Saint Bonaventure,NY,14778-9800,https://www.sbu.edu/,https://www.sbu.edu/admissions,https://www.sbu.edu/affordability,https://www.sbu.edu/admissions/apply,0.8153058850895557
195304,680.0,710.0,730.0,590.0,635.0,710.0,29.0,31.0,33.0,31.0,34.0,35.0,25.0,27.0,31.0,2840.0,4819,Sarah Lawrence College, ,One Meadway,Bronxville,NY,10708,www.sarahlawrence.edu/,www.sarahlawrence.edu/admission/,www.sarahlawrence.edu/financialaid/,www.sarahlawrence.edu/admission/apply/,0.5893338866984852
195526,660.0,690.0,730.0,640.0,680.0,730.0,30.0,32.0,33.0,30.0,34.0,35.0,27.0,28.0,31.0,2784.0,12144,Skidmore College, ,815 N Broadway,Saratoga Springs,NY,12866,www.skidmore.edu/,www.skidmore.edu/admissions/,www.skidmore.edu/financialaid/,www.skidmore.edu/admissions/apply/index.php,0.22924901185770752
195720,560.0,600.0,640.0,560.0,595.0,640.0,24.0,28.0,29.0,22.0,27.0,30.0,24.0,26.0,27.0,3119.0,4600,St. John Fisher University,Fisher,3690 East Ave,Rochester,NY,14618-3597,https://www.sjf.edu/,https://www.sjf.edu/admissions-aid/,https://www.sjf.edu/admissions-aid/financial-aid/,https://www.sjf.edu/admissions-aid/freshman-admissions/applying-to-fisher/,0.6780434782608695
195809,560.0,610.0,660.0,550.0,600.0,660.0,24.0,27.0,29.0,23.0,26.0,28.0,21.0,25.0,26.0,20094.0,25223,St. John's University-New York,St. John's University-New York,8000 Utopia Pky,Queens,NY,11439,www.stjohns.edu/,www.stjohns.edu/admission,www.stjohns.edu/services/financial,https://www.stjohns.edu/admission-aid/apply-st-johns-university,0.796653847678706
196006,480.0,520.0,580.0,490.0,540.0,590.0,16.0,20.0,23.0,15.0,16.0,18.0,16.0,20.0,25.0,6408.0,7839,SUNY College of Technology at Alfred,Alfred State College,10 Upper College Drive,Alfred,NY,14802,www.alfredstate.edu/,www.alfredstate.edu/admissions,www.alfredstate.edu/financial-aid,www.suny.edu/apply,0.817451205510907
196079,660.0,700.0,730.0,660.0,710.0,760.0,29.0,32.0,34.0,29.0,33.0,35.0,27.0,30.0,33.0,18683.0,49513,Binghamton University,Binghamton University,4400 Vestal Parkway East,Vestal,NY,13850-6000,www.binghamton.edu/,www.binghamton.edu/admissions,www.binghamton.edu/financial-aid,www.binghamton.edu/admissions/apply,0.377335245289116
196088,600.0,640.0,680.0,610.0,650.0,700.0,27.0,30.0,32.0,25.0,29.0,33.0,26.0,28.0,31.0,26481.0,38210,University at Buffalo,University at Buffalo|UB|State University of New York at Buffalo|SUNY Buffalo|University of Buffalo,12 Capen Hall,Buffalo,NY,14260-1660,https://www.buffalo.edu/,https://admissions.buffalo.edu/,https://financialaid.buffalo.edu/,https://admissions.buffalo.edu/apply/index.php,0.6930384716042921
196097,640.0,680.0,720.0,680.0,730.0,770.0,28.0,31.0,33.0,27.0,32.0,34.0,27.0,30.0,33.0,24670.0,50341,Stony Brook University,SUNY Stony Brook State University of New York at Stony Brook,310 Administration Building,Stony Brook,NY,11794-0701,https://www.stonybrook.edu/,https://www.stonybrook.edu/sb/admissions.shtml,https://www.stonybrook.edu/commcms/finaid/,https://www.stonybrook.edu/undergraduate-admissions/apply/freshman/application-procedures/,0.49005780576468483
196112,560.0,620.0,650.0,590.0,630.0,680.0,24.0,25.0,27.0,21.0,23.0,25.0,25.0,27.0,28.0,3872.0,4936,SUNY Polytechnic Institute,SUNY Poly,100 Seymour Rd,Utica,NY,13502,www.sunypoly.edu/,www.sunypoly.edu/admissions/,www.sunypoly.edu/financial_aid/,www.sunypoly.edu/admissions/apply.html,0.7844408427876823
196167,610.0,650.0,690.0,590.0,640.0,690.0,26.0,29.0,31.0,25.0,28.0,33.0,25.0,27.0,29.0,8563.0,13479,SUNY College at Geneseo,SUNY Geneseo,1 College Circle,Geneseo,NY,14454-1465,https://www.geneseo.edu/,https://admissions.geneseo.edu/,https://www.geneseo.edu/financial_aid,https://geneseo.edu/admissions/apply,0.6352845166555382
196176,600.0,650.0,680.0,570.0,610.0,660.0,24.0,27.0,29.0,24.0,27.0,31.0,23.0,25.0,27.0,9538.0,16249,State University of New York at New Paltz,State University of New York at New Paltz,1 Hawk Drive,New Paltz,NY,12561-2443,www.newpaltz.edu/,www.newpaltz.edu/admissions/,www.newpaltz.edu/financialaid/,www.newpaltz.edu/admissions/apply.html,0.5869899686134531
196185,550.0,590.0,630.0,540.0,580.0,620.0,23.0,25.0,28.0,21.0,24.0,28.0,23.0,25.0,27.0,9583.0,13660,SUNY Oneonta, ,108 Ravine Parkway,Oneonta,NY,13820-4015,https://suny.oneonta.edu/,https://suny.oneonta.edu/admissions,www.oneonta.edu/development/finaid/,https://suny.oneonta.edu/apply-now,0.7015373352855051
196219,600.0,660.0,700.0,578.0,610.0,663.0,27.0,28.0,32.0,28.0,32.0,34.0,25.0,27.0,30.0,5259.0,7221,SUNY at Purchase College,Purchase College,735 Anderson Hill Rd,Purchase,NY,10577-1400,www.purchase.edu/,www.purchase.edu/admissions/,www.purchase.edu/admissions/tuition-and-aid/,https://www.purchase.edu/admissions/apply-to-purchase/,0.7282924802658911
196413,630.0,670.0,710.0,630.0,670.0,720.0,28.0,30.0,32.0,28.0,31.0,34.0,26.0,28.0,30.0,17545.0,42089,Syracuse University, ,900 South Crouse Ave.,Syracuse,NY,13244,https://www.syracuse.edu/,https://www.syracuse.edu/admissions/,https://www.syracuse.edu/admissions/cost-and-aid/,https://www.syracuse.edu/admissions/apply/,0.41685476015110834
196592,650.0,690.0,730.0,625.0,670.0,710.0,28.0,30.0,33.0,29.0,32.0,34.0,26.0,27.0,31.0,1044.0,1657,Touro University, ,50 West 47th Street,New York,NY,10036,https://www.touro.edu/,https://www.touro.edu/admissions/,https://www.touro.edu/,https://apply.touro.edu/,0.6300543150271575
196866,650.0,690.0,720.0,660.0,710.0,760.0,30.0,32.0,33.0,29.0,33.0,35.0,27.0,29.0,32.0,4070.0,9295,Union College, ,807 Union Street,Schenectady,NY,12308-2311,www.union.edu/,www.union.edu/Admissions/,www.union.edu/admissions/finaid/,www.union.edu/admissions/apply/,0.4378698224852071
197027,570.0,620.0,650.0,570.0,610.0,650.0,23.0,25.0,29.0,23.0,25.0,30.0,23.0,26.0,28.0,452.0,1392,United States Merchant Marine Academy,USMMA|Kings Point,300 Steamboat Road,Kings Point,NY,11024-1634,https://www.usmma.edu/,https://www.usmma.edu/admissions,https://www.usmma.edu/admissions/financial-aid,https://www.usmma.edu/admissions,0.32471264367816094
197036,600.0,660.0,700.0,600.0,670.0,730.0,28.0,31.0,33.0,27.0,31.0,34.0,27.0,29.0,32.0,1598.0,11430,United States Military Academy,West Point,606 Thayer Rd,West  Point,NY,10996,www.westpoint.edu/,https://www.westpoint.edu/admissions, ,https://www.westpoint.edu/admissions/steps-to-admission,0.13980752405949257
197197,580.0,620.0,670.0,570.0,620.0,650.0,23.0,25.0,27.0,22.0,24.0,27.0,20.0,23.0,27.0,1943.0,2328,Wagner College, ,One Campus Rd,Staten Island,NY,10301-4495,www.wagner.edu/,www.wagner.edu/admissions,www.wagner.edu/financial_aid,www.wagner.edu/admissions/apply,0.8346219931271478
197708,660.0,700.0,740.0,660.0,710.0,760.0,28.0,31.0,33.0,28.0,33.0,35.0,25.0,28.0,31.0,1092.0,1713,Yeshiva University, ,500 W 185th St,New York,NY,10033-3299,www.yu.edu/,yu.edu/admissions,yu.edu/osf,yu.edu/admissions/apply/application-process/,0.637478108581436
197869,560.0,600.0,650.0,540.0,580.0,630.0,21.0,24.0,27.0,19.0,23.0,26.0,18.0,23.0,25.0,21275.0,24001,Appalachian State University,Appalachian State University,287 Rivers St,Boone,NC,28608,https://www.appstate.edu/,https://www.appstate.edu/admissions/,https://financialaid.appstate.edu/,https://apply.commonapp.org/login?ma=854,0.8864213991083705
197984,480.0,545.0,600.0,460.0,530.0,590.0,17.0,21.0,25.0,15.0,20.0,24.0,16.0,20.0,25.0,2686.0,2972,Belmont Abbey College,BAC,100 Belmont-Mt Holly Road,Belmont,NC,28012-1802,www.belmontabbeycollege.edu/,belmontabbeycollege.edu/admissions/,belmontabbeycollege.edu/financial-aid/,belmontabbeycollege.edu/apply/,0.9037685060565276
198066,440.0,550.0,620.0,430.0,530.0,600.0,16.0,20.0,26.0,16.0,21.0,25.0,15.0,20.0,26.0,1020.0,2582,Brevard College, ,One Brevard College Drive,Brevard,NC,28712,https://www.brevard.edu/,https://brevard.edu/admission-aid/,https://brevard.edu/admission-aid/,https://brevard.edu/apply-for-admission/,0.39504260263361735
198109,500.0,520.0,540.0,470.0,500.0,520.0,16.0,19.0,22.0,15.0,19.0,21.0,16.0,17.0,19.0,31.0,63,Cabarrus College of Health Sciences, ,401 Medical Park Drive,Concord,NC,28025-3959,https://cabarruscollege.edu/,https://cabarruscollege.edu/admissions,https://cabarruscollege.edu/financial-information,https://sonis.cabarruscollege.edu/studapp.cfm,0.49206349206349204
198215,500.0,550.0,593.0,510.0,560.0,593.0,20.0,23.0,25.0,19.0,21.0,24.0,17.0,22.0,25.0,1979.0,2547,Catawba College, ,2300 W Innes St,Salisbury,NC,28144,www.catawba.edu/,www.catawba.edu/admissions,www.catawba.edu/finaid,www.catawba.edu/apply,0.7769925402434237
198419,740.0,760.0,770.0,770.0,790.0,800.0,34.0,34.0,35.0,35.0,35.0,36.0,32.0,34.0,35.0,3145.0,46365,Duke University, ,103 Allen Bldg,Durham,NC,27708,www.duke.edu/,www.admissions.duke.edu/,www.finaid.duke.edu/,admissions.duke.edu/application/instructions,0.06783133829397174
198464,530.0,570.0,610.0,520.0,560.0,590.0,20.0,23.0,26.0,18.0,21.0,24.0,18.0,22.0,25.0,20073.0,22289,East Carolina University,ECU,East 5th Street,Greenville,NC,27858-4353,https://www.ecu.edu/,https://admissions.ecu.edu/,https://admissions.ecu.edu/afford/financial-aid/,https://admissions.ecu.edu/apply/freshmen/,0.9005787608237247
198516,580.0,620.0,675.0,563.0,590.0,630.0,23.0,26.0,28.0,23.0,25.0,29.0,22.0,25.0,26.0,12649.0,18791,Elon University, ,100 Campus Drive,Elon,NC,27244-2010,www.elon.edu/,www.elon.edu/e-web/admissions/,www.elon.edu/e-web/admissions/FinancialAid/,www.elon.edu/e-web/admissions/apply.xhtml,0.6731413974775158
198543,445.0,490.0,520.0,410.0,460.0,525.0,15.0,18.0,20.0,14.0,16.0,19.0,15.0,16.0,18.0,4029.0,5043,Fayetteville State University, ,1200 Murchison Rd,Fayetteville,NC,28301-4298,https://www.uncfsu.edu/,https://www.uncfsu.edu/fsu-admissions,www.uncfsu.edu/paying-for-college,https://www2.cfnc.org/exclusive.html#/applicationlogin/FSU/UNC/FSUUndergradApp,0.7989292088042832
198561,520.0,582.0,640.0,520.0,558.0,620.0,20.0,23.0,26.0,18.0,21.0,25.0,18.0,22.0,26.0,4064.0,4670,Gardner-Webb University,GWU,Main St,Boiling Springs,NC,28017-0997,www.gardner-webb.edu/,www.gardner-webb.edu/admissions,https://gardner-webb.edu/admissions-aid/financial-aid/,https://gardner-webb.edu/apply/,0.8702355460385439
198613,510.0,580.0,630.0,500.0,540.0,620.0,18.0,22.0,26.0,15.0,21.0,25.0,16.0,21.0,25.0,3162.0,3775,Guilford College, ,5800 W Friendly Avenue,Greensboro,NC,27410-4108,https://www.guilford.edu/,https://www.guilford.edu/admissions,https://www.guilford.edu/admission-and-aid/financial-aid-and-costs,https://apply.guilford.edu/apply/?pk=UNDER,0.8376158940397351
198695,560.0,610.0,650.0,550.0,600.0,650.0,23.0,27.0,31.0,22.0,25.0,29.0,21.0,25.0,27.0,12004.0,15625,High Point University,HPU,One University Parkway,High Point,NC,27268,www.highpoint.edu/,www.highpoint.edu/admissions/,www.highpoint.edu/financialplanning/,www.highpoint.edu/admissions/freshmen-admissions/,0.768256
198950,590.0,625.0,650.0,520.0,560.0,610.0,23.0,26.0,30.0,22.0,26.0,32.0,20.0,24.0,26.0,1167.0,1563,Meredith College,Meredith|Meridith,3800 Hillsborough St,Raleigh,NC,27607-5298,www.meredith.edu/,www.meredith.edu/admissions,www.meredith.edu/financial-assistance,www.meredith.edu/admissions/apply,0.746641074856046
198969,550.0,590.0,630.0,560.0,590.0,590.0,23.0,25.0,25.0,22.0,24.0,26.0,21.0,25.0,26.0,2059.0,2738,Methodist University,Methodist,5400 Ramsey St,Fayetteville,NC,28311-1420,www.methodist.edu/,www.methodist.edu/admissions,www.methodist.edu/financial-aid,www.methodist.edu/apply,0.752008765522279
199102,490.0,550.0,610.0,470.0,530.0,580.0,16.0,19.0,22.0,14.0,18.0,21.0,16.0,18.0,21.0,14183.0,30717,North Carolina A & T State University,NCAT,1601 E Market  St,Greensboro,NC,27411,www.ncat.edu/,www.ncat.edu/admissions/,www.ncat.edu/admissions/financial-aid/,https://aggieadmissions.ncat.edu/undergraduateadmissions/default.asp,0.4617312888628447
199111,600.0,640.0,690.0,570.0,600.0,660.0,22.0,26.0,29.0,21.0,25.0,29.0,19.0,23.0,27.0,5131.0,5465,University of North Carolina Asheville,UNC Asheville,One University Heights,Asheville,NC,28804-8510,https://unca.edu/,https://unca.edu/admission,https://unca.edu/admission/financial-aid/,https://unca.edu/admission/apply/,0.9388838060384264
199120,680.0,720.0,750.0,690.0,750.0,780.0,30.0,32.0,34.0,29.0,33.0,35.0,27.0,30.0,33.0,10850.0,57902,University of North Carolina at Chapel Hill, ,103 South Bldg Cb 9100,Chapel Hill,NC,27599,https://www.unc.edu/,https://www.admissions.unc.edu/,https://studentaid.unc.edu/,https://www.admissions.unc.edu/Apply,0.18738558253600912
199139,550.0,610.0,650.0,560.0,610.0,670.0,21.0,24.0,27.0,19.0,22.0,26.0,20.0,24.0,26.0,18208.0,22699,University of North Carolina at Charlotte,UNC Charlotte,9201 University City Blvd,Charlotte,NC,28223-0001,https://www.charlotte.edu/,https://admissions.charlotte.edu/,https://ninercentral.charlotte.edu/financial-aid/aid-basics,https://admissions.charlotte.edu/apply,0.8021498744438081
199148,560.0,600.0,660.0,540.0,580.0,620.0,22.0,24.0,27.0,21.0,23.0,27.0,20.0,23.0,26.0,11120.0,12379,University of North Carolina at Greensboro,UNCG,1400 Spring Garden St,Greensboro,NC,27402-6170,www.uncg.edu/,admissions.uncg.edu/,fia.uncg.edu/,admissions.uncg.edu/admissions/apply/,0.8982955004443008
199157,500.0,560.0,570.0,480.0,500.0,530.0,17.0,17.0,18.0,14.0,16.0,20.0,15.0,16.0,18.0,12842.0,14192,North Carolina Central University, ,1801 Fayetteville Street,Durham,NC,27707,https://www.nccu.edu/,https://www.nccu.edu/admissions,https://www.nccu.edu/admissions/financial-aid,https://www.nccu.edu/apply-now,0.9048759864712514
199184,600.0,670.0,710.0,550.0,580.0,640.0,24.0,26.0,27.0,24.0,26.0,30.0,19.0,23.0,26.0,471.0,1423,University of North Carolina School of the Arts,UNCSA,1533 South Main St.,Winston Salem,NC,27127-2738,www.uncsa.edu/,www.uncsa.edu/admissions/index.aspx,www.uncsa.edu/financialaid/index.aspx,https://admissions.uncsa.edu/apply/?_ga=2.250664066.505097636.1573156964-1604118459.1573156964,0.3309908643710471
199193,640.0,680.0,720.0,660.0,700.0,740.0,28.0,30.0,32.0,26.0,29.0,33.0,26.0,28.0,31.0,15958.0,40049,North Carolina State University at Raleigh,NC State University | NC State | N C State University | N C State | NCSU,2101 Hillsborough Street,Raleigh,NC,27695-7001,www.ncsu.edu/,admissions.ncsu.edu/,https://studentservices.ncsu.edu/your-money/financial-aid/,admissions.ncsu.edu/apply/,0.39846188419186496
199218,620.0,660.0,690.0,600.0,630.0,670.0,24.0,26.0,28.0,23.0,25.0,28.0,23.0,25.0,27.0,12856.0,17370,University of North Carolina Wilmington,UNCW|University of North Carolina at Wilmington|UNC Wilmington|UNC W|University of NC at Wilmington|Univ of NC-Wilmington|UNC-W|University of North Carolina Wilmington|,601 South College Road,Wilmington,NC,28403-5963,www.uncw.edu/,www.uncw.edu/admissions/,www.uncw.edu/finaid/,www.uncw.edu/admissions/apply.html,0.7401266551525619
199272,590.0,620.0,640.0,550.0,590.0,640.0,22.0,24.0,27.0,19.0,24.0,27.0,18.0,20.0,24.0,1252.0,1286,William Peace University,Peace,15 E Peace St,Raleigh,NC,27604-1194,www.peace.edu/,peace.edu/admissions/,www.peace.edu/admissions/office-of-financial-aid,https://admissions.peace.edu/apply/,0.973561430793157
199412,560.0,610.0,650.0,550.0,590.0,650.0,24.0,26.0,29.0,22.0,25.0,29.0,23.0,25.0,27.0,2949.0,4357,Queens University of Charlotte,Queens,1900 Selwyn Ave,Charlotte,NC,28274,www.queens.edu/,www.queens.edu/admissions,www.queens.edu/admissions-aid/tuition-scholarship-aid/,admissions.queens.edu/apply/,0.6768418636676612
199607,588.0,655.0,685.0,490.0,580.0,630.0,18.0,22.0,27.0,18.0,20.0,25.0,17.0,21.0,25.0,1698.0,1951,Salem College, ,601 S Church St,Winston-Salem,NC,27101,www.salem.edu/,www.salem.edu/admissions,www.salem.edu/financialaid,https://www1.cfnc.org/applications/nc_independents_common_app/apply.html?application_id=1584,0.8703229113275244
199759,480.0,560.0,630.0,440.0,530.0,600.0,18.0,21.0,26.0,20.0,24.0,27.0,15.0,18.0,26.0,95.0,124,Southeastern Baptist Theological Seminary,SEBTS,120 S. Wingate Street,Wake Forest,NC,27587-1889,www.sebts.edu/,www.sebts.edu/admissions-and-aid/default.aspx,www.sebts.edu/admissions-and-aid/student-resources/default.aspx,www.sebts.edu/admissions-and-aid/application-process/default.aspx,0.7661290322580645
199847,690.0,720.0,740.0,700.0,740.0,770.0,32.0,33.0,34.0,33.0,35.0,35.0,29.0,31.0,33.0,3768.0,17479,Wake Forest University, ,1834 Wake Forest Road,Winston-Salem,NC,27106,www.wfu.edu/,admissions.wfu.edu/,financialaid.wfu.edu/,admissions.wfu.edu/,0.21557297328222438
199962,490.0,530.0,640.0,500.0,550.0,630.0,18.0,21.0,24.0,16.0,19.0,23.0,16.0,20.0,25.0,18027.0,21210,Wingate University, ,301 E. Wilson Street,Wingate,NC,28174-0159,https://www.wingate.edu/,https://www.wingate.edu/admissions,https://www.wingate.edu/admissions/financial-aid,https://wingateuniversity.my.site.com/ERx_Forms__Portal_Register,0.84992927864215
199999,420.0,490.0,530.0,400.0,450.0,520.0,14.0,17.0,18.0,12.0,14.0,17.0,15.0,16.0,18.0,6357.0,9273,Winston-Salem State University,WSSU,601 S. Martin Luther King Jr Dr,Winston-Salem,NC,27110-0001,www.wssu.edu/,www.wssu.edu/admissions/index.html,www.wssu.edu/admissions/scholarships-and-financial-aid/index.html,https://www1.cfnc.org/applications/University_of_North_Carolina/apply.html?application_id=1552,0.6855386606276286
200004,540.0,590.0,650.0,510.0,565.0,610.0,20.0,23.0,26.0,18.0,22.0,26.0,18.0,22.0,25.0,15758.0,18183,Western Carolina University,Western,Highway 107,Cullowhee,NC,28723-9646,www.wcu.edu/,www.wcu.edu/apply/index.aspx,www.wcu.edu/apply/financial-aid/index.aspx,www.wcu.edu/apply/undergraduate-admissions/apply.aspx,0.8666336688115273
200253,480.0,520.0,580.0,450.0,520.0,600.0,18.0,21.0,24.0,16.0,20.0,23.0,16.0,19.0,24.0,538.0,745,Minot State University,MSU,500 University Ave W,Minot,ND,58707,www.minotstateu.edu/,www.minotstateu.edu/enroll/,www.minotstateu.edu/finaid/,www.minotstateu.edu/enroll/apply.shtml,0.7221476510067114
200800,480.0,540.0,590.0,470.0,540.0,600.0,18.0,21.0,25.0,16.0,21.0,24.0,17.0,21.0,25.0,10624.0,14982,University of Akron Main Campus, ,302 Buchtel Common,Akron,OH,44325-2102,www.uakron.edu/,www.uakron.edu/admissions/,www.uakron.edu/finaid/,www.uakron.edu/admissions/undergraduate/admission_procedures/index.dot,0.7091176077960218
200846,493.0,530.0,560.0,408.0,505.0,593.0,17.0,20.0,23.0,16.0,21.0,24.0,16.0,19.0,24.0,244.0,303,University of Akron Wayne College, ,1901 Smucker Rd,Orrville,OH,44667,https://wayne.uakron.edu/,https://wayne.uakron.edu/admissions/,https://wayne.uakron.edu/admissions/financial-aid/,https://wayne.uakron.edu/admissions/,0.8052805280528053
201104,495.0,510.0,610.0,525.0,570.0,645.0,20.0,22.0,25.0,19.0,21.0,25.0,19.0,22.0,25.0,2927.0,3633,Ashland University, ,401 College Avenue,Ashland,OH,44805,https://www.ashland.edu/,https://www.ashland.edu/admissions,https://www.ashland.edu/financial-aid,https://www.ashland.edu/apply-ashland-university,0.8056702449766033
201195,530.0,590.0,650.0,520.0,570.0,635.0,20.0,24.0,27.0,20.0,23.0,27.0,19.0,24.0,27.0,3369.0,4384,Baldwin Wallace University,Baldwin Wallace  Baldwin-Wallace College  Baldwin-Wallace,275 Eastland Rd,Berea,OH,44017-2088,https://www.bw.edu/,https://www.bw.edu/admission/,https://www.bw.edu/one-stop/finances/financial-aid/,https://www.bw.edu/admission/apply/,0.7684762773722628
201371,480.0,500.0,560.0,440.0,520.0,570.0,17.0,19.0,23.0,15.0,19.0,22.0,17.0,20.0,24.0,1757.0,2873,Bluffton University, ,1 University Drive,Bluffton,OH,45817-2104,www.bluffton.edu/,www.bluffton.edu/admission,www.bluffton.edu/admission/financialaid,www.bluffton.edu/apply,0.6115558649495301
201441,510.0,560.0,620.0,510.0,550.0,610.0,20.0,22.0,26.0,18.0,21.0,24.0,17.0,21.0,25.0,15016.0,18629,Bowling Green State University-Main Campus,BGSU,220 McFall Ctr,Bowling Green,OH,43403,www.bgsu.edu/,choose.bgsu.edu/,www.bgsu.edu/financial-aid.html,www.bgsu.edu/,0.8060550754200441
201548,490.0,570.0,600.0,490.0,540.0,590.0,18.0,22.0,25.0,17.0,21.0,24.0,17.0,20.0,25.0,3194.0,4365,Capital University, ,1 College and Main,Columbus,OH,43209-2394,https://www.capital.edu/,https://www.capital.edu/admission-aid/,https://www.capital.edu/admission-aid/office-of-financial-aid/,https://apply.capital.edu/apply/,0.731729667812142
201645,700.0,720.0,750.0,730.0,770.0,790.0,32.0,34.0,35.0,33.0,34.0,35.0,31.0,33.0,35.0,11193.0,39033,Case Western Reserve University,CWRU|Case|Case Western Reserve,10900 Euclid Ave,Cleveland,OH,44106,www.case.edu/,admission.case.edu/,financialaid.case.edu/,admission.case.edu/apply/,0.28675735915763584
201654,570.0,640.0,690.0,540.0,600.0,670.0,23.0,26.0,29.0,22.0,26.0,32.0,21.0,25.0,28.0,3381.0,5382,Cedarville University, ,251 N. Main Street,Cedarville,OH,45314-0601,https://www.cedarville.edu/,https://www.cedarville.edu/Admissions,https://www.cedarville.edu/Offices/Financial-Aid,https://connect.cedarville.edu/apply/,0.6282051282051282
201821,420.0,420.0,490.0,410.0,490.0,510.0,17.0,18.0,22.0,15.0,18.0,22.0,16.0,17.0,20.0,282.0,562,The Christ College of Nursing and Health Sciences, ,2139 Auburn Avenue,Cincinnati,OH,45219-2989,https://www.thechristcollege.edu/,https://www.thechristcollege.edu/admissions,https://www.thechristcollege.edu/financial-aid,https://www.thechristcollege.edu/apply,0.501779359430605
201885,580.0,620.0,670.0,570.0,630.0,690.0,24.0,27.0,29.0,22.0,25.0,30.0,23.0,26.0,29.0,29077.0,33165,University of Cincinnati-Main Campus, ,2624 Clifton Avenue,Cincinnati,OH,45221-0063,www.uc.edu/,admissions.uc.edu/,www.uc.edu/about/financial-aid.html,admissions.uc.edu/apply.html,0.8767375244987186
202046,550.0,610.0,670.0,510.0,550.0,630.0,22.0,23.0,26.0,19.0,23.0,28.0,18.0,22.0,25.0,542.0,963,Cleveland Institute of Art,CIA,11610 Euclid Avenue,Cleveland,OH,44106-1710,www.cia.edu/,www.cia.edu/admissions/,www.cia.edu/admissions/financing-your-education,https://go.cia.edu/apply/,0.5628245067497404
202480,600.0,640.0,680.0,595.0,650.0,690.0,26.0,28.0,31.0,24.0,28.0,32.0,25.0,27.0,30.0,14023.0,22747,University of Dayton, ,300 College Park,Dayton,OH,45469,https://udayton.edu/,https://udayton.edu/apply/,https://udayton.edu/affordability/,https://udayton.edu/apply/undergraduate/index.php,0.6164768980524904
202523,650.0,680.0,710.0,650.0,700.0,760.0,29.0,31.0,32.0,29.0,33.0,34.0,26.0,28.0,30.0,2468.0,14580,Denison University,Denison|DU|Dennison University|Denison U|Dennison U|Camp Denidoo|Denidoo|Big Red,100 West College Street,Granville,OH,43023,https://www.denison.edu/,https://www.denison.edu/admission/,https://www.denison.edu/admission/,https://www.denison.edu/campus/admission/apply-to-denison,0.16927297668038407
203368,600.0,630.0,670.0,590.0,630.0,680.0,25.0,28.0,30.0,22.0,27.0,32.0,24.0,27.0,29.0,3437.0,4238,John Carroll University,JCU,1 John Carroll Boulevard,University Heights,OH,44118-4538,jcu.edu/,jcu.edu/admission,jcu.edu/sefs,jcu.edu/applynow,0.8109957527135441
203517,500.0,560.0,620.0,500.0,550.0,610.0,18.0,21.0,25.0,17.0,21.0,24.0,17.0,21.0,25.0,19379.0,22365,Kent State University at Kent, ,"Executive Office, 2nd Floor Library",Kent,OH,44242-0001,www.kent.edu/,www.kent.edu/admissions,https://www.kent.edu/financialaid,https://www.kent.edu/admissions/apply,0.8664878157835905
203535,690.0,720.0,750.0,670.0,720.0,750.0,31.0,32.0,34.0,33.0,35.0,35.0,27.0,28.0,31.0,2524.0,8218,Kenyon College, ,Kenyon College,Gambier,OH,43022,https://www.kenyon.edu/,https://www.kenyon.edu/admissions-aid/,https://www.kenyon.edu/admissions-aid/financial-aid-scholarships/,https://www.commonapp.org/,0.30713068873205157
203580,485.0,520.0,560.0,460.0,520.0,555.0,18.0,22.0,24.0,15.0,20.0,24.0,17.0,21.0,25.0,765.0,1193,Lake Erie College,LEC,391 W Washington St,Painesville,OH,44077-3389,www.lec.edu/,www.lec.edu/admissions,www.lec.edu/financialaid,apply.lec.edu/apply/,0.6412405699916177
203775,455.0,560.0,618.0,430.0,520.0,618.0,17.0,21.0,24.0,15.0,20.0,24.0,17.0,20.0,24.0,1009.0,1335,Malone University, ,2600 Cleveland Avenue NW,Canton,OH,44709-3308,https://www.malone.edu/,https://www.malone.edu/admissions-aid/,https://www.malone.edu/admissions-aid/financial-aid-scholarships/,https://www.malone.edu/admissions-aid/apply/,0.7558052434456929
203845,500.0,580.0,640.0,490.0,570.0,655.0,18.0,21.0,24.0,15.0,20.0,23.0,17.0,21.0,25.0,1978.0,2516,Marietta College, ,Irvine Bldg,Marietta,OH,45750,https://www.marietta.edu/,https://www.marietta.edu/future-students,https://www.marietta.edu/tuition-financial-aid,https://www.marietta.edu/apply,0.7861685214626392
203960,420.0,510.0,570.0,430.0,480.0,500.0,15.0,17.0,22.0,13.0,17.0,20.0,15.0,17.0,20.0,121.0,283,Mercy College of Ohio,Mercy College,2221 Madison Avenue,Toledo,OH,43604-1132,www.mercycollege.edu/,www.mercycollege.edu/admissions,www.mercycollege.edu/tuition-aid/financial-aid,www.mercycollege.edu/admissions/apply-now,0.4275618374558304
204024,610.0,650.0,690.0,600.0,640.0,690.0,26.0,28.0,31.0,24.0,27.0,32.0,25.0,27.0,30.0,28319.0,34498,Miami University-Oxford,Miami of Ohio,501 East High St,Oxford,OH,45056,miamioh.edu/,miamioh.edu/admission/,miamioh.edu/finaid/,https://apply.commonapp.org/,0.8208881674299959
204185,560.0,570.0,620.0,510.0,520.0,670.0,24.0,26.0,28.0,21.0,24.0,26.0,24.0,26.0,28.0,2661.0,3322,University of Mount Union, ,1972 Clark Ave.,Alliance,OH,44601-3929,www.mountunion.edu/,www.mountunion.edu/admission,www.mountunion.edu/applying-for-financial-aid,https://admission.mountunion.edu/apply/,0.8010234798314269
204194,485.0,560.0,610.0,478.0,555.0,618.0,18.0,22.0,25.0,17.0,21.0,25.0,18.0,22.0,25.0,956.0,1134,Mount Vernon Nazarene University,MVNU,800 Martinsburg Rd,Mount Vernon,OH,43050-9500,www.mvnu.edu/,https://www.mvnu.edu/undergraduate,www.mvnu.edu/undergraduate/financialaid,https://www.mvnu.edu/undergraduate/apply,0.8430335097001763
204200,440.0,500.0,548.0,440.0,480.0,535.0,17.0,21.0,24.0,15.0,21.0,24.0,16.0,19.0,24.0,1226.0,2169,Mount St. Joseph University,"Mount St. Joseph University, Mount St. Joe, Mount, The Mount,Mount St. Joseph University on the Ohio.",5701 Delhi Rd,Cincinnati,OH,45233-1670,www.msj.edu/,www.msj.edu/admission/,www.msj.edu/tuition-aid/financial-aid-grants-loans-scholarships/,https://www.msj.edu/apply/index.html,0.5652374366067312
204264,470.0,500.0,550.0,430.0,490.0,570.0,17.0,19.0,22.0,15.0,18.0,22.0,16.0,18.0,23.0,2142.0,2623,Muskingum University,Muskingum,10 College Drive,New Concord,OH,43762-1837,www.muskingum.edu/,https://www.muskingum.edu/admission,https://www.muskingum.edu/financial-aid,https://www.muskingum.edu/admission/apply,0.8166221883339687
204501,700.0,730.0,760.0,670.0,710.0,750.0,30.0,32.0,33.0,32.0,35.0,35.0,28.0,30.0,32.0,3641.0,11039,Oberlin College, ,70 N Professor St,Oberlin,OH,44074,www.oberlin.edu/,www.oberlin.edu/admissions-and-aid/arts-and-sciences,https://www.oberlin.edu/financial-aid,https://apply.commonapp.org/Login?ma=187,0.3298306005978802
204635,580.0,640.0,678.0,593.0,650.0,698.0,25.0,27.0,29.0,22.0,25.0,29.0,25.0,27.0,30.0,3328.0,4537,Ohio Northern University,Northern|ONU,525 S. Main St,Ada,OH,45810-1599,www.onu.edu/,www.onu.edu/admissions,www.onu.edu/admissions-aid/financial-aid,https://connect.onu.edu/apply/,0.7335243553008596
204796,650.0,680.0,720.0,680.0,720.0,760.0,29.0,31.0,32.0,27.0,31.0,34.0,27.0,29.0,32.0,35588.0,70028,Ohio State University-Main Campus, ,15 E. 15th Avenue,Columbus,OH,43201,www.osu.edu/,undergrad.osu.edu/,undergrad.osu.edu/cost-and-aid/financial-aid,undergrad.osu.edu/apply,0.5081967213114754
204857,560.0,600.0,650.0,540.0,590.0,640.0,22.0,25.0,28.0,21.0,24.0,28.0,20.0,24.0,26.0,21739.0,25648,Ohio University-Main Campus, ,020 Chubb Hall,Athens,OH,45701-2979,https://www.ohio.edu/,https://www.ohio.edu/admissions/,https://www.ohio.edu/financial-aid/,https://www.ohio.edu/admissions/apply,0.8475904553961322
204909,550.0,610.0,685.0,555.0,610.0,665.0,25.0,29.0,31.0,24.0,28.0,30.0,25.0,27.0,29.0,2892.0,5708,Ohio Wesleyan University,OWU,61 S Sandusky Street,Delaware,OH,43015-2370,https://www.owu.edu/,https://admission.owu.edu/,https://finaid.owu.edu/,https://admission.owu.edu/applyToOWU.html,0.5066573230553609
205957,570.0,610.0,660.0,530.0,580.0,630.0,23.0,26.0,29.0,23.0,26.0,31.0,21.0,24.0,27.0,1636.0,2265,Franciscan University of Steubenville,Franciscan|Steubenville,1235 University Blvd,Steubenville,OH,43952-1763,www.franciscan.edu/,www.franciscan.edu/undergraduate/,www.franciscan.edu/financial-aid/,franciscanuniversity.force.com/portal/TX_SiteLogin?startURL=%2Fportal%2FTargetX_Portal__PB,0.7222958057395144
206048,440.0,510.0,560.0,430.0,500.0,560.0,15.0,18.0,22.0,14.0,17.0,21.0,15.0,17.0,22.0,3817.0,4785,Tiffin University, ,155 Miami Street,Tiffin,OH,44883,www.tiffin.edu/,www.tiffin.edu/admissions,www.tiffin.edu/finaid/,www.tiffin.edu/apply/,0.7977011494252874
206084,530.0,590.0,640.0,520.0,590.0,660.0,22.0,25.0,28.0,20.0,24.0,27.0,21.0,25.0,28.0,10606.0,11184,University of Toledo, ,2801 W Bancroft,Toledo,OH,43606-3390,www.utoledo.edu/,www.utoledo.edu/admission/,www.financialaid.utoledo.edu/,www.utoledo.edu/admission/apply/index.html,0.9483190271816881
206349,490.0,550.0,580.0,470.0,500.0,620.0,21.0,24.0,25.0,21.0,23.0,25.0,20.0,24.0,24.0,515.0,613,Ursuline College, ,2550 Lander Rd,Pepper Pike,OH,44124,www.ursuline.edu/,www.ursuline.edu/admission/,www.ursuline.edu/admission/cost-aid/,apply.ursuline.edu/apply/,0.8401305057096248
206437,508.0,545.0,590.0,548.0,600.0,625.0,21.0,25.0,28.0,19.0,23.0,27.0,20.0,24.0,27.0,1788.0,2287,Walsh University, ,2020 East Maple St,North Canton,OH,44720-3396,https://www.walsh.edu/,https://www.walsh.edu/undergraduate-admission-procedures,www.walsh.edu/financial-aid-welcome,https://www.walsh.edu/undergraduate-application,0.7818102317446436
206507,430.0,460.0,540.0,430.0,460.0,510.0,17.0,20.0,23.0,15.0,18.0,22.0,16.0,19.0,24.0,1588.0,1877,Wilmington College, ,1870 Quaker Way,Wilmington,OH,45177,https://www.wilmington.edu/,https://www.wilmington.edu/admission/,https://www.wilmington.edu/financial-aid/,https://www.wilmington.edu/admission/apply/,0.8460309003729355
206525,540.0,600.0,640.0,530.0,570.0,620.0,20.0,23.0,27.0,19.0,23.0,25.0,19.0,24.0,26.0,2691.0,2956,Wittenberg University, ,Ward St at N Wittenberg Ave,Springfield,OH,45504,www.wittenberg.edu/,www.wittenberg.edu/admission,www.wittenberg.edu/admission/financials,www.wittenberg.edu/apply,0.9103518267929634
206589,640.0,690.0,730.0,610.0,670.0,720.0,27.0,30.0,32.0,27.0,31.0,34.0,25.0,28.0,31.0,3819.0,7031,The College of Wooster,Wooster,1189 Beall Avenue,Wooster,OH,44691,https://wooster.edu/,https://wooster.edu/admissions/,https://wooster.edu/admissions/afford/financial-aid/,https://wooster.edu/admissions/apply/,0.5431659792348172
206604,470.0,520.0,620.0,443.0,520.0,610.0,17.0,21.0,25.0,15.0,20.0,24.0,16.0,19.0,25.0,8463.0,8894,Wright State University-Main Campus, ,3640 Colonel Glenn Highway,Dayton,OH,45435-0001,www.wright.edu/,www.wright.edu/admissions,www.wright.edu/raiderconnect/financial-aid,https://go.wright.edu/portal/applytoday,0.9515403642905329
206622,530.0,600.0,658.0,530.0,590.0,640.0,22.0,26.0,29.0,22.0,25.0,29.0,20.0,24.0,27.0,14694.0,16750,Xavier University,XU | X,3800 Victory Parkway,Cincinnati,OH,45207-1092,https://www.xavier.edu/,https://www.xavier.edu/admission/,https://www.xavier.edu/financial-aid,https://www.xavier.edu/admission/apply.cfm,0.8772537313432835
206695,480.0,540.0,600.0,460.0,540.0,610.0,17.0,20.0,24.0,16.0,20.0,24.0,17.0,20.0,25.0,4658.0,5799,Youngstown State University, ,One University Plaza,Youngstown,OH,44555-0001,https://ysu.edu/,https://ysu.edu/admissions,https://ysu.edu/node/32,https://ysu.edu/admissions/apply-to-ysu,0.8032419382652182
207041,435.0,480.0,515.0,500.0,520.0,540.0,16.0,19.0,22.0,15.0,19.0,22.0,15.0,17.0,20.0,761.0,1161,East Central University,ECU,1100 E. 14th Street,Ada,OK,74820-6999,https://www.ecok.edu/,https://www.ecok.edu/admissions,https://www.ecok.edu/current-students/paying-college/financial-aid,https://www.ecok.edu/apply,0.6554694229112834
207157,430.0,460.0,468.0,408.0,430.0,460.0,17.0,20.0,22.0,16.0,17.0,22.0,16.0,18.0,21.0,82.0,183,Randall University, ,3701 S. I-35 Frontage Road,Moore,OK,73160,www.ru.edu/,ru.edu/future-students/admissions/admissions,https://hc.vfao.com/default.aspx,ru.edu/future-students/applications,0.44808743169398907
207263,455.0,530.0,585.0,465.0,520.0,560.0,18.0,20.0,23.0,17.0,21.0,24.0,16.0,18.0,22.0,1375.0,1386,Northeastern State University,NSU,600 N Grand,Tahlequah,OK,74464-2399,https://www.nsuok.edu/,https://offices.nsuok.edu/admissions/,https://offices.nsuok.edu/financialaid/,https://offices.nsuok.edu/admissions/Apply.aspx,0.9920634920634921
207306,430.0,490.0,550.0,438.0,500.0,540.0,16.0,19.0,22.0,15.0,18.0,21.0,16.0,17.0,21.0,859.0,1293,Northwestern Oklahoma State University,NWOSU|Northwestern Okla State|Northwestern Oklahoma State|,709 Oklahoma Blvd,Alva,OK,73717-2799,www.nwosu.edu/,www.nwosu.edu/apply-for-admission,www.nwosu.edu/paying-for-college/financial-aid,www.nwosu.edu/apply-for-admission,0.6643464810518175
207324,500.0,550.0,610.0,500.0,560.0,610.0,19.0,22.0,27.0,17.0,21.0,26.0,17.0,22.0,26.0,1327.0,1367,Oklahoma Christian University,"OC, Oklahoma Christian, OCUSA, Oklahoma Christian University of Science and Arts, OCC, Oklahoma Christian College",2501 E Memorial Rd,Edmond,OK,73013,www.oc.edu/,www.oc.edu/admissions/,www.oc.edu/services/financial/,https://www.oc.edu/apply,0.9707388441843453
207388,520.0,570.0,630.0,510.0,560.0,610.0,20.0,23.0,27.0,19.0,22.0,26.0,18.0,22.0,26.0,13910.0,19612,Oklahoma State University-Main Campus, ,107 Whitehurst,Stillwater,OK,74078-1015,www.okstate.edu/,https://admissions.okstate.edu/,financialaid.okstate.edu/,admissions.okstate.edu/apply/,0.7092596369569651
207403,510.0,550.0,600.0,490.0,550.0,590.0,20.0,24.0,28.0,18.0,22.0,24.0,18.0,23.0,25.0,2077.0,3730,Oklahoma Baptist University, ,500 W University,Shawnee,OK,74804,https://www.okbu.edu/,https://www.okbu.edu/admissions,https://www.okbu.edu/financial-aid/six-easy-steps.html,https://www.okbu.edu/admissions/apply.html,0.5568364611260054
207500,580.0,620.0,670.0,560.0,600.0,660.0,23.0,26.0,29.0,22.0,25.0,30.0,21.0,25.0,27.0,17097.0,22337,University of Oklahoma-Norman Campus,University of Oklahoma|Oklahoma University|OU|Oklahoma,660 Parrington Oval,Norman,OK,73019-3072,www.ou.edu/,www.ou.edu/admissions,www.ou.edu/sfc,www.ou.edu/admissions/apply,0.7654116488337736
207582,550.0,600.0,640.0,533.0,570.0,610.0,22.0,24.0,27.0,21.0,24.0,27.0,19.0,23.0,25.0,3588.0,3639,Oral Roberts University,ORU,7777 S Lewis Ave.,Tulsa,OK,74171,https://oru.edu/,https://oru.edu/admissions/,https://oru.edu/tuition-and-financial-aid,https://oru.edu/admissions/apply.php,0.9859851607584501
207722,523.0,550.0,618.0,520.0,540.0,570.0,21.0,23.0,25.0,21.0,23.0,27.0,18.0,20.0,24.0,817.0,1465,University of Science and Arts of Oklahoma,USAO,17th Street and Grand Avenue,Chickasha,OK,73018-5322,https://usao.edu/,https://usao.edu/future-students/index.html,https://usao.edu/financial-aid/index.html,https://admissions.usao.edu/apply/,0.557679180887372
207847,490.0,530.0,580.0,470.0,520.0,570.0,18.0,21.0,23.0,17.0,20.0,23.0,16.0,18.0,23.0,981.0,1221,Southeastern Oklahoma State University, ,425 W University Blvd,Durant,OK,74701-3347,www.se.edu/,www.se.edu/undergraduate/,www.se.edu/financial-aid/,www.se.edu/apply/,0.8034398034398035
207971,590.0,665.0,740.0,560.0,670.0,750.0,24.0,28.0,33.0,24.0,29.0,35.0,24.0,27.0,31.0,3845.0,6631,University of Tulsa,Tulsa University,800 South Tucker Drive,Tulsa,OK,74104-3189,https://utulsa.edu/,https://utulsa.edu/admission/,https://utulsa.edu/financial-aid/,https://utulsa.edu/apply/,0.5798522093198613
208822,540.0,600.0,670.0,530.0,580.0,660.0,17.0,23.0,28.0,17.0,23.0,28.0,17.0,20.0,25.0,3603.0,3737,George Fox University,GFU,414 N Meridian St,Newberg,OR,97132,https://www.georgefox.edu/,https://www.georgefox.edu/admission/index.html,https://www.georgefox.edu/offices/financial-aid/index.html,https://www.georgefox.edu/college-admissions/apply/index.html,0.9641423601819642
209056,620.0,680.0,720.0,590.0,630.0,670.0,28.0,29.0,31.0,31.0,32.0,35.0,25.0,27.0,28.0,4721.0,6334,Lewis & Clark College,Lewis and Clark College,615 S Palatine Hill Rd,Portland,OR,97219-7899,www.lclark.edu/,college.lclark.edu/offices/admissions/,https://www.lclark.edu/offices/financial_aid/,www.lclark.edu/college/offices/admissions/apply/,0.7453425955162615
209506,525.0,580.0,650.0,520.0,590.0,650.0,22.0,23.0,26.0,20.0,22.0,24.0,21.0,24.0,26.0,4589.0,5006,Oregon Institute of Technology,OIT|Oregon Tech,3201 Campus Drive,Klamath Falls,OR,97601-8801,https://www.oit.edu/,https://www.oit.edu/admissions,https://www.oit.edu/faid,https://www.oit.edu/apply,0.9166999600479425
209551,580.0,640.0,690.0,550.0,600.0,670.0,22.0,27.0,30.0,21.0,26.0,32.0,20.0,25.0,28.0,33532.0,39400,University of Oregon,UO,110 Johnson Hall,Eugene,OR,97403,https://www.uoregon.edu/,https://admissions.uoregon.edu/,https://financialaid.uoregon.edu/,https://admissions.uoregon.edu/apply,0.8510659898477158
209612,500.0,580.0,640.0,490.0,530.0,600.0,17.0,23.0,28.0,16.0,20.0,25.0,16.0,23.0,27.0,2585.0,2817,Pacific University,Pacific|PU|Pac U|PacificU|Pacific University Oregon,2043 College Way,Forest Grove,OR,97116,https://www.pacificu.edu/,https://www.pacificu.edu/admissions/undergraduate-admissions,https://www.pacificu.edu/financial-aid-scholarships,https://www.pacificu.edu/admissions/undergraduate-admissions/apply-now,0.9176428824991125
209825,620.0,650.0,693.0,570.0,610.0,663.0,25.0,28.0,30.0,23.0,27.0,30.0,24.0,26.0,27.0,8624.0,9041,University of Portland, ,5000 N Willamette Blvd,Portland,OR,97203-5798,https://www.up.edu/,https://www.up.edu/admissions/,https://www.up.edu/finaid/index.html,https://www.uportland.org/freshman/,0.9538767835416436
209922,670.0,710.0,760.0,630.0,700.0,750.0,29.0,32.0,34.0,32.0,34.0,35.0,27.0,29.0,32.0,2728.0,10045,Reed College,Reed,3203 SE Woodstock Blvd,Portland,OR,97202-8199,https://www.reed.edu/,https://web.reed.edu/apply/,https://www.reed.edu/financialaid/,https://www.reed.edu/apply/guide-to-applying/,0.2715778994524639
210429,438.0,525.0,575.0,430.0,485.0,533.0,21.0,23.0,26.0,22.0,23.0,27.0,18.0,18.0,25.0,2860.0,2898,Western Oregon University,Western Oregon State College,345 Monmouth Ave N,Monmouth,OR,97361-1394,https://wou.edu/,https://wou.edu/admission/,https://wou.edu/finaid/,https://wou.edu/admission/apply/,0.9868875086266391
210669,600.0,640.0,690.0,540.0,610.0,660.0,25.0,29.0,31.0,22.0,28.0,35.0,21.0,25.0,27.0,2953.0,5045,Allegheny College, ,520 N Main St,Meadville,PA,16335-3902,https://allegheny.edu/,https://sites.allegheny.edu/admissions/,https://sites.allegheny.edu/finaid/,https://sites.allegheny.edu/admissions/apply/,0.5853320118929634
210739,550.0,605.0,650.0,540.0,585.0,640.0,24.0,27.0,28.0,23.0,25.0,28.0,23.0,24.0,27.0,2857.0,3636,DeSales University, ,2755 Station Avenue,Center Valley,PA,18034-9568,www.desales.edu/,www.desales.edu/admissions-financial-aid,www.desales.edu/admissions-financial-aid/undergraduate-admissions-aid/financial-aid-scholarships,www.desales.edu/admissions-financial-aid/undergraduate-admissions-aid/how-to-apply,0.7857535753575358
211088,553.0,600.0,650.0,530.0,595.0,660.0,26.0,28.0,30.0,24.0,30.0,35.0,19.0,23.0,27.0,5296.0,6688,Arcadia University,Beaver College,450 S Easton Rd,Glenside,PA,19038-3295,https://www.arcadia.edu/,https://www.arcadia.edu/admissions/,https://www.arcadia.edu/admissions/financial-aid-scholarships,https://www.arcadia.edu/admissions/undergraduate/how-apply,0.7918660287081339
211273,670.0,710.0,740.0,630.0,680.0,730.0,30.0,32.0,33.0,31.0,34.0,35.0,26.0,29.0,32.0,1018.0,3278,Bryn Mawr College, ,101 N Merion Avenue,Bryn Mawr,PA,19010,www.brynmawr.edu/,www.brynmawr.edu/admissions-aid,www.brynmawr.edu/admissions-aid,www.brynmawr.edu/admissions-aid/how-apply,0.3105552165954851
211291,640.0,680.0,710.0,660.0,690.0,740.0,31.0,32.0,33.0,31.0,34.0,35.0,27.0,29.0,31.0,3524.0,11010,Bucknell University, ,One Dent Drive,Lewisburg,PA,17837,www.bucknell.edu/,https://www.bucknell.edu/admissions-aid,https://www.bucknell.edu/admissions-aid/tuition-financial-aid,https://www.commonapp.org/,0.3200726612170754
211440,730.0,750.0,770.0,770.0,790.0,800.0,34.0,35.0,35.0,34.0,35.0,35.0,33.0,35.0,36.0,3843.0,33707,Carnegie Mellon University,Carnegie Mellon; CMU,5000 Forbes Avenue,Pittsburgh,PA,15213-3890,www.cmu.edu/,admission.enrollment.cmu.edu/,admission.enrollment.cmu.edu/pages/financial-aid,admission.enrollment.cmu.edu/pages/apply-now,0.11401192630610853
211556,550.0,610.0,670.0,520.0,580.0,620.0,23.0,26.0,27.0,22.0,26.0,30.0,22.0,24.0,26.0,2923.0,4169,Chatham University,Chatham,"Woodland Road, Office of Institutional Research",Pittsburgh,PA,15232,www.chatham.edu/,https://www.chatham.edu/admission/,https://www.chatham.edu/admission/,chatham.edu/admission-and-aid/next-steps/apply.html,0.7011273686735429
211981,550.0,610.0,650.0,520.0,560.0,620.0,24.0,26.0,27.0,22.0,24.0,25.0,21.0,24.0,26.0,2181.0,2358,Delaware Valley University, ,700 E Butler Ave,Doylestown,PA,18901-2697,www.delval.edu/,www.delval.edu/admission-aid,www.delval.edu/offices-services/financial-aid,www.delval.edu/apply,0.9249363867684478
212054,610.0,660.0,700.0,620.0,670.0,730.0,27.0,30.0,33.0,26.0,31.0,35.0,25.0,27.0,31.0,31171.0,40204,Drexel University,Drexel,3141 Chestnut St,Philadelphia,PA,19104,https://drexel.edu/,https://drexel.edu/admissions/overview/,https://drexel.edu/drexelcentral/finaid/overview/,https://drexel.edu/admissions/apply/,0.7753208635956621
212106,590.0,630.0,680.0,570.0,620.0,670.0,26.0,27.0,31.0,24.0,28.0,33.0,25.0,26.0,29.0,11128.0,14112,Duquesne University, ,Administration Bldg 600 Forbes Ave,Pittsburgh,PA,15282,www.duq.edu/,www.duq.edu/admissions-and-aid/undergraduate-admissions,www.duq.edu/admissions-and-aid/financial-aid,www.duq.edu/admissions-and-aid/undergraduate/apply-for-admission,0.7885487528344671
212115,480.0,540.0,590.0,490.0,530.0,580.0,20.0,23.0,25.0,18.0,22.0,23.0,18.0,22.0,25.0,6871.0,7398,East Stroudsburg University of Pennsylvania,East Stroudsburg University,200 Prospect Street,East Stroudsburg,PA,18301-2999,https://www.esu.edu/,https://www.esu.edu/admissions/index.cfm,https://www.esu.edu/financial-aid/index.cfm,https://www.esu.edu/admissions/undergraduate/apply_to_esu.cfm,0.928764530954312
212197,560.0,600.0,650.0,530.0,580.0,630.0,19.0,27.0,29.0,19.0,27.0,29.0,19.0,24.0,27.0,2726.0,3551,Elizabethtown College, ,One Alpha Drive,Elizabethtown,PA,17022-2298,www.etown.edu/,www.etown.edu/admissions,www.etown.edu/admissions/financial-aid,www.etown.edu/admissions/apply,0.7676710785694171
212577,658.0,700.0,730.0,640.0,690.0,730.0,29.0,31.0,32.0,29.0,33.0,35.0,27.0,28.0,31.0,2938.0,9231,Franklin and Marshall College,Franklin & Marshall College|Franklin & Marshall|Franklin and Marshall|F&M|FandM,College Ave,Lancaster,PA,17604-3003,www.fandm.edu/,www.fandm.edu/admission,www.fandm.edu/financialaid,www.fandm.edu/admission/apply,0.3182753764489221
212674,630.0,680.0,720.0,610.0,670.0,740.0,27.0,29.0,32.0,27.0,32.0,34.0,23.0,27.0,31.0,3384.0,7123,Gettysburg College, ,300 N Washington St,Gettysburg,PA,17325,https://www.gettysburg.edu/,https://www.gettysburg.edu/admissions-aid/,https://www.gettysburg.edu/admissions-aid/,https://www.gettysburg.edu/admissions-aid/applying-to-gettysburg/,0.47508072441387056
212805,566.0,630.0,684.0,562.0,621.0,690.0,23.0,27.0,31.0,22.0,27.0,33.0,21.0,25.0,29.0,1493.0,2034,Grove City College, ,100 Campus Dr,Grove City,PA,16127-2104,www.gcc.edu/,www.gcc.edu/futurestudents,www.gcc.edu/futurestudents/financialaid/,https://www.gcc.edu/Home/Admissions-Financial-Aid/Applying-to-Grove-City-College/How-To-Apply,0.7340216322517208
212911,710.0,730.0,760.0,720.0,760.0,780.0,33.0,34.0,35.0,33.0,35.0,35.0,30.0,32.0,34.0,825.0,6391,Haverford College, ,370  Lancaster Ave,Haverford,PA,19041-1392,https://www.haverford.edu/,https://www.haverford.edu/admission/,https://www.haverford.edu/financial-aid,https://www.haverford.edu/admission/applying,0.12908777969018934
213020,480.0,530.0,600.0,460.0,520.0,570.0,17.0,21.0,24.0,16.0,20.0,24.0,16.0,19.0,23.0,8593.0,9422,Indiana University of Pennsylvania-Main Campus, ,1011 South Dr 201 Sutton Hall,Indiana,PA,15705-1098,www.iup.edu/,www.iup.edu/admissions/index.html,www.iup.edu/financialaid/index.html,https://www.iup.edu/admissions/undergraduate/apply-next-steps/index.html,0.9120144343026958
213251,550.0,600.0,660.0,520.0,580.0,620.0,22.0,25.0,29.0,21.0,24.0,26.0,21.0,24.0,27.0,2090.0,2917,Juniata College, ,1700 Moore St,Huntingdon,PA,16652-2196,www.juniata.edu/,www.juniata.edu/admission/,www.juniata.edu/admission/scholarships-and-aid/index.php,www.juniata.edu/admission/apply/index.php,0.7164895440521083
213385,670.0,700.0,730.0,670.0,710.0,760.0,30.0,32.0,33.0,31.0,34.0,35.0,27.0,30.0,32.0,3107.0,9874,Lafayette College, ,High St,Easton,PA,18042-1768,https://www.lafayette.edu/,https://admissions.lafayette.edu/,https://admissions.lafayette.edu/financial-aid/,https://apply.commonapp.org/login?ma=138,0.3146647761798663
213400,540.0,600.0,660.0,540.0,570.0,610.0,21.0,21.0,23.0,20.0,22.0,24.0,19.0,22.0,24.0,376.0,395,Lancaster Bible College, ,901 Eden Rd,Lancaster,PA,17601-5036,https://www.lbc.edu/,https://www.lbc.edu/undergraduate/admissions/,https://www.lbc.edu/undergraduate/financial-aid/,https://www.lbc.edu/apply/,0.9518987341772152
213543,670.0,710.0,730.0,680.0,720.0,760.0,31.0,32.0,33.0,31.0,34.0,35.0,28.0,30.0,32.0,5389.0,18415,Lehigh University, ,27 Memorial Drive West,Bethlehem,PA,18015,www.lehigh.edu/,www.lehigh.edu/admissions,www.lehigh.edu/financialaid,www1.lehigh.edu/admissions/undergrad/apply,0.29264186804235676
213598,450.0,490.0,530.0,420.0,480.0,520.0,18.0,22.0,22.0,17.0,19.0,21.0,16.0,20.0,21.0,4692.0,5987,Lincoln University, ,1570 Baltimore Pike,Lincoln University,PA,19352-0999,www.lincoln.edu/,www.lincoln.edu/admissions,www.lincoln.edu/admissions/financial-aid/index.html,https://lincoln.elluciancrmrecruit.com/Apply/Account/Login?ReturnUrl=%2fApply,0.7836980123601136
213668,540.0,595.0,643.0,530.0,570.0,630.0,23.0,25.0,30.0,22.0,28.0,29.0,20.0,21.0,27.0,2189.0,3225,Lycoming College, ,One College Place,Williamsport,PA,17701-5192,https://www.lycoming.edu/,https://www.lycoming.edu/admissions/,https://www.lycoming.edu/financialAid/,https://www.lycoming.edu/admissions/howToApply/onlineApplication.aspx,0.6787596899224806
213826,530.0,580.0,640.0,520.0,570.0,600.0,21.0,24.0,26.0,20.0,22.0,25.0,20.0,22.0,27.0,2625.0,3136,Marywood University,Marywood,2300 Adams Ave,Scranton,PA,18509-1598,https://www.marywood.edu/,https://www.marywood.edu/admissions/,https://mint.marywood.edu/affordability/,https://www.marywood.edu/apply/,0.8370535714285714
213996,560.0,610.0,670.0,540.0,600.0,670.0,22.0,26.0,30.0,22.0,24.0,30.0,21.0,25.0,29.0,1864.0,2375,Messiah University, ,One University Avenue,Mechanicsburg,PA,17055,www.messiah.edu/,www.messiah.edu/info/20007/admissions,www.messiah.edu/info/21085/financial_aid,www.messiah.edu/applynow,0.7848421052631579
214148,605.0,630.0,688.0,628.0,675.0,723.0,25.0,27.0,31.0,24.0,28.0,34.0,23.0,25.0,29.0,800.0,1322,Moore College of Art and Design,Moore College,20th and the Parkway,Philadelphia,PA,19103-1179,www.moore.edu/,moore.edu/admissions-aid/,moore.edu/admissions-aid/undergraduate-students/tuition-financial-aid/,https://moore.edu/admissions-aid/undergraduate-students/how-to-apply/,0.6051437216338881
214166,445.0,520.0,540.0,455.0,510.0,565.0,15.0,20.0,24.0,15.0,21.0,23.0,20.0,22.0,24.0,2149.0,2377,Mount Aloysius College, ,7373 Admiral Peary Hwy,Cresson,PA,16630-1999,www.mtaloy.edu/,www.mtaloy.edu/future-students/,www.mtaloy.edu/financial-aid/,www.mtaloy.edu/apply/,0.9040807740849811
214175,630.0,670.0,710.0,600.0,640.0,690.0,28.0,30.0,31.0,27.0,30.0,33.0,25.0,26.0,30.0,2783.0,4348,Muhlenberg College, ,2400 Chew Street,Allentown,PA,18104,www.muhlenberg.edu/,www.muhlenberg.edu/main/admissions/,www.muhlenberg.edu/main/aboutus/finaid/,www.commonapp.org/explore/muhlenberg-college,0.640064397424103
214591,560.0,610.0,660.0,550.0,600.0,660.0,23.0,26.0,28.0,21.0,24.0,27.0,23.0,26.0,28.0,4620.0,4827,Pennsylvania State University-Penn State Erie-Behrend College,Behrend College,4701 College Drive,Erie,PA,16563-0001,https://behrend.psu.edu/,https://behrend.psu.edu/admission,https://behrend.psu.edu/tuition-and-financial-aid, ,0.9571162212554382
214625,500.0,550.0,640.0,530.0,560.0,630.0,25.0,26.0,27.0,22.0,23.0,26.0,23.0,25.0,26.0,600.0,643,Pennsylvania State University-Penn State New Kensington, ,3550 Seventh Street Road,New Kensington,PA,15068-1765,https://newkensington.psu.edu/,https://newkensington.psu.edu/admissions/how-become-penn-stater,https://newkensington.psu.edu/tuition-financial-aid-overview, ,0.9331259720062208
214670,575.0,620.0,660.0,565.0,600.0,655.0,20.0,23.0,28.0,20.0,23.0,26.0,17.0,21.0,26.0,1741.0,1848,Pennsylvania State University-Penn State Lehigh Valley, ,2809 Saucon Valley Road,Center Valley,PA,18034-8447,https://lehighvalley.psu.edu/,https://lehighvalley.psu.edu/admission,https://lehighvalley.psu.edu/tuition-financial-aid, ,0.9420995670995671
214689,530.0,580.0,630.0,520.0,580.0,630.0,22.0,24.0,27.0,20.0,23.0,25.0,18.0,24.0,25.0,6942.0,7134,Pennsylvania State University-Penn State Altoona, ,3000 Ivyside Park,Altoona,PA,16601-3777,https://altoona.psu.edu/,https://altoona.psu.edu/admissions,https://altoona.psu.edu/tuition-financial-aid, ,0.9730866274179983
214698,520.0,600.0,660.0,530.0,600.0,660.0,21.0,23.0,26.0,21.0,21.0,24.0,19.0,25.0,26.0,1478.0,1603,Pennsylvania State University-Penn State Beaver, ,100 University Drive,Monaca,PA,15061-2764,https://beaver.psu.edu/,https://beaver.psu.edu/admissions,https://beaver.psu.edu/tuition-financial-aid, ,0.9220212102308172
214704,540.0,610.0,650.0,550.0,600.0,660.0,26.0,27.0,29.0,22.0,28.0,34.0,22.0,25.0,27.0,5676.0,5844,Pennsylvania State University-Penn State Berks, ,Tulpehocken Road,Reading,PA,19610-1016,https://berks.psu.edu/,https://berks.psu.edu/admission,https://berks.psu.edu/tuition-and-financial-aid/financial-aid, ,0.971252566735113
214713,560.0,600.0,650.0,550.0,610.0,670.0,26.0,28.0,30.0,24.0,27.0,31.0,24.0,27.0,29.0,9924.0,10296,Pennsylvania State University-Penn State Harrisburg, ,777 West Harrisburg Pike,Middletown,PA,17057-4846,https://harrisburg.psu.edu/,https://harrisburg.psu.edu/admissions,https://harrisburg.psu.edu/financial-aid, ,0.9638694638694638
214731,570.0,610.0,660.0,540.0,600.0,680.0,18.0,25.0,29.0,17.0,25.0,31.0,19.0,21.0,25.0,2346.0,2461,Pennsylvania State University-Penn State Brandywine, ,25 Yearsley Mill Road,Media,PA,19063-5522,https://www.brandywine.psu.edu/,https://www.brandywine.psu.edu/admission,https://www.brandywine.psu.edu/tuition-financial-aid, ,0.9532710280373832
214777,610.0,650.0,690.0,610.0,660.0,710.0,27.0,29.0,32.0,25.0,30.0,33.0,25.0,28.0,31.0,46605.0,85956,Pennsylvania State University-Main Campus, ,201 Old Main,University Park,PA,16802-1503,https://www.psu.edu/,https://admissions.psu.edu/,https://studentaid.psu.edu/,https://admissions.psu.edu/apply/,0.5421960072595281
214801,550.0,590.0,650.0,540.0,590.0,660.0,21.0,23.0,27.0,19.0,23.0,27.0,19.0,24.0,26.0,6051.0,6575,Pennsylvania State University-Penn State Abington, ,1600 Woodland Road,Abington,PA,19001-3918,https://www.abington.psu.edu/,https://www.abington.psu.edu/admissions,https://www.abington.psu.edu/tuition-financial-aid, ,0.9203041825095057
215062,730.0,750.0,770.0,770.0,790.0,800.0,34.0,35.0,35.0,35.0,35.0,36.0,33.0,35.0,36.0,3489.0,59465,University of Pennsylvania,"Penn, U of PA, U-Penn, U of P, Pennsylvania, UPenn, Pennsylvania University, University of Pennsylvania, Wharton, Wharton School of Business",34th & Spruce Street,Philadelphia,PA,19104-6303,www.upenn.edu/,www.upenn.edu/admissions/,www.srfs.upenn.edu/,www.admissions.upenn.edu/apply/,0.05867316909106197
215266,520.0,580.0,630.0,510.0,570.0,630.0,22.0,27.0,31.0,23.0,27.0,31.0,20.0,27.0,29.0,4527.0,4985,University of Pittsburgh-Bradford,Pitt-Bradford,300 Campus Drive,Bradford,PA,16701,https://www.upb.pitt.edu/,https://www.upb.pitt.edu/admissions-aid,https://www.upb.pitt.edu/admissions-aid/financial-aid,https://pitt.mycollegeapplication.org/Login.aspx,0.9081243731193581
215275,540.0,600.0,635.0,535.0,570.0,640.0,22.0,24.0,28.0,21.0,23.0,26.0,21.0,22.0,25.0,2875.0,2936,University of Pittsburgh-Greensburg, ,150 Finoli Drive,Greensburg,PA,15601-5860,www.greensburg.pitt.edu/,www.greensburg.pitt.edu/admissions,www.greensburg.pitt.edu/admissions/financial-aid,https://www.greensburg.pitt.edu/admissions/apply,0.9792234332425068
215284,520.0,570.0,625.0,520.0,570.0,630.0,19.0,28.0,32.0,19.0,25.0,31.0,17.0,24.0,28.0,3113.0,3246,University of Pittsburgh-Johnstown, ,450 Schoolhouse Road,Johnstown,PA,15904,www.upj.pitt.edu/,www.johnstown.pitt.edu/admissions,www.johnstown.pitt.edu/financialaid,https://pitt.mycollegeapplication.org/Login.aspx,0.959026494146642
215293,640.0,680.0,720.0,630.0,680.0,730.0,29.0,31.0,33.0,27.0,31.0,35.0,26.0,28.0,31.0,29034.0,58416,University of Pittsburgh-Pittsburgh Campus, ,4200 Fifth Avenue,Pittsburgh,PA,15260,www.pitt.edu/,admissions.pitt.edu/,financialaid.pitt.edu/,pitt.mycollegeapplication.org/Login.aspx,0.4970213640098603
215442,520.0,590.0,650.0,515.0,550.0,590.0,19.0,23.0,27.0,18.0,24.0,27.0,17.0,19.0,23.0,5179.0,5291,Point Park University, ,201 Wood St,Pittsburgh,PA,15222-1984,www.pointpark.edu/,www.pointpark.edu/admissions,www.pointpark.edu/admissions/financialaid,https://www.pointpark.edu/apply,0.9788319788319788
215743,510.0,580.0,630.0,510.0,560.0,620.0,21.0,24.0,26.0,20.0,23.0,25.0,21.0,23.0,27.0,1737.0,2259,Saint Francis University, ,117 Evergreen Dr,Loretto,PA,15940,www.francis.edu/,www.francis.edu/Admissions/,www.francis.edu/financial-aid/,www.francis.edu/how-to-apply,0.7689243027888446
215770,580.0,630.0,670.0,570.0,620.0,660.0,27.0,28.0,31.0,25.0,29.0,31.0,24.0,27.0,29.0,7560.0,8751,Saint Joseph's University, ,5600 City Avenue,Philadelphia,PA,19131-1395,https://www.sju.edu/,https://www.sju.edu/admission,https://www.sju.edu/financial-aid,https://www.sju.edu/apply,0.8639012684264655
215798,500.0,560.0,613.0,493.0,550.0,618.0,21.0,24.0,25.0,21.0,23.0,25.0,17.0,22.0,26.0,1403.0,2374,Saint Vincent College, ,300 Fraser Purchase Rd,Latrobe,PA,15650-2690,https://www.stvincent.edu/,https://www.stvincent.edu/admission-aid,https://www.stvincent.edu/admission-aid,https://www.stvincent.edu/admission-aid/apply,0.5909856781802865
216038,490.0,540.0,600.0,490.0,540.0,590.0,19.0,22.0,25.0,16.0,21.0,24.0,17.0,23.0,25.0,4566.0,6119,Slippery Rock University of Pennsylvania, ,1 Morrow Way,Slippery Rock,PA,16057-1383,https://www.sru.edu/,https://www.sru.edu/admissions,https://www.sru.edu/admissions/financial-aid,https://www.sru.edu/admissions/apply-now,0.7462003595358718
216278,550.0,620.0,660.0,540.0,590.0,630.0,22.0,25.0,31.0,22.0,25.0,33.0,18.0,24.0,28.0,4702.0,5974,Susquehanna University,Susquahanna|Susquehana|Sesquehanna,514 University Ave,Selinsgrove,PA,17870-1025,www.susqu.edu/,www.susqu.edu/admission-and-aid,www.susqu.edu/admission-and-aid/tuition-and-financial-aid,www.susqu.edu/admission-and-aid/apply,0.7870773351188484
216287,720.0,750.0,770.0,740.0,780.0,790.0,33.0,34.0,34.0,34.0,35.0,35.0,31.0,33.0,35.0,992.0,14287,Swarthmore College,Swat,500 College Ave,Swarthmore,PA,19081,www.swarthmore.edu/,www.swarthmore.edu/admissions-aid,www.swarthmore.edu/financial-aid,www.swarthmore.edu/admissions-aid/apply-to-swarthmore,0.06943375096241339
216366,590.0,630.0,680.0,560.0,620.0,670.0,27.0,30.0,32.0,25.0,28.0,34.0,25.0,27.0,33.0,5241.0,6084,Thomas Jefferson University,"Jefferson, (Philadelphia University + Thomas Jefferson University), Philadelphia University, PhilaU, Jefferson",1020 Walnut Street,Philadelphia,PA,19107,www.jefferson.edu/,www.jefferson.edu/admissions,www.jefferson.edu/tuition-and-financial-aid.html,www.jefferson.edu/admissions/applying.html,0.861439842209073
216524,600.0,660.0,700.0,560.0,620.0,660.0,28.0,31.0,32.0,26.0,31.0,34.0,24.0,26.0,29.0,3008.0,3443,Ursinus College, ,601 E. Main St,Collegeville,PA,19426-1000,www.ursinus.edu/,www.ursinus.edu/admission,www.ursinus.edu/offices/student-financial-services/,www.ursinus.edu/admission/applying/,0.8736566947429567
216597,690.0,720.0,740.0,710.0,740.0,770.0,32.0,33.0,34.0,32.0,34.0,35.0,29.0,31.0,34.0,5810.0,23127,Villanova University, ,800 Lancaster Avenue,Villanova,PA,19085-1699,www.villanova.edu/,https://www1.villanova.edu/university/undergraduate-admission.html,https://www1.villanova.edu/university/office-of-financial-assistance.html,www1.villanova.edu/university/apply.html,0.2512215159769966
216694,500.0,570.0,630.0,500.0,550.0,590.0,16.0,21.0,25.0,15.0,19.0,24.0,16.0,20.0,24.0,1656.0,1806,Waynesburg University, ,51 West College Street,Waynesburg,PA,15370-1257,www.waynesburg.edu/,https://www.waynesburg.edu/admissions/,https://www.waynesburg.edu/admissions/financial-aid,www.waynesburg.edu/apply-now,0.9169435215946844
216764,560.0,600.0,640.0,540.0,580.0,630.0,24.0,26.0,28.0,22.0,24.0,28.0,23.0,24.0,27.0,13042.0,16467,West Chester University of Pennsylvania,WCU,University Avenue and High Street,West Chester,PA,19383,https://www.wcupa.edu/,https://www.wcupa.edu/_admissions/sch_adm/,https://www.wcupa.edu/financialAid/,https://www.wcupa.edu/_admissions/SCH_ADM/admissionApp.aspx,0.7920082589421267
216931,510.0,575.0,640.0,513.0,560.0,630.0,20.0,22.0,29.0,18.0,22.0,27.0,17.0,22.0,27.0,5866.0,6414,Wilkes University,Wilkes,84 West South Street,Wilkes-Barre,PA,18766,https://www.wilkes.edu/,https://www.wilkes.edu/admissions/index.aspx,https://www.wilkes.edu/admissions/financial-aid/index.aspx,https://www.wilkes.edu/admissions/apply-undergraduate.aspx,0.914561895852822
217059,520.0,570.0,620.0,510.0,560.0,610.0,22.0,25.0,28.0,20.0,23.0,25.0,23.0,26.0,28.0,4647.0,4933,York College of Pennsylvania,YCP,441 Country Club Rd,York,PA,17403-3651,https://www.ycp.edu/,https://www.ycp.edu/admissions,https://www.ycp.edu/financialaid,https://www.ycp.edu/admissions/,0.9420231096695723
217156,740.0,760.0,770.0,760.0,780.0,800.0,34.0,35.0,35.0,35.0,35.0,36.0,32.0,34.0,35.0,2686.0,51316,Brown University, ,One Prospect Street,Providence,RI,02912,www.brown.edu/,https://www.brown.edu/admission,https://finaid.brown.edu/,https://www.commonapp.org/,0.052342349364720556
217235,500.0,560.0,630.0,470.0,540.0,600.0,20.0,23.0,26.0,18.0,23.0,25.0,18.0,22.0,24.0,7400.0,8841,Johnson & Wales University-Providence, ,8 Abbott Park Place,Providence,RI,02903-3703,https://www.jwu.edu/campuses/providence/,https://www.jwu.edu/admissions/index.html,https://safs.jwu.edu/student-financial-services.html,https://apply.jwu.edu/?_ga=2.129878860.1144428041.1661956580-1253747645.1659483415,0.8370093880782717
217402,630.0,670.0,700.0,620.0,660.0,700.0,28.0,30.0,32.0,28.0,32.0,34.0,26.0,29.0,31.0,6075.0,12469,Providence College, ,1 Cunningham Square,Providence,RI,02918-0001,www.providence.edu/,admission.providence.edu/,financial-aid.providence.edu/,admission.providence.edu/apply/,0.48720827652578397
217493,680.0,730.0,760.0,690.0,760.0,780.0,30.0,32.0,33.0,29.0,32.0,35.0,26.0,29.0,32.0,984.0,7126,Rhode Island School of Design,RISD,20 Washington Place,Providence,RI,02903-2784,www.risd.edu/,www.risd.edu/admissions/,www.risd.edu/student-financial-services,www.risd.edu/admissions/,0.13808588268313218
217518,580.0,620.0,660.0,550.0,600.0,640.0,24.0,28.0,30.0,23.0,26.0,30.0,22.0,26.0,30.0,7231.0,8238,Roger Williams University,RWU,One Old Ferry Road,Bristol,RI,02809-2921,https://www.rwu.edu/,https://www.rwu.edu/admission,https://www.rwu.edu/undergraduate/admission-aid/financial-aid,www.commonapp.org/explore/roger-williams-university,0.8777615926195679
217536,600.0,630.0,660.0,560.0,590.0,635.0,26.0,30.0,30.0,25.0,30.0,33.0,25.0,27.0,27.0,3983.0,5697,Salve Regina University, ,100 Ochre Point Avenue,Newport,RI,02840-4192,www.salve.edu/,www.salve.edu/admission,www.salve.edu/financial-aid,www.salve.edu/apply,0.6991398981920309
217633,560.0,610.0,660.0,530.0,580.0,630.0,22.0,24.0,28.0,21.0,24.0,29.0,20.0,24.0,26.0,2499.0,4732,Anderson University,AU,316 Boulevard,Anderson,SC,29621-4035,www.andersonuniversity.edu/,andersonuniversity.edu/admission,aid.andersonuniversity.edu/,link.andersonuniversity.edu/apply/,0.5281065088757396
217688,480.0,540.0,600.0,470.0,520.0,560.0,17.0,20.0,24.0,15.0,20.0,24.0,16.0,18.0,23.0,4620.0,6072,Charleston Southern University,CSU|CHARLESTON SOUTHERN|,9200 University Blvd,Charleston,SC,29406-9121,https://www.charlestonsouthern.edu/,https://www.charlestonsouthern.edu/admissions/,https://www.charlestonsouthern.edu/admissions/financial-aid,https://www.charlestonsouthern.edu/apply,0.7608695652173914
217776,500.0,565.0,600.0,480.0,555.0,600.0,19.0,21.0,24.0,17.0,18.0,22.0,18.0,20.0,23.0,472.0,472,Southern Wesleyan University,SWU,907 Wesleyan Drive,Central,SC,29630-1020,www.swu.edu/,www.swu.edu/campus/admissions/,www.swu.edu/campus/financial-aid/,https://www.swu.edu/apply-to-swu/,1.0
217819,580.0,620.0,660.0,550.0,590.0,640.0,24.0,27.0,29.0,23.0,26.0,31.0,22.0,25.0,27.0,19212.0,26683,College of Charleston, ,66 George St,Charleston,SC,29424-0001,https://www.cofc.edu/,https://admissions.cofc.edu/,https://finaid.cofc.edu/,https://www.cofc.edu/apply,0.7200089944908743
217864,540.0,600.0,640.0,540.0,580.0,610.0,22.0,24.0,26.0,21.0,23.0,25.0,20.0,23.0,25.0,2828.0,2883,Citadel Military College of South Carolina, ,171 Moultrie St,Charleston,SC,29409,https://citadel.edu/,https://citadel.edu/corps/,https://citadel.edu/financial-aid/,https://citadel.edu/corps/apply/,0.980922650017343
217882,620.0,660.0,690.0,610.0,660.0,700.0,28.0,30.0,32.0,26.0,30.0,34.0,26.0,28.0,31.0,22879.0,60122,Clemson University, ,201 Sikes Hall,Clemson,SC,29634,www.clemson.edu/,www.clemson.edu/admissions/index.html,www.clemson.edu/finaid/,www.clemson.edu/admissions/undergraduate/index.html,0.3805428961112405
217961,520.0,580.0,640.0,510.0,530.0,598.0,21.0,23.0,26.0,21.0,23.0,25.0,17.0,21.0,27.0,1682.0,2628,Converse University, ,580 E Main St,Spartanburg,SC,29302-0006,https://www.converse.edu/,https://www.converse.edu/admissions/,https://www.converse.edu/office/financial-planning/,https://www.converse.edu/admissions/apply/,0.6400304414003044
218061,470.0,530.0,590.0,430.0,500.0,548.0,17.0,20.0,23.0,16.0,19.0,22.0,16.0,18.0,23.0,2869.0,3489,Francis Marion University, ,4822 East Palmetto Street,Florence,SC,29506,www.fmarion.edu/,www.fmarion.edu/fmuadmissions,www.fmarion.edu/enrollment/financialassistance,https://emas.fmarion.edu/Apply.aspx,0.8222986529091431
218070,650.0,690.0,720.0,610.0,660.0,705.0,28.0,30.0,32.0,28.0,32.0,35.0,26.0,28.0,30.0,4419.0,8406,Furman University,Furman University,3300 Poinsett Highway,Greenville,SC,29613-6162,www.furman.edu/,www.furman.edu/admissions-aid/,www.furman.edu/financial-aid/,www.furman.edu/admissions-aid/apply/,0.525695931477516
218229,490.0,540.0,590.0,470.0,520.0,570.0,17.0,20.0,24.0,15.0,20.0,23.0,16.0,18.0,22.0,3521.0,5184,Lander University, ,320 Stanley Avenue,Greenwood,SC,29649-2099,https://www.lander.edu/,https://www.lander.edu/admissions,https://www.lander.edu/admissions/tuition-financial-aid,https://admissions.lander.edu/apply/,0.6792052469135802
218414,410.0,470.0,540.0,410.0,480.0,520.0,17.0,20.0,24.0,16.0,21.0,24.0,16.0,18.0,23.0,3193.0,4269,Newberry College, ,2100 College St,Newberry,SC,29108,www.newberry.edu/,https://www.newberry.edu/admission,https://www.newberry.edu/admission/tuition-fees,my.newberry.edu/ICS/Admissions/Apply_Online.jnz?portlet=Apply_Online&screen=Begin%2f%2f1867c072-9d62-410c-b044-c6c91d9593d4&screenType=next%27,0.7479503396579995
218441,510.0,580.0,640.0,500.0,560.0,610.0,22.0,25.0,28.0,20.0,24.0,28.0,19.0,23.0,26.0,2036.0,3243,North Greenville University, ,7801 N. Tigerville Road,Tigerville,SC,29688-1892,www.ngu.edu/,www.ngu.edu/admissions/,www.ngu.edu/admissions/financial-aid/,www.ngu.edu/admissions/how-to-apply/,0.627813752698119
218539,550.0,620.0,650.0,530.0,590.0,630.0,22.0,25.0,27.0,21.0,25.0,30.0,20.0,25.0,26.0,2430.0,3359,Presbyterian College,PC,503 South Broad Street,Clinton,SC,29325,https://www.presby.edu/,https://www.presby.edu/admissions/,https://www.presby.edu/admissions/tuition-aid,https://www.presby.edu/admissions/apply-to-pc/,0.723429592140518
218645,490.0,540.0,620.0,480.0,530.0,580.0,17.0,20.0,23.0,15.0,18.0,22.0,16.0,18.0,22.0,2316.0,2905,University of South Carolina Aiken,"University of South Carolina Aiken, USC Aiken, USCA, USC Aiken, University of South Carolina at Aiken, UofSC Aiken",471 University Pkwy,Aiken,SC,29801,www.usca.edu/,www.usca.edu/admissions,www.usca.edu/financialaid,www.usca.edu/admissions/apply/,0.7972461273666093
218663,600.0,640.0,690.0,580.0,630.0,690.0,26.0,29.0,32.0,25.0,29.0,34.0,24.0,27.0,29.0,28706.0,46682,University of South Carolina-Columbia, ,Columbia-Campus,Columbia,SC,29208,www.sc.edu/,www.sc.edu/admissions/,www.sc.edu/financialaid/,www.sc.edu/apply/index.php,0.6149265241420676
218724,530.0,570.0,610.0,520.0,550.0,600.0,20.0,23.0,26.0,19.0,22.0,24.0,18.0,21.0,25.0,14613.0,18223,Coastal Carolina University, ,103 Tom Trout Drive,Conway,SC,29526,https://www.coastal.edu/,https://www.coastal.edu/admissions/,https://www.coastal.edu/financialaid/,https://www.coastal.edu/admissions/apply.html,0.8018986994457553
218742,510.0,550.0,610.0,490.0,510.0,560.0,19.0,22.0,25.0,18.0,21.0,24.0,16.0,23.0,24.0,2476.0,3557,University of South Carolina-Upstate, ,800 University Way,Spartanburg,SC,29303-4999,www.uscupstate.edu/,www.uscupstate.edu/admissions/,www.uscupstate.edu/admissions-and-financial-aid/financial-aid/,https://www.uscupstate.edu/apply/,0.6960922125386562
218973,610.0,647.0,680.0,590.0,634.0,670.0,27.0,28.0,31.0,26.0,29.0,33.0,7.0,8.0,9.0,2451.0,4183,Wofford College, ,429 N Church St,Spartanburg,SC,29303-3663,www.wofford.edu/,www.wofford.edu/admission,www.wofford.edu/financialaid,www.commonapp.org/,0.5859431030360985
219000,530.0,570.0,640.0,545.0,590.0,650.0,21.0,24.0,27.0,20.0,23.0,26.0,20.0,24.0,26.0,1973.0,3330,Augustana University,Augie  Augustana College(SD)  Augustana University,2001 S Summit Ave,Sioux Falls,SD,57197-0001,www.augie.edu/,www.augie.edu/admission,www.augie.edu/admission/financing-your-education,www.augie.edu/admission/applying-augustana,0.5924924924924925
219082,490.0,590.0,660.0,530.0,600.0,680.0,20.0,22.0,26.0,18.0,21.0,24.0,18.0,23.0,27.0,967.0,988,Dakota State University,Dakota State,820 N Washington Ave,Madison,SD,57042-1799,https://dsu.edu/,https://dsu.edu/admissions/index.html,https://dsu.edu/admissions/financial-aid/index.html,https://dsu.edu/apply.html,0.978744939271255
219347,560.0,610.0,650.0,570.0,620.0,670.0,23.0,26.0,29.0,21.0,24.0,28.0,24.0,27.0,29.0,1312.0,1539,South Dakota School of Mines and Technology,South Dakota Mines,501 E Saint Joseph St,Rapid City,SD,57701-3995,https://www.sdsmt.edu/,https://www.sdsmt.edu/Admissions/,https://www.sdsmt.edu/FinAid/,https://www.sdsmt.edu/Admissions/Apply/,0.852501624431449
219356,520.0,570.0,640.0,520.0,580.0,660.0,19.0,22.0,26.0,18.0,21.0,25.0,18.0,23.0,26.0,5808.0,5884,South Dakota State University, ,1004 Campanile Ave,Brookings,SD,57007-1898,https://www.sdstate.edu/,https://www.sdstate.edu/admissions,https://www.sdstate.edu/admissions/office-financial-aid,https://www.sdstate.edu/admissions/apply-now,0.9870836165873556
219471,570.0,610.0,650.0,540.0,585.0,680.0,19.0,22.0,25.0,18.0,22.0,25.0,18.0,22.0,25.0,5293.0,5349,University of South Dakota,USD,414 E Clark St,Vermillion,SD,57069-2390,https://www.usd.edu/,https://www.usd.edu/admissions,https://www.usd.edu/financial-aid,https://www.usd.edu/Admissions-and-Aid/Apply,0.9895307534118527
219602,468.0,525.0,575.0,475.0,520.0,590.0,18.0,20.0,23.0,16.0,20.0,23.0,16.0,18.0,22.0,5334.0,5559,Austin Peay State University, ,601 College St,Clarksville,TN,37044,www.apsu.edu/,www.apsu.edu/admissions,www.apsu.edu/financialaid,www.apsu.edu/admissions/applicant/apply,0.9595250944414463
219709,600.0,640.0,690.0,560.0,610.0,660.0,23.0,27.0,30.0,23.0,28.0,33.0,22.0,25.0,27.0,8624.0,8950,Belmont University, ,1900 Belmont Blvd,Nashville,TN,37212-3757,https://www.belmont.edu/,https://www.belmont.edu/admissions/,https://www.belmont.edu/sfs/aid/undergrad.html,https://www.belmont.edu/admissions/apply/freshmen/index.html,0.9635754189944135
219718,300.0,475.0,525.0,325.0,500.0,575.0,16.0,20.0,24.0,16.0,19.0,24.0,16.0,20.0,24.0,3224.0,3318,Bethel University,Bethel,325 Cherry Ave,McKenzie,TN,38201,www.bethelu.edu/,www.bethelu.edu/admissions,www.bethelu.edu/financial-aid,https://www.bethelu.edu/apply,0.97166968053044
219806,480.0,520.0,570.0,460.0,520.0,560.0,19.0,22.0,25.0,17.0,21.0,25.0,17.0,20.0,24.0,2042.0,2991,Carson-Newman University, ,1646 S Russell Ave,Jefferson City,TN,37760,www.cn.edu/,www.cn.edu/admissions,www.cn.edu/admissions-and-aid/financial-aid/,www.cn.edu/apply/,0.6827148110999666
219833,540.0,605.0,640.0,500.0,610.0,660.0,18.0,20.0,23.0,18.0,21.0,24.0,17.0,18.0,23.0,977.0,1105,Christian Brothers University,CBU,650 East Parkway South,Memphis,TN,38104,https://www.cbu.edu/,https://www.cbu.edu/admissions-aid/,https://www.cbu.edu/admissions-aid/financial-aid/,https://www.cbu.edu/apply,0.8841628959276018
219976,580.0,620.0,680.0,565.0,620.0,670.0,22.0,26.0,29.0,22.0,26.0,31.0,21.0,25.0,27.0,2828.0,4244,Lipscomb University,David Lipscomb University  David Lipscomb  Lipscomb,One University Park Drive,Nashville,TN,37204-3951,https://www.lipscomb.edu/,https://www.lipscomb.edu/admissions,https://www.lipscomb.edu/admissions/financial-aid,https://admission.lipscomb.edu/apply,0.6663524976437323
220075,490.0,540.0,600.0,460.0,510.0,570.0,19.0,22.0,26.0,19.0,22.0,25.0,17.0,21.0,25.0,8622.0,9903,East Tennessee State University,ETSU,1276 Gilbreath Drive,Johnson City,TN,37614,https://www.etsu.edu/,https://www.etsu.edu/admissions/,https://www.etsu.edu/financial-aid-and-scholarships/,https://etsuapply.force.com/,0.8706452590124205
220181,590.0,635.0,700.0,570.0,695.0,780.0,20.0,22.0,25.0,21.0,22.0,26.0,17.0,20.0,23.0,4622.0,7982,Fisk University, ,1000 17th Ave North,Nashville,TN,37208-4501,www.fisk.edu/,www.fisk.edu/admissions,www.fisk.edu/financial-aid,www.fisk.edu/admissions/apply,0.5790528689551491
220215,467.0,505.0,542.0,467.0,505.0,542.0,19.0,22.0,26.0,18.0,22.0,26.0,17.0,20.0,24.0,976.0,1077,Freed-Hardeman University, ,158 E Main St,Henderson,TN,38340-2399,www.fhu.edu/,www.fhu.edu/admissions,www.fhu.edu/finaid,www.fhu.edu/admissions/apply,0.9062209842154132
220473,460.0,500.0,530.0,430.0,510.0,560.0,19.0,21.0,24.0,19.0,21.0,24.0,17.0,19.0,24.0,328.0,610,Johnson University, ,7900 Johnson Dr,Knoxville,TN,37998,johnsonu.edu/,https://johnsonu.edu/admissions/,https://johnsonu.edu/admissions/financial-aid/,https://my.johnsonu.edu/ICS/Admissions,0.5377049180327869
220613,520.0,580.0,630.0,500.0,540.0,610.0,20.0,23.0,26.0,20.0,24.0,28.0,17.0,21.0,25.0,1552.0,2150,Lee University, ,1120 N Ocoee St,Cleveland,TN,37311,www.leeuniversity.edu/,www.leeuniversity.edu/admissions,www.leeuniversity.edu/financial-aid,www.leeuniversity.edu/apply/,0.7218604651162791
220631,493.0,545.0,610.0,513.0,565.0,610.0,19.0,21.0,24.0,18.0,21.0,24.0,17.0,20.0,24.0,2375.0,4007,Lincoln Memorial University,LMU,6965 Cumberland Gap Parkway,Harrogate,TN,37752-8231,www.lmunet.edu/,www.lmunet.edu/admissions-aid/index,www.lmunet.edu/student-financial-services/index,www.lmunet.edu/target-x/index.html,0.5927127526828051
220701,480.0,530.0,565.0,515.0,530.0,585.0,19.0,21.0,23.0,18.0,22.0,24.0,17.0,19.0,22.0,507.0,613,The University of Tennessee Southern, ,433 West Madison Street,Pulaski,TN,38478-2799,https://www.utsouthern.edu/,https://utsouthern.edu/admissions/,https://utsouthern.edu/financial-aid/,https://apply.utsouthern.edu/,0.8270799347471451
220710,513.0,545.0,590.0,505.0,550.0,598.0,20.0,24.0,28.0,19.0,23.0,29.0,17.0,22.0,26.0,1845.0,2809,Maryville College, ,502 E Lamar Alexander Pkwy,Maryville,TN,37804-5907,www.maryvillecollege.edu/,www.maryvillecollege.edu/admissions/,www.maryvillecollege.edu/admissions/finaid/,www.maryvillecollege.edu/admissions/apply/,0.6568173727305091
220862,465.0,540.0,615.0,440.0,530.0,590.0,17.0,20.0,24.0,16.0,20.0,24.0,16.0,18.0,23.0,14605.0,15640,University of Memphis, ,Alumni Avenue,Memphis,TN,38152,https://www.memphis.edu/,https://www.memphis.edu/admissions/,https://www.memphis.edu/financialaid/,https://www.memphis.edu/admissions/apply/index.php,0.9338235294117647
220978,510.0,560.0,630.0,490.0,540.0,600.0,19.0,22.0,26.0,19.0,22.0,26.0,17.0,20.0,24.0,10039.0,14763,Middle Tennessee State University, ,1301 East Main Street,Murfreesboro,TN,37132,www.mtsu.edu/,www.mtsu.edu/admissn/,www.mtsu.edu/financial-aid/,www.mtsu.edu/applynow/,0.6800108379055747
221351,650.0,690.0,730.0,640.0,710.0,760.0,28.0,30.0,33.0,30.0,34.0,35.0,26.0,28.0,31.0,2993.0,6025,Rhodes College,Rhodes,2000 North Parkway,Memphis,TN,38112-1690,www.rhodes.edu/,www.rhodes.edu/admission/,www.rhodes.edu/admission/  or https://www.rhodes.edu/admission-aid,www.rhodes.edu/content/apply-rhodes,0.4967634854771784
221519,633.0,660.0,710.0,603.0,645.0,688.0,27.0,29.0,32.0,29.0,33.0,35.0,25.0,27.0,29.0,2554.0,5018,The University of the South,Sewanee|University of the South,735 University Avenue,Sewanee,TN,37383-1000,www.sewanee.edu/,new.sewanee.edu/admission-aid/,new.sewanee.edu/admission-aid/cost-financial-aid/, ,0.5089677162216022
221661,500.0,570.0,650.0,470.0,540.0,620.0,18.0,22.0,26.0,18.0,22.0,27.0,17.0,20.0,25.0,1819.0,2731,Southern Adventist University, ,4881 Taylor Cir,Collegedale,TN,37315-0370,www.southern.edu/,https://www.southern.edu/enrollment/Pages/default.aspx,https://www.southern.edu/undergrad/finances/financial-assistance.html,www.southern.edu/apply/,0.6660563896008788
221731,470.0,550.0,570.0,490.0,510.0,530.0,17.0,20.0,23.0,16.0,20.0,24.0,16.0,19.0,22.0,587.0,988,Tennessee Wesleyan University, ,204 East College Street,Athens,TN,37303,www.tnwesleyan.edu/,www.tnwesleyan.edu/admissions/index.php,www.tnwesleyan.edu/tuition-aid/financial-aid/index.php,portal.tnwesleyan.edu/ICS/,0.5941295546558705
221740,510.0,550.0,605.0,495.0,530.0,580.0,20.0,22.0,25.0,19.0,22.0,25.0,17.0,20.0,24.0,7006.0,9096,The University of Tennessee-Chattanooga,UTC,615 McCallie Ave,Chattanooga,TN,37403-2598,utc.edu/,utc.edu/about/admissions,https://utc.edu/finaid,https://webapp.utc.edu/apply/,0.7702286719437115
221759,600.0,630.0,670.0,590.0,630.0,670.0,25.0,28.0,31.0,24.0,28.0,32.0,24.0,26.0,29.0,23221.0,50488,The University of Tennessee-Knoxville, ,527 Andy Holt Tower,Knoxville,TN,37996,www.utk.edu/,admissions.utk.edu/,onestop.utk.edu/financial-aid/,vip.utk.edu/,0.4599310727301537
221768,500.0,560.0,620.0,500.0,530.0,590.0,19.0,21.0,24.0,18.0,21.0,25.0,17.0,20.0,24.0,4540.0,5199,The University of Tennessee-Martin,UT Martin,554 University Street,Martin,TN,38238,https://www.utm.edu/,https://www.utm.edu/admissions-and-aid/,https://www.utm.edu/admissions-and-aid/financial-aid-and-scholarships/,https://www.utm.edu/admissions-and-aid/apply/,0.8732448547797653
221838,433.0,500.0,538.0,423.0,485.0,530.0,16.0,19.0,21.0,14.0,18.0,21.0,15.0,17.0,20.0,11940.0,12890,Tennessee State University, ,3500 John A. Merritt Blvd,Nashville,TN,37209-1561,www.tnstate.edu/,www.tnstate.edu/admissions/,www.tnstate.edu/financial_aid/,www.tnstate.edu/admissions/apply.aspx,0.9262994569433669
221847,520.0,560.0,620.0,500.0,550.0,630.0,20.0,23.0,27.0,20.0,23.0,27.0,18.0,23.0,26.0,7295.0,8772,Tennessee Technological University,Tennessee Tech University|Tennessee Tech|TTU|Tenn Tech|TN Tech|Tech|,1 William L. Jones Drive,Cookeville,TN,38505-0001,www.tntech.edu/,https://www.tntech.edu/admissions/,https://www.tntech.edu/financialaid/,https://www.tntech.edu/admissions/,0.8316233470132239
221892,488.0,550.0,600.0,485.0,540.0,593.0,18.0,21.0,24.0,18.0,21.0,25.0,16.0,19.0,24.0,1371.0,1958,Trevecca Nazarene University, ,333 Murfreesboro Rd,Nashville,TN,37210,https://www.trevecca.edu/,https://www.trevecca.edu/admissions,https://www.trevecca.edu/financial-aid,https://www.trevecca.edu/apply,0.7002042900919305
221971,540.0,620.0,690.0,490.0,570.0,650.0,22.0,26.0,29.0,22.0,25.0,30.0,19.0,23.0,27.0,1421.0,3012,Union University, ,1050 Union University Dr,Jackson,TN,38305-3697,www.uu.edu/,www.uu.edu/admissions/,www.uu.edu/financialaid/,https://www.uu.edu/applications/undergrad/,0.4717795484727756
221999,740.0,760.0,770.0,770.0,780.0,790.0,34.0,35.0,35.0,35.0,35.0,36.0,32.0,34.0,35.0,2844.0,45313,Vanderbilt University, ,2101 West End Avenue,Nashville,TN,37240,www.vanderbilt.edu/,www.vanderbilt.edu/Admissions/,www.vanderbilt.edu/financialaid/,admissions.vanderbilt.edu/apply/,0.06276344536887869
222178,540.0,590.0,650.0,520.0,580.0,640.0,22.0,25.0,28.0,21.0,24.0,29.0,20.0,24.0,27.0,6714.0,10510,Abilene Christian University, , ,Abilene,TX,79699,www.acu.edu/,www.acu.edu/admissions,www.acu.edu/admissions-aid/financial-aid/,www.acu.edu/apply/,0.6388201712654614
222831,470.0,520.0,580.0,450.0,500.0,560.0,17.0,21.0,24.0,15.0,20.0,23.0,17.0,20.0,24.0,3692.0,4660,Angelo State University,Angelo State,2601 W. Avenue N,San Angelo,TX,76909,www.angelo.edu/,www.angelo.edu/dept/admissions/,https://www.angelo.edu/admissions-and-aid/paying-for-college/tuition-and-fees/net-price-calculator.php,www.applytexas.org/,0.792274678111588
222983,590.0,620.0,680.0,580.0,610.0,660.0,26.0,29.0,32.0,24.0,29.0,33.0,22.0,25.0,29.0,2554.0,5474,Austin College, ,900 N Grand Ave,Sherman,TX,75090-4400,www.austincollege.edu/,https://www.austincollege.edu/admission,https://www.austincollege.edu/admission/financial-aid,https://www.austincollege.edu/admission/apply,0.46656923639020825
223232,610.0,650.0,700.0,600.0,640.0,700.0,27.0,29.0,32.0,26.0,30.0,34.0,25.0,27.0,30.0,20262.0,39735,Baylor University, , ,Waco,TX,76798,www.baylor.edu/,admissions.web.baylor.edu/,onestop.web.baylor.edu/,admissions.web.baylor.edu/,0.509928274820687
224004,440.0,490.0,550.0,420.0,490.0,550.0,15.0,19.0,24.0,14.0,19.0,23.0,15.0,17.0,23.0,1976.0,2170,Concordia University Texas,CTX,11400 Concordia University Drive,Austin,TX,78726,https://www.concordia.edu/,https://www.concordia.edu/admissions/,https://www.concordia.edu/resources/financial-aid/,https://www.concordia.edu/admissions/apply.html,0.9105990783410138
224147,500.0,550.0,600.0,470.0,530.0,580.0,18.0,22.0,25.0,16.0,20.0,24.0,17.0,20.0,24.0,9551.0,10675,Texas A & M University-Corpus Christi, ,6300 Ocean Dr.,Corpus Christi,TX,78412-5503,https://www.tamucc.edu/,https://www.tamucc.edu/admissions/,https://www.tamucc.edu/cost-and-aid/financial-aid/,https://www.tamucc.edu/admissions/apply.php,0.8947072599531616
224226,490.0,554.0,620.0,470.0,535.0,597.0,21.0,23.0,27.0,19.0,24.0,28.0,18.0,24.0,26.0,7303.0,8018,Dallas Baptist University,DBU,3000 Mountain Creek Parkway,Dallas,TX,75211-9299,https://www.dbu.edu/,https://www.dbu.edu/admissions,https://www.dbu.edu/financial-aid,https://www.dbu.edu/applications,0.9108256423048142
224244,370.0,500.0,565.0,360.0,500.0,560.0,13.0,20.0,21.0,11.0,19.0,22.0,12.0,19.0,22.0,263.0,313,Dallas Christian College, ,2700 Christian Pkwy.,Dallas,TX,75234-7299,www.dallas.edu/,www.dallas.edu/Admissions,www.dallas.edu/Financial-Services,www.dallas.edu/Admissions,0.8402555910543131
224323,600.0,645.0,710.0,570.0,610.0,660.0,25.0,29.0,32.0,25.0,30.0,35.0,21.0,25.0,29.0,2265.0,4179,University of Dallas, ,1845 E Northgate Drive,Irving,TX,75062-4736,https://udallas.edu/,https://udallas.edu/admissions,https://udallas.edu/offices/finaid,https://udallas.edu/applynow,0.5419956927494616
224545,440.0,500.0,550.0,430.0,470.0,530.0,16.0,19.0,22.0,15.0,19.0,22.0,16.0,17.0,22.0,1445.0,1802,Texas A&M University-Texarkana,A&M-Texarkana,7101 University Avenue,Texarkana,TX,75503,www.tamut.edu/,https://tamut.edu/admissions,https://tamut.edu/enrollment-services/financial-aid/index.html,https://www.applytexas.org/,0.8018867924528302
224554,480.0,530.0,590.0,460.0,530.0,580.0,18.0,21.0,24.0,15.0,21.0,23.0,17.0,20.0,25.0,7621.0,8231,Texas A & M University-Commerce,A&M-Commerce,2200 Campbell Stree,Commerce,TX,75428,www.tamuc.edu/,www.tamuc.edu/admissions/,www.tamuc.edu/admissions/tuitionCosts/financialAidandScholarships/,www.applytexas.org/,0.9258899283197667
225247,480.0,545.0,600.0,488.0,530.0,590.0,18.0,20.0,24.0,16.0,19.0,23.0,17.0,19.0,24.0,2367.0,2452,Hardin-Simmons University,"HSU, Hardin-Simmons",2200 Hickory,Abilene,TX,79698-0001,https://www.hsutx.edu/,https://www.hsutx.edu/admissions,https://www.hsutx.edu/tuition-aid/,https://www.hsutx.edu/admissions/apply-to-hsu/,0.9653344208809136
225399,490.0,550.0,610.0,480.0,530.0,590.0,19.0,23.0,28.0,16.0,21.0,28.0,18.0,23.0,28.0,7681.0,9021,Houston Christian University,HCU,7502 Fondren Rd,Houston,TX,77074-3298,https://www.hc.edu/,https://www.hc.edu/admissions,https://www.hc.edu/financialaid,https://www.hc.edu/apply,0.8514577097882718
225414,500.0,560.0,590.0,490.0,550.0,580.0,18.0,20.0,23.0,17.0,19.0,22.0,17.0,19.0,24.0,1768.0,2348,University of Houston-Clear Lake,UHCL,2700 Bay Area Blvd,Houston,TX,77058-1002,www.uhcl.edu/,www.uhcl.edu/admissions,www.uhcl.edu/costs-aid/,https://www.applytexas.org/adappc/gen/c_start.WBX,0.7529812606473595
225432,490.0,520.0,560.0,470.0,520.0,550.0,17.0,20.0,23.0,16.0,19.0,22.0,16.0,18.0,20.0,6302.0,6953,University of Houston-Downtown, ,1 Main Street,Houston,TX,77002-1014,www.uhd.edu/,www.uhd.edu/admissions/,www.uhd.edu/financial/,www.uhd.edu/admissions/apply/Pages/admissions-application.aspx,0.9063713504961887
225502,493.0,555.0,600.0,500.0,535.0,580.0,19.0,20.0,25.0,16.0,20.0,25.0,19.0,22.0,26.0,1443.0,1881,University of Houston-Victoria,UH-Victoria,3007 N. Ben Wilson,Victoria,TX,77901,uhv.edu/,uhv.edu/admissions,uhv.edu/financial-aid,uhv.edu/apply,0.7671451355661882
225511,580.0,620.0,660.0,570.0,610.0,670.0,23.0,25.0,28.0,22.0,25.0,29.0,20.0,24.0,27.0,21087.0,30327,University of Houston,UH,"4302 University Drive, Room 212",Houston,TX,77204-2018,www.uh.edu/,www.uh.edu/admissions/,www.uh.edu/financial/,uh.edu/undergraduate-admissions/apply/index,0.6953210010881393
225548,450.0,480.0,570.0,430.0,480.0,530.0,18.0,22.0,25.0,17.0,22.0,25.0,17.0,19.0,25.0,859.0,1269,Howard Payne University, ,1000 Fisk St.,Brownwood,TX,76801-2794,www.hputx.edu/,www.hputx.edu/campus-offices/admissions/,www.hputx.edu/campus-offices/financial-aid/,www.hputx.edu/apply,0.6769109535066982
225627,470.0,530.0,580.0,430.0,510.0,560.0,17.0,20.0,24.0,15.0,20.0,22.0,16.0,19.0,23.0,10421.0,11162,University of the Incarnate Word,"UIW|Incarnate Word|Incarnate|Incarnate Word, University of|Incarnate Word, Univ of|Univ. of the Incarnate Word",4301 Broadway,San Antonio,TX,78209,www.uiw.edu/,www.uiw.edu/admissions/,www.uiw.edu/finaid/,https://www.uiw.edu/gouiw,0.9336140476617094
226091,470.0,520.0,580.0,440.0,510.0,550.0,18.0,22.0,24.0,16.0,21.0,24.0,17.0,19.0,24.0,6212.0,7246,Lamar University, ,4400 MLK Blvd,Beaumont,TX,77705,www.lamar.edu/,www.lamar.edu/admissions/,www.lamar.edu/financial-aid/,www.applytexas.org/,0.8573005796301407
226152,470.0,520.0,580.0,450.0,500.0,550.0,16.0,17.0,20.0,14.0,16.0,20.0,16.0,17.0,19.0,3819.0,8309,Texas A & M International University, ,5201 University Blvd,Laredo,TX,78041-1900,www.tamiu.edu/,www.tamiu.edu/admissions,www.tamiu.edu/financialaid/,www.applytexas.org/,0.45962209652184377
226231,570.0,630.0,690.0,570.0,640.0,680.0,23.0,26.0,30.0,22.0,26.0,30.0,22.0,26.0,29.0,1431.0,3518,LeTourneau University, ,2100 S Mobberly Ave,Longview,TX,75602,www.letu.edu/,www.letu.edu/admissions/index.html,www.letu.edu/offices/administration-finance/financial-aid/index.html,www.letu.edu/admissions/index.html,0.40676520750426376
226383,460.0,540.0,590.0,440.0,520.0,570.0,19.0,22.0,25.0,17.0,21.0,25.0,17.0,23.0,27.0,1291.0,1764,Lubbock Christian University,LCU,5601 19th Street,Lubbock,TX,79407-2099,https://www.lcu.edu/,https://www.lcu.edu/admissions,https://www.lcu.edu/financial-assistance,https://www.lcu.edu/admissions/apply-now,0.731859410430839
226471,490.0,560.0,620.0,480.0,530.0,580.0,19.0,22.0,26.0,19.0,22.0,25.0,18.0,22.0,25.0,10850.0,11407,University of Mary Hardin-Baylor,UMHB|MHB|Mary Hardin-Baylor,900 College St,Belton,TX,76513-2599,https://go.umhb.edu/,https://go.umhb.edu/admissions/home,https://go.umhb.edu/resources/financial-aid/home,https://go.umhb.edu/admissions/admissions-process#1845,0.9511703340054353
226587,500.0,540.0,580.0,510.0,540.0,590.0,18.0,20.0,25.0,16.0,20.0,23.0,18.0,20.0,24.0,2788.0,4836,McMurry University,McMurry College|McM|McM University|McM College|Mcmurry University|Mcmurry College|McMurry|Mcmurry,S 14th and Sayles Blvd,Abilene,TX,79697,https://mcm.edu/,https://mcm.edu/admissions-overview/,https://mcm.edu/tuition-financial-aid-scholarships/,https://mcm.edu/admissions-overview/apply/,0.576509511993383
227216,500.0,560.0,630.0,480.0,540.0,600.0,19.0,23.0,27.0,18.0,22.0,27.0,17.0,21.0,25.0,26671.0,36807,University of North Texas,UNT|North Texas|Mean Grean,1501 W.Chestnut Ave.,Denton,TX,76203-1277,www.unt.edu/,www.unt.edu/admissions/index.html,financialaid.unt.edu/,apply.unt.edu/,0.72461759991306
227368,470.0,520.0,570.0,440.0,500.0,540.0,16.0,19.0,22.0,15.0,18.0,22.0,16.0,18.0,21.0,11486.0,13542,The University of Texas Rio Grande Valley,UT Rio Grande Valley | UTRGV | University of Texas Rio Grande Valley |,1201 W University Dr,Edinburg,TX,78539-2999,www.utrgv.edu/,www.utrgv.edu/en-us/admissions/,www.utrgv.edu/en-us/admissions/paying-for-college/financial-aid/,https://www.applytexas.org/,0.8481760448973563
227526,440.0,480.0,520.0,410.0,460.0,510.0,16.0,18.0,20.0,14.0,17.0,20.0,15.0,17.0,20.0,6609.0,8777,Prairie View A & M University,PVAMU,FM 1098 Road & University Drive,Prairie View,TX,77446,www.pvamu.edu/,www.pvamu.edu/admissions/undergraduate/,www.pvamu.edu/faid/,www.applytexas.org/adappc/gen/c_start.WBX?s_logon_msg=Y,0.7529907713341688
227757,730.0,760.0,770.0,770.0,790.0,800.0,34.0,35.0,36.0,35.0,35.0,36.0,33.0,35.0,36.0,2447.0,31059,Rice University, ,6100 S Main St,Houston,TX,77005-1827,www.rice.edu/,futureowls.rice.edu/home.aspx,financialaid.rice.edu/,admission.rice.edu/apply,0.0787855372033871
227845,530.0,590.0,640.0,500.0,550.0,595.0,20.0,22.0,25.0,20.0,22.0,26.0,17.0,20.0,23.0,4696.0,5611,Saint Edward's University,"St. Edward's University, St. Edward's",3001 S Congress Ave,Austin,TX,78704-6489,https://www.stedwards.edu/,https://www.stedwards.edu/admission-financial-aid,https://www.stedwards.edu/admission-financial-aid/undergraduate/new-freshmen/financial-aid,https://www.stedwards.edu/apply,0.8369274639101765
227863,545.0,610.0,680.0,530.0,590.0,660.0,22.0,25.0,28.0,23.0,24.0,27.0,19.0,23.0,25.0,1485.0,1591,University of St Thomas, ,3800 Montrose Blvd,Houston,TX,77006-4696,https://www.stthom.edu/,https://www.stthom.edu/Admissions/Index.aqf,https://www.stthom.edu/Scholarships-and-Financial-Aid/Index.aqf,https://myust.stthom.edu/apply/,0.933375235700817
227881,480.0,530.0,580.0,460.0,520.0,560.0,19.0,21.0,25.0,20.0,23.0,28.0,16.0,19.0,23.0,15014.0,17582,Sam Houston State University,SHSU,1806 Ave J,Huntsville,TX,77340,www.shsu.edu/,www.shsu.edu/admissions,www.shsu.edu/~fao_www/,www.shsu.edu/admissions/apply-texas.html,0.853941531111364
228246,660.0,700.0,730.0,660.0,710.0,750.0,30.0,32.0,34.0,31.0,34.0,35.0,27.0,30.0,32.0,9240.0,15092,Southern Methodist University,SMU,6425 Boaz St,Dallas,TX,75275-0221,https://www.smu.edu/,https://www.smu.edu/admission,https://www.smu.edu/Admission/FinancialAid,https://www.smu.edu/Admission/Apply,0.6122448979591837
228325,463.0,510.0,560.0,463.0,500.0,550.0,17.0,19.0,22.0,15.0,18.0,23.0,16.0,18.0,22.0,518.0,615,Southwestern Assemblies of God University,SAGU,1200 Sycamore,Waxahachie,TX,75165,www.sagu.edu/,https://www.sagu.edu/admissions/sagu-admissions-online-on-campus-graduate-studies,https://www.sagu.edu/financial-aid/college-scholarships-grants-and-loans,https://www.sagu.edu/admissions/college-application,0.8422764227642277
228343,600.0,640.0,690.0,570.0,610.0,650.0,24.0,28.0,30.0,23.0,26.0,31.0,22.0,26.0,27.0,2573.0,6585,Southwestern University,SU,1001 E. University Avenue,Georgetown,TX,78626,https://www.southwestern.edu/,https://www.southwestern.edu/admission/,https://www.southwestern.edu/scholarships-financial-aid/,https://admission.southwestern.edu/apply/,0.39073652239939255
228431,500.0,540.0,590.0,480.0,530.0,570.0,18.0,21.0,25.0,17.0,21.0,24.0,17.0,20.0,24.0,11112.0,12591,Stephen F Austin State University,"SFASU, SFA, Stephen F, Stephen F. Austin","2008 Alumni Drive, Rusk 206",Nacogdoches,TX,75961,https://www.sfasu.edu/,https://www.sfasu.edu/admissions/,https://www.sfasu.edu/admissions-and-aid#section=financial-aid,https://www.sfasu.edu/admissions-and-aid,0.8825351441505838
228459,500.0,553.0,610.0,480.0,531.0,580.0,19.0,23.0,26.0,18.0,22.0,25.0,17.0,21.0,25.0,33273.0,37183,Texas State University,Texas State|Texas State University-San Marcos|Southwest Texas State University|Southwest Texas State|SWT|SWTSU|Texas State San Marcos|TxSt|TxState|TS|,601 University Dr,San Marcos,TX,78666,https://www.txst.edu/,https://www.txst.edu/admissions.html,https://www.finaid.txst.edu/,https://prod.applytexas.org/,0.8948444181480785
228468,465.0,525.0,610.0,445.0,510.0,590.0,17.0,19.0,25.0,17.0,20.0,26.0,15.0,17.0,23.0,815.0,1468,Southwestern Adventist University, ,100 W Hillcrest,Keene,TX,76059,www.swau.edu/,swau.edu/admissions-aid/admissions-requirements,swau.edu/admissions-aid/apply-aid,https://apps.swau.edu/admissions/,0.5551771117166212
228501,473.0,510.0,568.0,460.0,505.0,530.0,13.0,15.0,21.0,11.0,15.0,18.0,16.0,16.0,21.0,1026.0,1073,Sul Ross State University,Sul Ross,HWY 90 East,Alpine,TX,79832,www.sulross.edu/,www.sulross.edu/admissions/undergraduate-admissions/,www.sulross.edu/financial-aid/,www.goapplytexas.org/,0.9561975768872321
228529,490.0,530.0,580.0,470.0,530.0,570.0,19.0,21.0,24.0,17.0,20.0,24.0,17.0,20.0,24.0,8239.0,8746,Tarleton State University,Tarleton|Texans|TSU|Tarleton State|,1333 W. Washington,Stephenville,TX,76401-0000,www.tarleton.edu/,www.tarleton.edu/admissions/,www.tarleton.edu/finaid/,tarletonstate.force.com/undergrad/TX_SiteLogin_Undergrad?startURL=%2Fundergrad%2FTargetX_Portal__PB,0.9420306425794649
228723,570.0,630.0,680.0,570.0,630.0,700.0,25.0,28.0,31.0,23.0,27.0,32.0,24.0,26.0,29.0,32149.0,50832,Texas A & M University-College Station,Texas A&M University,1246 TAMU,College Station,TX,77843-1246,https://www.tamu.edu/,https://admissions.tamu.edu/,https://financialaid.tamu.edu/,https://admissions.tamu.edu/freshman/apply,0.6324559332703809
228769,500.0,560.0,620.0,490.0,550.0,610.0,18.0,23.0,26.0,17.0,21.0,26.0,17.0,21.0,25.0,18799.0,23126,The University of Texas at Arlington,UT Arlington,701 S. Nedderman Dr.,Arlington,TX,76013,https://www.uta.edu/,https://www.uta.edu/admissions,https://www.uta.edu/fao,https://www.applytexas.org/,0.8128945775317824
228778,620.0,680.0,730.0,610.0,690.0,760.0,27.0,31.0,33.0,26.0,32.0,35.0,25.0,29.0,33.0,19253.0,66109,The University of Texas at Austin,UT Austin,110 Inner Campus Drive,Austin,TX,78705,https://www.utexas.edu/,https://www.admissions.utexas.edu/,https://www.finaid.utexas.edu/,https://www.utexas.edu/apply,0.29123114855768506
228787,580.0,640.0,690.0,590.0,650.0,720.0,25.0,29.0,32.0,24.0,27.0,31.0,24.0,29.0,34.0,19224.0,29366,The University of Texas at Dallas,UT Dallas,800 West Campbell  Road,Richardson,TX,75080-3021,www.utdallas.edu/,enroll.utdallas.edu/,finaid.utdallas.edu/,enroll.utdallas.edu/freshman/,0.6546346114554247
228796,440.0,500.0,550.0,430.0,480.0,540.0,17.0,20.0,23.0,16.0,19.0,23.0,16.0,19.0,22.0,11160.0,11171,The University of Texas at El Paso,UTEP,500 W. University Ave,El Paso,TX,79968-0691,https://www.utep.edu/,https://www.utep.edu/student-affairs/admissions/,https://www.utep.edu/student-affairs/financialaid/,https://www.applytexas.org/,0.9990153074926148
228802,510.0,560.0,620.0,500.0,550.0,600.0,19.0,22.0,25.0,19.0,23.0,27.0,17.0,22.0,25.0,5054.0,5521,The University of Texas at Tyler,UT Tyler,3900 University Blvd,Tyler,TX,75799-6699,https://www.uttyler.edu/,https://www.uttyler.edu/admissions/,https://www.uttyler.edu/financialaid/,https://www.uttyler.edu/apply/,0.9154138742981344
228875,580.0,640.0,690.0,570.0,630.0,685.0,26.0,29.0,31.0,26.0,30.0,34.0,25.0,27.0,30.0,8740.0,20517,Texas Christian University,TCU,2800 S University Dr,Fort Worth,TX,76129,https://www.tcu.edu/,https://admissions.tcu.edu/,https://financialaid.tcu.edu/,https://admissions.tcu.edu/apply/,0.42598820490325096
228981,520.0,570.0,620.0,510.0,550.0,610.0,22.0,23.0,28.0,20.0,22.0,26.0,19.0,20.0,25.0,1473.0,1554,Texas Lutheran University,TLU,1000 W. Court St,Seguin,TX,78155-5999,www.tlu.edu/,www.tlu.edu/admissions,www.tlu.edu/finaid,https://www.tlu.edu/admissions/applying-to-tlu/,0.9478764478764479
229018,470.0,520.0,560.0,440.0,520.0,550.0,16.0,17.0,20.0,14.0,16.0,20.0,16.0,17.0,20.0,1451.0,1718,The University of Texas Permian Basin,UT Permian Basin,4901 E University,Odessa,TX,79762-0001,https://www.utpb.edu/,https://www.utpb.edu/admissions,https://www.utpb.edu/campus-life/financial-aid,https://www.utpb.edu/admissions/apply-now!,0.8445867287543656
229027,510.0,560.0,610.0,490.0,540.0,590.0,19.0,22.0,26.0,17.0,21.0,25.0,17.0,21.0,25.0,19900.0,22497,The University of Texas at San Antonio,UTSA,One UTSA Circle,San Antonio,TX,78249-1644,www.utsa.edu/,www.utsa.edu/admissions/,www.utsa.edu/financialaid/,www.applytexas.org/,0.8845623860959239
229063,420.0,470.0,510.0,380.0,430.0,490.0,15.0,17.0,19.0,13.0,16.0,19.0,15.0,16.0,17.0,7344.0,7867,Texas Southern University,TSU,3100 Cleburne St,Houston,TX,77004,www.tsu.edu/,www.tsu.edu/admissions/freshman-admissions,www.tsu.edu/admissions/financial-aid,www.applytexas.org/,0.9335197661116055
229115,550.0,590.0,640.0,540.0,580.0,630.0,22.0,25.0,28.0,21.0,23.0,27.0,21.0,24.0,27.0,24116.0,34020,Texas Tech University, ,Broadway and University Avenue,Lubbock,TX,79409-5005,www.ttu.edu/,www.gototexastech.com/,www.depts.ttu.edu/financialaid/,www.depts.ttu.edu/admissions/apply/,0.7088771310993534
229160,490.0,530.0,580.0,480.0,540.0,570.0,16.0,19.0,23.0,16.0,21.0,24.0,16.0,18.0,22.0,2948.0,4725,Texas Wesleyan University, ,1201 Wesleyan St,Fort Worth,TX,76105-1536,www.txwes.edu/,www.txwes.edu/admissions,txwes.edu/admissions/scholarships-and-aid/,https://txwes.edu/admissions/pre-app/,0.6239153439153439
229267,670.0,700.0,735.0,650.0,690.0,730.0,30.0,32.0,33.0,30.0,33.0,35.0,26.0,29.0,31.0,3217.0,11425,Trinity University,Trinity,One Trinity Place,San Antonio,TX,78212-7200,https://new.trinity.edu/,https://new.trinity.edu/admissions-aid,https://inside.trinity.edu/student-financial-services,https://new.trinity.edu/apply-now,0.28157549234135665
229814,490.0,540.0,590.0,470.0,520.0,570.0,18.0,21.0,24.0,16.0,20.0,23.0,17.0,19.0,24.0,4657.0,4784,West Texas A & M University,WTAMU,2501 4th Ave,Canyon,TX,79016-0001,https://www.wtamu.edu/,https://www.wtamu.edu/admissions,https://www.wtamu.edu/financialaid,https://www.wtamu.edu/admissions/apply/index.html,0.9734531772575251
230038,650.0,680.0,720.0,640.0,680.0,730.0,28.0,30.0,32.0,27.0,31.0,34.0,26.0,28.0,31.0,7615.0,11006,Brigham Young University,BYU,Main Campus,Provo,UT,84602,https://byu.edu/,https://enrollment.byu.edu/admissions,https://enrollment.byu.edu/financial-aid,https://churchofjesuschrist.org/church-education/apply-to-church-schools?lang=eng,0.6918953298200982
230047,500.0,540.0,608.0,485.0,515.0,583.0,21.0,22.0,25.0,20.0,22.0,25.0,18.0,22.0,25.0,481.0,1270,Brigham Young University-Hawaii,BYUH  BYUHC  BYU Hawaii  BYU Hawaii Campus  Brigham Young University Hawaii  Brigham Young University Hawaii Campus  BYU-H  BYU-HC  BYU-Hawaii  BYU-Hawaii Campus  Brigham Young University Hawaii Campus  BYU - H  BYU - HC  BYU - Hawaii  BYU - Hawaii Campus  Brigham Young University - Hawaii  Brigham Young University - Hawaii Campus  BYUHawaii  BYUHawaii Campus,55-220 Kulanui Street,Laie,HI,96762-1294,www.byuh.edu/,admissions.byuh.edu/,financialaid.byuh.edu/,www.besmart.com/,0.378740157480315
230728,530.0,600.0,660.0,530.0,580.0,640.0,20.0,24.0,28.0,19.0,23.0,28.0,18.0,23.0,27.0,18097.0,19331,Utah State University, ,Old Main Hill,Logan,UT,84322-1400,https://www.usu.edu/,https://www.usu.edu/admissions/,https://www.usu.edu/financial-support/,https://www.usu.edu/admissions/apply/,0.9361647095339093
230764,590.0,640.0,698.0,590.0,640.0,700.0,22.0,25.0,29.0,21.0,25.0,30.0,7.0,8.0,8.0,20046.0,22996,University of Utah,The U,"201 Presidents Circle, ROOM 201",Salt Lake City,UT,84112-9008,www.utah.edu/,admissions.utah.edu/,financialaid.utah.edu/,admissions.utah.edu/apply/,0.8717168203165768
230807,598.0,680.0,718.0,550.0,565.0,660.0,23.0,26.0,29.0,23.0,27.0,31.0,20.0,24.0,26.0,1813.0,2634,Westminster University,Westminster|Westminster College Salt Lake|Westminster College Salt Lake City|Westminster College Salt Lake City Utah|Westminster College of Salt Lake|Westminster College of Salt Lake City|Westminster College of Salt Lake City Utah|Westminster Griffins|Griffins|Salt Lake Griffins|Utah Griffins,1840 South 1300 East,Salt Lake City,UT,84105,www.westminstercollege.edu/,www.westminstercollege.edu/admissions/,https://catalog.westminstercollege.edu/current/graduate/admission/financial-aid-gr.html,https://www.westminstercollege.edu/undergraduate/how-to-apply,0.6883067577828398
230816,690.0,715.0,740.0,600.0,635.0,673.0,30.0,30.0,32.0,29.0,35.0,36.0,25.0,29.0,34.0,1357.0,2825,Bennington College,Bennington,One College Drive,Bennington,VT,05201-6003,https://www.bennington.edu/,https://www.bennington.edu/admissions-and-financial-aid,https://www.bennington.edu/admissions/apply/financing-your-education,https://myfinancialaid.bennington.edu/NetPartnerStudent/Logon.aspx?ReturnUrl=%2fNetPartnerStudent%2fDefault.aspx,0.48035398230088494
230852,605.0,650.0,680.0,560.0,600.0,660.0,27.0,28.0,31.0,27.0,30.0,31.0,22.0,26.0,28.0,3534.0,5297,Champlain College, ,163 S Willard St,Burlington,VT,05401,www.champlain.edu/,www.champlain.edu/admissions/undergraduate-admissions,www.champlain.edu/admissions/undergraduate-admissions/financial-aid-undergraduate,www.champlain.edu/undergraduate-studies/admission/applying-to-champlain.html,0.6671700962809137
230995,540.0,600.0,650.0,520.0,590.0,670.0,20.0,24.0,27.0,20.0,24.0,27.0,19.0,23.0,26.0,3796.0,5157,Norwich University, ,158 Harmon Drive,Northfield,VT,05663-1035,www.norwich.edu/,www.norwich.edu/admissions,www.norwich.edu/financial-aid,https://www.norwich.edu/admissions/apply,0.7360868722125267
231059,600.0,640.0,680.0,550.0,580.0,630.0,22.0,29.0,30.0,23.0,25.0,29.0,21.0,27.0,29.0,2424.0,2639,Saint Michael's College, ,One Winooski Park,Colchester,VT,05439,www.smcvt.edu/,www.smcvt.edu/admission-aid/,www.smcvt.edu/admission-aid/financial-aid/,www.smcvt.edu/admission-aid/apply/,0.9185297461159531
231174,640.0,680.0,720.0,610.0,660.0,700.0,29.0,31.0,32.0,29.0,33.0,35.0,26.0,28.0,31.0,16947.0,28236,University of Vermont,UVM,85 S Prospect St,Burlington,VT,05405-0160,www.uvm.edu/,www.uvm.edu/admissions,www.uvm.edu/studentfinancialservices,www.uvm.edu/admissions/undergraduate/first_year_applicants,0.6001912452188696
231581,530.0,600.0,660.0,540.0,610.0,715.0,28.0,29.0,29.0,27.0,28.0,29.0,24.0,27.0,28.0,3618.0,3984,Bridgewater College,BC|Bridgewater,402 E College St,Bridgewater,VA,22812-1599,https://www.bridgewater.edu/,https://www.bridgewater.edu/admissions-aid/,https://www.bridgewater.edu/admissions-aid/tuition-and-financial-aid/financial-aid/,https://www.bridgewater.edu/admissions-aid/apply/,0.9081325301204819
231624,695.0,730.0,750.0,670.0,720.0,760.0,32.0,33.0,34.0,33.0,35.0,35.0,28.0,31.0,33.0,5741.0,17548,William & Mary,William & Mary,200 Richmond Road,Williamsburg,VA,23187-8795,https://www.wm.edu/,https://www.wm.edu/admission/,https://www.wm.edu/financialaid/,https://www.wm.edu/admission/,0.32715979028949166
231651,540.0,610.0,640.0,510.0,550.0,610.0,21.0,24.0,26.0,20.0,24.0,29.0,18.0,23.0,25.0,2990.0,7261,Regent University, ,1000 Regent University Dr,Virginia Beach,VA,23464,https://www.regent.edu/,https://www.regent.edu/admissions-aid/,https://www.regent.edu/tuition-aid/financial-aid/,https://www.regent.edu/apply-now/,0.41178900977826743
232025,530.0,590.0,630.0,500.0,550.0,610.0,21.0,25.0,30.0,19.0,23.0,27.0,20.0,25.0,26.0,2262.0,2349,Emory & Henry University, ,30461 Garnand Drive,Emory,VA,24327-0947,www.ehc.edu/,www.ehc.edu/admission,www.ehc.edu/admission/cost-financial-aid,https://www.ehc.edu/admission/apply-now/,0.9629629629629629
232186,580.0,630.0,670.0,560.0,610.0,670.0,25.0,28.0,30.0,24.0,27.0,31.0,23.0,26.0,28.0,20057.0,22579,George Mason University,Mason,4400 University Dr,Fairfax,VA,22030-4444,https://www2.gmu.edu/,https://www2.gmu.edu/admissions-aid,https://www2.gmu.edu/admissions-aid/financial-aid,https://www2.gmu.edu/admissions-aid/apply-now,0.8883032906683201
232256,540.0,580.0,620.0,520.0,560.0,610.0,22.0,27.0,31.0,20.0,22.0,30.0,21.0,25.0,28.0,1115.0,2224,Hampden-Sydney College,"HSC, Hampden-Sydney, H-SC",College Road,Hampden-Sydney,VA,23943-0128,www.hsc.edu/,www.hsc.edu/admissions-and-financial-aid,www.hsc.edu/admissions-and-financial-aid/financial-aid,www.hsc.edu/admissions-and-financial-aid/apply,0.5013489208633094
232265,400.0,543.0,626.0,457.0,535.0,600.0,12.0,19.0,24.0,17.0,22.0,26.0,13.0,19.0,25.0,5850.0,12119,Hampton University, ,200 William R. Harvey Way,Hampton,VA,23668-0099,www.hamptonu.edu/,www.hamptonu.edu/studentservices/admissions,www.hamptonu.edu/studentservices/financialaid,www.hamptonu.edu/studentservices/admissions/apply.htm,0.48271309513986305
232308,550.0,650.0,710.0,550.0,590.0,620.0,23.0,27.0,29.0,23.0,26.0,29.0,22.0,24.0,26.0,2120.0,2992,Hollins University,Hollins College,7916 Williamson Rd NW,Roanoke,VA,24020,www.hollins.edu/,https://www.hollins.edu/admission/,https://www.hollins.edu/admission/undergraduate-financial-aid-scholarships/,https://admissions.hollins.edu/apply/,0.7085561497326203
232681,600.0,650.0,690.0,540.0,590.0,640.0,23.0,26.0,31.0,23.0,26.0,32.0,19.0,25.0,28.0,3973.0,4606,University of Mary Washington,Mary Washington College,1301 College Ave,Fredericksburg,VA,22401-5300,https://www.umw.edu/,https://www.umw.edu/admissions/,https://www.umw.edu/financialaid/,https://www.umw.edu/admissions/apply/,0.8625705601389492
232982,570.0,610.0,660.0,540.0,580.0,630.0,22.0,24.0,27.0,21.0,24.0,26.0,20.0,23.0,25.0,13773.0,15216,Old Dominion University,"ODU, Old Dominion",5115 Hampton Blvd,Norfolk,VA,23529,www.odu.edu/,www.odu.edu/admission,www.odu.edu/finaidoffice,www.odu.edu/admission/apply,0.9051656151419558
233277,490.0,540.0,610.0,460.0,510.0,560.0,19.0,22.0,26.0,17.0,19.0,25.0,19.0,22.0,26.0,10036.0,11072,Radford University, ,801 East Main St.,Radford,VA,24142,https://www.radford.edu/,https://www.radford.edu/admissions,https://www.radford.edu/finaid,https://www.radford.edu/apply,0.9064306358381503
233295,530.0,580.0,630.0,510.0,555.0,580.0,22.0,26.0,29.0,20.0,28.0,32.0,17.0,24.0,28.0,2185.0,2620,Randolph-Macon College,Randolph-Macon,204 Henry St,Ashland,VA,23005-5505,https://www.rmc.edu/,https://www.rmc.edu/admissions-and-aid/,https://www.rmc.edu/admissions-and-aid/tuition-and-aid/,https://www.rmc.edu/admissions-and-aid/how-to-apply/,0.833969465648855
233301,520.0,555.0,580.0,440.0,545.0,630.0,20.0,22.0,24.0,15.0,22.0,25.0,16.0,21.0,24.0,1837.0,1935,Randolph College,Randolph|Randolph-Macon Woman's College|Randolph Macon Women's College|Randolph-Macon Womens College|Randolph Macon Womens College|R-MWC|RMWC|Randolf-Macon Women's College|Randolf Macon Women's College|Randolf|Randolph Lynchburg|RC|Lynchburg Randolph,2500 Rivermont Ave,Lynchburg,VA,24503-1555,www.randolphcollege.edu/,www.randolphcollege.edu/admission/,www.randolphcollege.edu/financialaid/,www.randolphcollege.edu/apply/,0.9493540051679586
233426,560.0,600.0,650.0,530.0,580.0,620.0,22.0,26.0,30.0,24.0,30.0,33.0,19.0,23.0,27.0,5468.0,6829,Roanoke College, ,221 College Lane,Salem,VA,24153-3794,https://www.roanoke.edu/,https://www.roanoke.edu/admissions,https://www.roanoke.edu/finaid,https://www.roanoke.edu/apply,0.8007028847561869
233611,480.0,590.0,658.0,463.0,560.0,595.0,18.0,21.0,25.0,16.0,21.0,25.0,17.0,20.0,21.0,1097.0,1101,Southern Virginia University,SVU,1 University Hill Drive,Buena Vista,VA,24416,https://svu.edu/,svu.edu/admissions/contact/,svu.edu/admissions/tuition-and-payments/,svu.edu/application/,0.9963669391462306
233718,560.0,630.0,670.0,540.0,600.0,640.0,21.0,25.0,27.0,20.0,23.0,29.0,17.0,20.0,24.0,815.0,1136,Sweet Briar College, ,134 Chapel Drive,Sweet Briar,VA,24595-9998,www.sbc.edu/,www.sbc.edu/admissions/,www.sbc.edu/financial-aid/,www.sbc.edu/admissions/apply/,0.7174295774647887
233897,470.0,540.0,615.0,465.0,520.0,560.0,20.0,23.0,25.0,19.0,21.0,25.0,19.0,23.0,25.0,1328.0,1414,University of Virginia's College at Wise,UVA Wise,1 College Avenue,Wise,VA,24293-4400,https://www.uvawise.edu/,https://www.uvawise.edu/admissions/incoming-freshmen,https://www.uvawise.edu/affordability/scholarships-aid,https://www.uvawise.edu/apply,0.9391796322489392
233921,620.0,660.0,700.0,620.0,670.0,720.0,27.0,30.0,32.0,25.0,29.0,33.0,25.0,28.0,31.0,26923.0,47208,Virginia Polytechnic Institute and State University,Virginia Tech,"210 Burruss Hall, 800 Drillfield Dr.",Blacksburg,VA,24061-0131,www.vt.edu/,vt.edu/admissions/undergraduate.html,www.finaid.vt.edu/,vt.edu/apply.html,0.5703058803592611
234030,530.0,600.0,650.0,500.0,560.0,620.0,22.0,26.0,30.0,21.0,26.0,31.0,20.0,25.0,27.0,17729.0,19052,Virginia Commonwealth University,VCU,910 W Franklin St,Richmond,VA,23284-2512,https://www.vcu.edu/,https://www.vcu.edu/admissions/,https://sfs.vcu.edu/,https://www.vcu.edu/admissions/apply/,0.9305584715515431
234076,700.0,730.0,750.0,710.0,760.0,780.0,32.0,33.0,34.0,33.0,35.0,35.0,29.0,32.0,35.0,9533.0,56528,University of Virginia-Main Campus,University of Virginia  UVa  UVA,1827 University Avenue,Charlottesville,VA,22903-2628,https://www.virginia.edu/,https://admission.virginia.edu/,https://sfs.virginia.edu/,https://www.virginia.edu/apply,0.16864208887630908
234085,530.0,590.0,640.0,510.0,580.0,620.0,22.0,25.0,28.0,23.0,25.0,26.0,21.0,23.0,28.0,957.0,1171,Virginia Military Institute,VMI,VMI Parade,Lexington,VA,24450-0304,www.vmi.edu/,www.vmi.edu/admissions-and-aid/,www.vmi.edu/about/offices-a-z/financial-aid/,www.vmi.edu/admissions-and-aid/apply/,0.8172502134927413
234173,560.0,650.0,670.0,580.0,620.0,680.0,28.0,28.0,29.0,25.0,28.0,31.0,25.0,26.0,26.0,1890.0,2651,Virginia Wesleyan University,VWU | Marlins | VA Wesleyan | Wesleyan,5817 Wesleyan Drive,Virginia Beach,VA,23455,https://www.vwu.edu/,https://www.vwu.edu/enrollment-aid/,https://www.vwu.edu/enrollment-aid/financial-aid/,https://www.vwu.edu/enrollment-aid/apply-now.php,0.7129385137683892
234207,710.0,730.0,750.0,700.0,760.0,780.0,32.0,34.0,35.0,34.0,35.0,35.0,29.0,32.0,34.0,1184.0,6820,Washington and Lee University,"Washington and Lee, W&L, WLU",204 West Washington Street,Lexington,VA,24450-2116,www.wlu.edu/,www.wlu.edu/admissions,www.wlu.edu/admissions/financial-aid/,www.wlu.edu/admissions/applying/,0.17360703812316716
235167,470.0,600.0,670.0,420.0,530.0,590.0,22.0,26.0,26.0,20.0,23.0,30.0,17.0,19.0,24.0,1403.0,1443,The Evergreen State College,Evergreen |TESC|,2700 Evergreen Pkwy NW,Olympia,WA,98505-0001,https://www.evergreen.edu/,https://www.evergreen.edu/admissions-and-aid,https://www.evergreen.edu/admissions-and-aid/financial-aid,https://www.evergreen.edu/admissions-and-aid,0.9722799722799723
235316,620.0,660.0,710.0,600.0,655.0,700.0,26.0,28.0,31.0,25.0,28.0,32.0,25.0,27.0,30.0,7239.0,9530,Gonzaga University, ,E 502 Boone Ave,Spokane,WA,99258-0001,https://www.gonzaga.edu/,https://www.gonzaga.edu/admission,https://www.gonzaga.edu/admission/tuition-scholarships-aid/financial-aid,https://www.gonzaga.edu/admission,0.759601259181532
236133,520.0,600.0,660.0,520.0,600.0,665.0,24.0,25.0,29.0,17.0,24.0,31.0,18.0,27.0,28.0,516.0,586,Northwest University, ,5520 108th Ave NE,Kirkland,WA,98083-0579,www.northwestu.edu/,www.northwestu.edu/home,www.northwestu.edu/financialaid/,https://www.northwestu.edu/admissions/apply/,0.8805460750853242
236230,515.0,575.0,630.0,473.0,555.0,628.0,21.0,24.0,27.0,20.0,25.0,27.0,19.0,24.0,26.0,3333.0,4139,Pacific Lutheran University,PLU,12180 Park Ave South,Tacoma,WA,98447-0003,www.plu.edu/,www.plu.edu/admission/,www.plu.edu/financial-aid/,www.plu.edu/admission/first-year/,0.8052669726987195
236328,615.0,670.0,710.0,570.0,640.0,680.0,27.0,30.0,31.0,25.0,29.0,34.0,24.0,26.0,28.0,4232.0,5548,University of Puget Sound, ,1500 N. Warner Street,Tacoma,WA,98416,www.pugetsound.edu/,www.pugetsound.edu/admission/,www.pugetsound.edu/admission/cost-aid,www.pugetsound.edu/admission/apply/,0.7627974044700793
236452,500.0,545.0,590.0,470.0,525.0,590.0,14.0,19.0,22.0,11.0,16.0,19.0,15.0,15.0,16.0,2637.0,3473,Saint Martin's University, ,5000 Abbey Way SE,Lacey,WA,98503-7500,https://www.stmartin.edu/,https://www.stmartin.edu/admissions-aid,https://www.stmartin.edu/admissions-aid/financial-aid,https://www.stmartin.edu/admissions-aid/how-to-apply,0.7592859199539304
236577,530.0,600.0,660.0,520.0,600.0,660.0,20.0,23.0,28.0,19.0,23.0,29.0,18.0,23.0,26.0,2556.0,2806,Seattle Pacific University,SPU,3307 3rd Ave W,Seattle,WA,98119-1997,https://spu.edu/,https://spu.edu/undergraduate-admissions,https://spu.edu/student-financial-services,https://spu.edu/undergraduate-admissions/apply,0.9109052031361369
236595,570.0,630.0,670.0,560.0,630.0,680.0,23.0,27.0,30.0,23.0,28.0,33.0,23.0,26.0,28.0,6826.0,8976,Seattle University,Seattle U,900 Broadway,Seattle,WA,98122-4340,www.seattleu.edu/,www.seattleu.edu/admission/undergraduate,www.seattleu.edu/sfs/,www.seattleu.edu/undergraduate-admissions/apply/,0.7604723707664884
237011,570.0,640.0,690.0,540.0,590.0,660.0,23.0,26.0,29.0,22.0,26.0,31.0,21.0,25.0,27.0,13005.0,14243,Western Washington University, ,516 High Street,Bellingham,WA,98225-9008,wwu.edu/,admissions.wwu.edu/,finaid.wwu.edu/,admissions.wwu.edu/apply,0.9130801095274872
237057,650.0,690.0,740.0,620.0,670.0,740.0,27.0,30.0,33.0,26.0,31.0,35.0,25.0,29.0,32.0,3092.0,6185,Whitman College, ,345 Boyer Ave,Walla Walla,WA,99362,www.whitman.edu/,www.whitman.edu/admission-and-aid,www.whitman.edu/admission-and-aid/financial-aid-and-costs,www.whitman.edu/admission-and-aid/applying-to-whitman,0.4999191592562652
237066,560.0,620.0,670.0,540.0,590.0,650.0,21.0,25.0,29.0,20.0,24.0,30.0,20.0,24.0,26.0,4113.0,4740,Whitworth University,Whitworth College,300 W Hawthorne Rd,Spokane,WA,99251,www.whitworth.edu/,https://www.whitworth.edu/cms/administration/admissions,https://www.whitworth.edu/cms/administration/financial-aid,https://www.whitworth.edu/apply-now,0.8677215189873417
237136,528.0,595.0,630.0,500.0,520.0,570.0,18.0,19.0,23.0,16.0,21.0,24.0,16.0,17.0,23.0,69.0,70,Appalachian Bible College,ABC,161 College Drive,Mount Hope,WV,25880-9557,https://abc.edu/,https://abc.edu/undergraduate/admissions/,https://abc.edu/undergraduate/costs-and-aid/financial-aid/,https://abc.edu/undergraduate/admissions/apply/,0.9857142857142858
237215,440.0,490.0,540.0,430.0,485.0,540.0,17.0,20.0,22.0,15.0,18.0,21.0,16.0,19.0,21.0,628.0,720,Bluefield State University, ,219 Rock Street,Bluefield,WV,24701-2198,https://bluefieldstate.edu/,https://bluefieldstate.edu/admissions,https://bluefieldstate.edu/tuition/financial-aid,https://bluefieldstate.edu/admissions/apply,0.8722222222222222
237330,440.0,490.0,550.0,400.0,460.0,530.0,17.0,20.0,22.0,15.0,20.0,23.0,16.0,18.0,21.0,2130.0,2376,Concord University, ,1000 Vermillion Street,Athens,WV,24712,https://www.concord.edu/,https://www.concord.edu/admissions,https://www.concord.edu/financial-aid,https://www.concord.edu/Admissions/Apply-Now.aspx,0.8964646464646465
237358,450.0,500.0,575.0,430.0,485.0,550.0,1.0,5.0,14.0,1.0,2.0,9.0,1.0,5.0,7.0,541.0,929,Davis & Elkins College,"Davis and Elkins College, D&E College, D&E",100 Campus Dr,Elkins,WV,26241-3996,www.dewv.edu/,www.dewv.edu/admissions/,www.dewv.edu/admissions/afford/,https://www.dewv.edu/apply/,0.5823466092572659
237367,450.0,510.0,560.0,380.0,455.0,480.0,17.0,20.0,23.0,16.0,20.0,23.0,16.0,19.0,22.0,1964.0,1979,Fairmont State University,Fairmont State College,1201 Locust Ave,Fairmont,WV,26554-2470,https://www.fairmontstate.edu/,https://www.fairmontstate.edu/admissions,https://www.fairmontstate.edu/financial-aid,https://www.fairmontstate.edu/apply,0.9924204143506822
237525,470.0,530.0,580.0,420.0,490.0,550.0,18.0,21.0,24.0,18.0,21.0,25.0,17.0,19.0,24.0,6269.0,6499,Marshall University, ,1 John Marshall Dr,Huntington,WV,25755,https://www.marshall.edu/,https://www.marshall.edu/admissions/,https://www.marshall.edu/sfa/,https://www.marshall.edu/admissions/apply/,0.9646099399907678
237792,470.0,520.0,580.0,430.0,490.0,560.0,20.0,22.0,24.0,20.0,22.0,26.0,17.0,20.0,23.0,1715.0,1793,Shepherd University, ,301 North King St,Shepherdstown,WV,25443,www.shepherd.edu/,www.shepherd.edu/admissions,www.shepherd.edu/financialaid,www.shepherd.edu/admissions/apply-to-shepherd,0.9564974902398216
237899,430.0,495.0,550.0,400.0,460.0,523.0,16.0,20.0,22.0,14.0,19.0,22.0,15.0,17.0,19.0,4303.0,4465,West Virginia State University,WVSU; STATE,Rte 25,Institute,WV,25112-1000,www.wvstateu.edu/,www.wvstateu.edu/Admissions.aspx,www.wvstateu.edu/Admissions/Financial-Aid.aspx,wvstateu.edu/Admissions/APPLY-NOW.aspx,0.9637178051511758
237932,470.0,520.0,585.0,420.0,490.0,540.0,18.0,21.0,24.0,16.0,21.0,24.0,16.0,19.0,23.0,1498.0,2077,West Liberty University, ,208 University Drive,West Liberty,WV,26074,www.westliberty.edu/,www.westliberty.edu/admissions/,www.westliberty.edu/financial-aid/,www.westliberty.edu/admissions/apply-now/,0.7212325469427058
237950,470.0,520.0,570.0,430.0,505.0,550.0,18.0,21.0,24.0,16.0,21.0,24.0,17.0,19.0,23.0,613.0,1005,West Virginia University Institute of Technology,West Virginia University Tech,512 South Kanawha Street,Beckley,WV,25801,www.wvutech.edu/,admissions.wvutech.edu/,financialaid.wvutech.edu/,https://admissions.wvutech.edu/apply,0.609950248756219
237969,460.0,520.0,580.0,418.0,500.0,563.0,18.0,21.0,23.0,17.0,21.0,24.0,17.0,20.0,23.0,1343.0,1413,West Virginia Wesleyan College, ,59 College Ave,Buckhannon,WV,26201-2994,www.wvwc.edu/,www.wvwc.edu/admissions,https://www.wvwc.edu/admissions-aid/financial-aid-scholarships/,https://secure.cfwv.com/applications/west_virginia_wesleyan_college/apply.html,0.9504600141542817
238032,520.0,570.0,630.0,490.0,550.0,610.0,20.0,23.0,26.0,20.0,22.0,26.0,18.0,22.0,26.0,17129.0,19857,West Virginia University, ,PO Box 6201,Morgantown,WV,26506,www.wvu.edu/,admissions.wvu.edu/,financialaid.wvu.edu/,https://admissions.wvu.edu/how-to-apply,0.8626177166742207
238333,630.0,680.0,720.0,580.0,600.0,640.0,26.0,29.0,31.0,26.0,28.0,33.0,25.0,26.0,30.0,2245.0,3914,Beloit College, ,700 College St,Beloit,WI,53511-5595,www.beloit.edu/,www.beloit.edu/admission,www.beloit.edu/offices/financial-aid/,www.beloit.edu/admission/apply,0.5735820132856413
238458,530.0,570.0,610.0,520.0,590.0,650.0,22.0,25.0,28.0,21.0,24.0,28.0,20.0,24.0,27.0,3488.0,5972,Carroll University, ,100 N East Ave,Waukesha,WI,53186,www.carrollu.edu/,www.carrollu.edu/admissions,www.carrollu.edu/financial-aid,https://www.carrollu.edu/apply,0.5840589417280643
238476,490.0,550.0,605.0,510.0,550.0,600.0,19.0,22.0,26.0,19.0,23.0,26.0,19.0,23.0,26.0,6769.0,8044,Carthage College,Carthage,2001 Alford Park Dr,Kenosha,WI,53140-1994,www.carthage.edu/,www.carthage.edu/admissions/,www.carthage.edu/admissions/afford/,www.carthage.edu/admissions/apply/,0.8414967677772253
239017,600.0,650.0,720.0,600.0,660.0,710.0,27.0,30.0,32.0,26.0,31.0,35.0,24.0,27.0,30.0,2199.0,3489,Lawrence University,Lawrence,College Ave,Appleton,WI,54911,https://www.lawrence.edu/,https://www.lawrence.edu/admissions-aid,https://www.lawrence.edu/offices/financial-aid,https://www.lawrence.edu/admissions-aid/apply,0.6302665520206363
239071,500.0,580.0,650.0,480.0,530.0,570.0,19.0,23.0,27.0,21.0,25.0,29.0,17.0,21.0,25.0,146.0,206,Maranatha Baptist University,"MBBC, Maranatha College, Maranatha, Maranatha Baptist College, Maranatha Bible College, Maranatha Baptist Bible College, Marantha, Maranatha University, Maranatha Baptist University, MBU, Maranatha Bible University",745 West Main Street,Watertown,WI,53094,www.mbu.edu/,www.mbu.edu/mbu-admissions/faq/,https://www.mbu.edu/finances/financial-aid/,www.mbu.edu/apply/,0.7087378640776699
239105,600.0,640.0,680.0,590.0,640.0,680.0,26.0,28.0,31.0,25.0,28.0,32.0,24.0,27.0,29.0,13672.0,15636,Marquette University, ,1250 W Wisconsin Avenue,Milwaukee,WI,53233,www.marquette.edu/,www.marquette.edu/admissions,www.marquette.edu/mucentral/financialaid/resources-applying-aid.shtml,www.marquette.edu/explore/apply-today.php,0.8743924277308774
239309,520.0,560.0,620.0,420.0,490.0,520.0,20.0,24.0,28.0,20.0,23.0,28.0,18.0,23.0,27.0,665.0,1059,Milwaukee Institute of Art & Design,MIAD,273 E Erie St,Milwaukee,WI,53202-6003,www.miad.edu/,www.miad.edu/admissions/admissions-staff,www.miad.edu/financial-aid/types-of-financial-aid/your-financial-aid-staff,www.miad.edu/applynow,0.6279508970727101
239512,558.0,600.0,720.0,538.0,560.0,598.0,21.0,23.0,25.0,20.0,23.0,26.0,19.0,20.0,25.0,642.0,894,Northland College, ,1411 Ellis Avenue,Ashland,WI,54806-3999,https://www.northland.edu/,https://www.northland.edu/admissions/,https://www.northland.edu/admissions/financial-aid/,https://www.northland.edu/admissions/,0.7181208053691275
239716,533.0,580.0,610.0,533.0,565.0,610.0,22.0,26.0,29.0,21.0,25.0,29.0,21.0,25.0,28.0,3076.0,3338,Saint Norbert College,SNC,100 Grant St,De Pere,WI,54115-2099,www.snc.edu/,www.snc.edu/admission/,www.snc.edu/affordability/,www.snc.edu/admission/how-to-apply/,0.9215098861593769
240107,520.0,555.0,670.0,520.0,575.0,710.0,22.0,24.0,27.0,21.0,24.0,27.0,21.0,23.0,26.0,1025.0,1399,Viterbo University,Viterbo,900 Viterbo Drive,La Crosse,WI,54601-8804,https://www.viterbo.edu/,https://www.viterbo.edu/admissions-and-aid,https://www.viterbo.edu/financial-aid,https://www.viterbo.edu/apply-viterbo-university,0.7326661901358112
240338,540.0,600.0,660.0,520.0,570.0,640.0,22.0,25.0,28.0,21.0,24.0,28.0,21.0,25.0,27.0,1460.0,1847,Wisconsin Lutheran College,"WLC, Wisconsin Lutheran",8800 W Bluemound Rd,Milwaukee,WI,53226-4699,www.wlc.edu/,www.wlc.edu/admissions-and-aid/,www.wlc.edu/financial-aid/,https://admissions.wlc.edu/apply/,0.7904710341093666
240444,660.0,700.0,730.0,700.0,750.0,780.0,28.0,30.0,32.0,27.0,31.0,34.0,26.0,29.0,32.0,27529.0,63505,University of Wisconsin-Madison, ,500 Lincoln Dr,Madison,WI,53706-1380,www.wisc.edu/,https://www.admissions.wisc.edu/,https://financialaid.wisc.edu/,https://www.commonapp.org/,0.43349342571451066
243665,420.0,480.0,530.0,380.0,430.0,490.0,14.0,19.0,20.0,14.0,21.0,23.0,15.0,16.0,16.0,838.0,860,University of the Virgin Islands,UVI,2 John Brewers Bay,Charlotte Amalie,VI,00802-9990,www.uvi.edu/,https://www.uvi.edu/enrollment/admissions/default.aspx,https://www.uvi.edu/enrollment/financial-aid/default.aspx,https://www.uvi.edu/enrollment/admissions/admissions-apply_online_instructions.aspx,0.9744186046511628
243744,740.0,760.0,780.0,770.0,790.0,800.0,34.0,35.0,35.0,35.0,35.0,36.0,32.0,35.0,35.0,2099.0,53733,Stanford University, , ,Stanford,CA,94305,www.stanford.edu/,admission.stanford.edu/,financialaid.stanford.edu/,commonapp.org/,0.03906351776375784
243780,590.0,650.0,710.0,600.0,670.0,750.0,27.0,31.0,34.0,26.0,31.0,35.0,26.0,30.0,33.0,36763.0,73083,Purdue University-Main Campus,Purdue-West Lafayette|Purdue|PU|Purdue-WL,Hovde Hall of Administration,West Lafayette,IN,47907-2040,https://www.purdue.edu/,https://www.purdue.edu/purdue/admissions/,https://www.purdue.edu/dfa/,https://www.admissions.purdue.edu/apply/apply.php,0.503030800596582
244437,440.0,490.0,560.0,410.0,480.0,540.0,15.0,17.0,21.0,13.0,16.0,21.0,15.0,16.0,19.0,13012.0,13065,Georgia State University-Perimeter College, ,33 Gilmer St.,Atlanta,GA,30303-3083,perimeter.gsu.edu/,perimeter.gsu.edu/admissions/,perimeter.gsu.edu/student-financial-services/,perimeter.gsu.edu/how-do-i-apply/,0.9959433601224646
245652,680.0,700.0,750.0,580.0,660.0,700.0,27.0,30.0,31.0,29.0,31.0,34.0,25.0,27.0,28.0,229.0,463,St. John's College, ,1160 Camino Cruz Blanca,Santa Fe,NM,87505-4599,www.sjc.edu/,www.sjc.edu/admissions-and-aid,www.sjc.edu/admissions-and-aid/financial-aid,www.sjc.edu/admissions-and-aid/undergraduate/apply,0.4946004319654428
262129,530.0,580.0,650.0,500.0,550.0,600.0,20.0,23.0,27.0,20.0,23.0,27.0,17.0,21.0,24.0,1568.0,2119,New College of Florida, ,5800 Bay Shore Road,Sarasota,FL,34243-2109,www.ncf.edu/,www.ncf.edu/admissions/,ncf.edu/financial-aid,www.ncf.edu/admissions/first-year-students/,0.7399716847569608
377555,560.0,650.0,700.0,610.0,710.0,770.0,32.0,33.0,34.0,32.0,34.0,35.0,27.0,32.0,34.0,4383.0,4776,University of Washington-Bothell Campus,"UWB, UW-B, UW-Bothell",18115 Campus Way NE,Bothell,WA,98011-8246,https://www.uwb.edu/,https://www.uwb.edu/admissions,https://www.uwb.edu/financial-aid,https://www.coalitionforcollegeaccess.org/,0.917713567839196
426314,540.0,590.0,650.0,530.0,565.0,610.0,24.0,27.0,32.0,23.0,27.0,33.0,25.0,28.0,31.0,1264.0,2047,Embry-Riddle Aeronautical University-Worldwide,Embry Riddle Aeronautical University-Worldwide,1 Aerospace Blvd.,Daytona Beach,FL,32114-3900,worldwide.erau.edu/,worldwide.erau.edu/admissions,worldwide.erau.edu/admissions/financial-aid,worldwide.erau.edu/admissions/apply,0.6174890083048363
433660,530.0,570.0,620.0,510.0,550.0,590.0,20.0,22.0,25.0,20.0,22.0,25.0,18.0,21.0,25.0,12318.0,16050,Florida Gulf Coast University, ,10501 Fgcu Blvd S,Fort Myers,FL,33965-6565,www.fgcu.edu/,https://www.fgcu.edu/admissionsandaid/undergraduateadmissions/,https://www.fgcu.edu/admissionsandaid/financialaid/,https://fgcu.elluciancrmrecruit.com/Apply/Account/Login?ReturnUrl=%2fapply,0.7674766355140187
436836,480.0,550.0,620.0,480.0,530.0,610.0,16.0,21.0,25.0,14.0,19.0,23.0,16.0,19.0,22.0,5710.0,7121,University of Connecticut-Stamford, ,One University Place,Stamford,CT,06901-2315,https://stamford.uconn.edu/,https://admissions.uconn.edu/,https://financialaid.uconn.edu/,https://admissions.uconn.edu/apply,0.8018536722370454
440396,590.0,620.0,680.0,580.0,600.0,650.0,24.0,27.0,29.0,24.0,27.0,30.0,20.0,24.0,28.0,108.0,126,New Saint Andrews College,NSA,405 S. Main Street,Moscow,ID,83843-1525,nsa.edu/,nsa.edu/admissions/visit,nsa.edu/admissions/scholarships/,nsa.edu/admissions/apply/,0.8571428571428571
441982,720.0,750.0,770.0,760.0,780.0,790.0,34.0,35.0,35.0,34.0,35.0,35.0,32.0,35.0,36.0,201.0,928,Franklin W Olin College of Engineering,Olin College of Engineering,1000 Olin Way,Needham,MA,02492-1200,www.olin.edu/,www.olin.edu/admission,www.olin.edu/admission/costs-financial-aid/,www.olin.edu/admission/apply/,0.2165948275862069
443410,590.0,650.0,700.0,580.0,620.0,690.0,28.0,31.0,32.0,26.0,28.0,33.0,26.0,28.0,30.0,570.0,838,DigiPen Institute of Technology,DIT|DigiPen|,9931 Willows Rd NE,Redmond,WA,98052,https://www.digipen.edu/,https://www.digipen.edu/admissions,https://www.digipen.edu/admissions/financial-aid,https://connect.digipen.edu/apply/,0.6801909307875895
445692,410.0,485.0,585.0,460.0,485.0,490.0,24.0,24.0,28.0,17.0,21.0,26.0,22.0,24.0,28.0,1004.0,1125,Neumont College of Computer Science, ,143 South Main Street,Salt Lake City,UT,84111-1917,https://www.neumont.edu/,https://www.neumont.edu/future-students,https://neumont.edu/tuition-aid,https://admission.neumont.edu/login,0.8924444444444445
445708,460.0,520.0,600.0,460.0,490.0,540.0,16.0,19.0,22.0,13.0,17.0,21.0,16.0,17.0,22.0,3521.0,4677,Johnson & Wales University-Charlotte, ,"Academic Center, 801 West Trade Street",Charlotte,NC,28202,https://www.jwu.edu/campuses/charlotte/,https://www.jwu.edu/admissions/visit-jwu/charlotte/index.html,https://www.jwu.edu/campuses/charlotte/admissions-and-aid/contact-us/the-financial-aid-team.html,https://apply.jwu.edu/?_ga=2.226896733.1144428041.1661956580-1253747645.1659483415,0.7528330126149241
451927,650.0,700.0,750.0,570.0,630.0,680.0,26.0,30.0,31.0,30.0,32.0,35.0,23.0,27.0,30.0,182.0,222,Patrick Henry College,PHC,10 Patrick Henry Circle,Purcellville,VA,20132,https://www.phc.edu/,https://www.phc.edu/admissions,https://www.phc.edu/financial-aid,https://campus.phc.edu/applicationportal/acctcreate,0.8198198198198198
454227,400.0,420.0,420.0,370.0,390.0,430.0,14.0,16.0,17.0,13.0,14.0,15.0,15.0,16.0,16.0,62.0,70,Chamberlain University-Illinois,Chamberlain College of Nursing-Addison Chamberlain College of Nursing-Chicago Chamberlain College of Nursing-Tinley Park,1221 N. Swift Road,Addison,IL,60101,https://www.chamberlain.edu/, ,https://www.chamberlain.edu/admissions/financial-aid-scholarships,https://community.chamberlain.edu/s/application,0.8857142857142857
455196,460.0,470.0,530.0,455.0,485.0,560.0,17.0,18.0,22.0,17.0,17.0,21.0,17.0,19.0,22.0,364.0,536,Jersey College, ,546 U.S. Highway 46,Teterboro,NJ,07608,https://www.jerseycollege.edu/,https://www.jerseycollege.edu/admissions,https://www.jerseycollege.edu/financial-aid/,https://www.jerseycollege.edu/admissions,0.6791044776119403
459949,430.0,480.0,540.0,420.0,470.0,530.0,15.0,18.0,21.0,14.0,16.0,21.0,16.0,18.0,21.0,7151.0,7773,Texas A&M University-San Antonio,A&M-SA,One University Way,San Antonio,TX,78224,www.tamusa.edu/,www.tamusa.edu/admissions/index.html,www.tamusa.edu/financialaid/index.html,https://prod.applytexas.org/,0.9199794159269266
462354,560.0,606.0,690.0,530.0,560.0,570.0,21.0,25.0,27.0,22.0,24.0,27.0,18.0,18.0,24.0,222.0,280,John Paul the Great Catholic University,JPCatholic,155 W. Grand Ave,Escondido,CA,92025,https://jpcatholic.edu/,https://jpcatholic.edu/admission/index.php,https://jpcatholic.edu/admission/cost/index.php,https://jpcatholic.edu/admission/application1.php,0.7928571428571428
463056,480.0,540.0,610.0,480.0,540.0,600.0,20.0,22.0,28.0,19.0,22.0,30.0,16.0,22.0,24.0,2424.0,2804,University of Connecticut-Hartford Campus, ,10 Prospect Street,Hartford,CT,06103,https://hartford.uconn.edu/,https://admissions.uconn.edu/,https://financialaid.uconn.edu/,https://admissions.uconn.edu/apply,0.8644793152639088
464226,480.0,500.0,530.0,430.0,470.0,520.0,15.0,18.0,21.0,13.0,16.0,22.0,16.0,17.0,20.0,542.0,1359,Ottawa University-Surprise,OUAZ-Surprise,15950 N. Civic Center Plaza,Surprise,AZ,85374,www.ottawa.edu/ouaz/home,www.ottawa.edu/ouaz/admissions/admissions-process,www.ottawa.edu/ouaz/admissions/financial-aid,www.ottawa.edu/ouaz/apply-now,0.398822663723326
479956,550.0,630.0,690.0,550.0,590.0,650.0,18.0,22.0,30.0,19.0,21.0,32.0,17.0,22.0,27.0,708.0,882,Pennsylvania State University-World Campus, ,President's Office 201 Old Main,University Park,PA,16802-1503,https://www.worldcampus.psu.edu/,https://www.worldcampus.psu.edu/admissions,https://www.worldcampus.psu.edu/tuition-and-financial-aid, ,0.8027210884353742
482149,520.0,570.0,630.0,500.0,540.0,600.0,19.0,22.0,26.0,18.0,21.0,25.0,17.0,20.0,25.0,5262.0,5892,Augusta University, ,1120 15th St,Augusta,GA,30912,www.augusta.edu/,www.augusta.edu/admissions,www.augusta.edu/finaid,https://gafutures.xap.com/applications/Augusta_University/introduction.asp?application_id=4020,0.8930753564154786
482158,480.0,550.0,610.0,460.0,520.0,570.0,16.0,19.0,22.0,15.0,17.0,21.0,16.0,18.0,22.0,3867.0,3876,Middle Georgia State University, ,100 University Parkway,Macon,GA,31206,https://www.mga.edu/,https://www.mga.edu/admissions/,https://www.mga.edu/financial-aid/,https://gafutures.xap.com/applications/usg/usg_common_app_short/introduction.asp?application_id=4019,0.9976780185758514
482477,485.0,520.0,580.0,505.0,530.0,550.0,19.0,20.0,23.0,19.0,20.0,23.0,17.0,19.0,23.0,2731.0,6314,DeVry University-Illinois,DeVry University-Addison  DeVry University-Chicago  DeVry University-Chicago Loop  DeVry University-Gurnee  DeVry University-Naperville  DeVry University-Tinley Park,"4225 Naperville Rd, Suite 400",Lisle,IL,60532,https://www.devry.edu/,https://www.devry.edu/admissions.html,https://www.devry.edu/tuition-financial-aid/financial-aid.html,https://dv.secure.force.com/sswa/dvu/us/2?vc=170005&intcmp=Header|ApplyNow,0.43253088375039594
482680,520.0,580.0,620.0,500.0,550.0,595.0,19.0,23.0,25.0,17.0,22.0,25.0,18.0,22.0,25.0,8394.0,11633,University of North Georgia,UNG,82 College Circle,Dahlonega,GA,30597,www.ung.edu/,ung.edu/landing/admissions.php,ung.edu/financial-aid/index.php,https://gafutures.xap.com/applications/University_of_North_Georgia/introduction.asp?application_id=4021,0.7215679532364824
482936,590.0,640.0,680.0,590.0,640.0,690.0,24.0,28.0,30.0,22.0,26.0,31.0,24.0,27.0,30.0,1449.0,2600,Florida Polytechnic University,Florida Poly,4700 Research Way,Lakeland,FL,33805-8531,floridapoly.edu/,floridapoly.edu/admissions/,floridapoly.edu/admissions/tuition-financial-aid/,https://floridapoly.force.com/Apply/ApplicationRegistration,0.5573076923076923
484473,640.0,670.0,700.0,615.0,650.0,690.0,27.0,29.0,31.0,26.0,30.0,33.0,24.0,26.0,28.0,927.0,1440,University of Florida-Online, ,341 Tigert Hall  300 SW 13th St,Gainesville,FL,32611,https://www.ufonline.ufl.edu/,https://www.admissions.ufl.edu/start.html,https://www.sfa.ufl.edu/,https://www.ufonline.ufl.edu/admissions,0.64375
484905,415.0,470.0,510.0,405.0,440.0,480.0,14.0,17.0,21.0,11.0,16.0,18.0,13.0,16.0,20.0,3697.0,3939,University of North Texas at Dallas,UNTD,7300 University Hills Drive,Dallas,TX,75241,untdallas.edu/,https://www.untdallas.edu/admissions/,https://www.untdallas.edu/finaid/,https://www.applytexas.org/,0.9385630870779386
485698,520.0,560.0,610.0,530.0,570.0,620.0,18.0,23.0,26.0,17.0,22.0,25.0,18.0,23.0,26.0,36.0,58,American College of the Building Arts, ,649 Meeting Street,Charleston,SC,29403-4223,acba.edu/,acba.edu/admissions,acba.edu/financial-aid-1,acba.edu/admissions,0.6206896551724138
486840,520.0,570.0,620.0,500.0,550.0,600.0,19.0,22.0,25.0,17.0,21.0,24.0,17.0,21.0,25.0,16008.0,23138,Kennesaw State University,KSU,1000 Chastain Rd,Kennesaw,GA,30144,www.kennesaw.edu/,www.kennesaw.edu/admissions.php,financialaid.kennesaw.edu/,www.kennesaw.edu/apply.php,0.6918489065606361
486901,580.0,600.0,640.0,540.0,610.0,650.0,21.0,24.0,27.0,21.0,23.0,28.0,20.0,23.0,26.0,818.0,1164,Milligan University,Milligan,1 Blowers Blvd.,Milligan,TN,37682,www.milligan.edu/,https://www.milligan.edu/admission,https://www.milligan.edu/sfs/,https://www.milligan.edu/admissions/apply/,0.7027491408934707
490805,470.0,520.0,570.0,450.0,510.0,570.0,16.0,21.0,25.0,16.0,20.0,25.0,18.0,21.0,25.0,4516.0,6394,Purdue University Northwest,Purdue Northwest | PNW,2200 169th Street,Hammond,IN,46323,www.pnw.edu/,www.pnw.edu/admissions-financial-aid/,www.pnw.edu/financial-aid/,www.pnw.edu/admissions-financial-aid/undergraduate/how-to-apply,0.7062871441976853
494685,490.0,515.0,570.0,430.0,500.0,540.0,18.0,20.0,23.0,17.0,20.0,23.0,16.0,18.0,21.0,104.0,124,Urshan College, ,155 Urshan Way,Wentzville,MO,63385,urshancollege.org/,https://urshancollege.org/admissions,https://urshancollege.org/financial-aid,https://urshancollege.org/admissions/application-checklist/application,0.8387096774193549
498562,490.0,550.0,600.0,480.0,540.0,580.0,18.0,23.0,25.0,16.0,22.0,24.0,17.0,20.0,25.0,7327.0,7733,Commonwealth University of Pennsylvania, ,400 East Second Street,Bloomsburg,PA,17815,https://www.commonwealthu.edu/,https://www.commonwealthu.edu/cu-admissions,https://www.bloomu.edu/admissions-aid,https://apply.commonwealthu.edu/portal/application,0.9474977369714211
498571,480.0,540.0,590.0,460.0,530.0,580.0,20.0,22.0,26.0,20.0,22.0,25.0,18.0,23.0,26.0,5796.0,6189,Pennsylvania Western University,PennWest University,250 University Avenue,California,PA,15419,https://www.pennwest.edu/,https://www.pennwest.edu/admissions,https://www.pennwest.edu/tuition-and-aid,https://www.pennwest.edu/apply,0.9365002423654871
